  0
SECTION
  2
HEADER
  9
$ACADVER
  1
AC1021
  9
$ACADMAINTVER
 70
    25
  9
$DWGCODEPAGE
  3
ANSI_1252
  9
$COMMENTS
  1
File was created by SpaceClaim
  9
$LASTSAVEDBY
  1
cdter
  9
$INSBASE
 10
0.0
 20
0.0
 30
0.0
  9
$EXTMIN
 10
-9.720264324630211
 20
-113.6900033903118
 30
-87.05000181794213
  9
$EXTMAX
 10
17.00000092387141
 20
-66.31900339031183
 30
-87.05000181794209
  9
$LIMMIN
 10
0.0
 20
0.0
  9
$LIMMAX
 10
420.0
 20
297.0
  9
$ORTHOMODE
 70
     0
  9
$REGENMODE
 70
     1
  9
$FILLMODE
 70
     1
  9
$QTEXTMODE
 70
     0
  9
$MIRRTEXT
 70
     1
  9
$LTSCALE
 40
1.0
  9
$ATTMODE
 70
     1
  9
$TEXTSIZE
 40
2.5
  9
$TRACEWID
 40
1.0
  9
$TEXTSTYLE
  7
Standard
  9
$CLAYER
  8
0
  9
$CELTYPE
  6
ByLayer
  9
$CECOLOR
 62
   256
  9
$CELTSCALE
 40
1.0
  9
$DISPSILH
 70
     0
  9
$DIMSCALE
 40
1.0
  9
$DIMASZ
 40
2.5
  9
$DIMEXO
 40
0.625
  9
$DIMDLI
 40
3.75
  9
$DIMRND
 40
0.0
  9
$DIMDLE
 40
0.0
  9
$DIMEXE
 40
1.25
  9
$DIMTP
 40
0.0
  9
$DIMTM
 40
0.0
  9
$DIMTXT
 40
2.5
  9
$DIMCEN
 40
2.5
  9
$DIMTSZ
 40
0.0
  9
$DIMTOL
 70
     0
  9
$DIMLIM
 70
     0
  9
$DIMTIH
 70
     1
  9
$DIMTOH
 70
     0
  9
$DIMSE1
 70
     0
  9
$DIMSE2
 70
     0
  9
$DIMTAD
 70
     1
  9
$DIMZIN
 70
     8
  9
$DIMBLK
  1

  9
$DIMASO
 70
     1
  9
$DIMSHO
 70
     1
  9
$DIMPOST
  1
mm
  9
$DIMAPOST
  1

  9
$DIMALT
 70
     0
  9
$DIMALTD
 70
     3
  9
$DIMALTF
 40
0.0393700787401575
  9
$DIMLFAC
 40
1.0
  9
$DIMTOFL
 70
     1
  9
$DIMTVP
 40
0.0
  9
$DIMTIX
 70
     0
  9
$DIMSOXD
 70
     0
  9
$DIMSAH
 70
     0
  9
$DIMBLK1
  1

  9
$DIMBLK2
  1

  9
$DIMSTYLE
  2
ISO-25
  9
$DIMCLRD
 70
     0
  9
$DIMCLRE
 70
     0
  9
$DIMCLRT
 70
     0
  9
$DIMTFAC
 40
1.0
  9
$DIMGAP
 40
0.625
  9
$DIMJUST
 70
     0
  9
$DIMSD1
 70
     0
  9
$DIMSD2
 70
     0
  9
$DIMTOLJ
 70
     0
  9
$DIMTZIN
 70
     8
  9
$DIMALTZ
 70
     0
  9
$DIMALTTZ
 70
     8
  9
$DIMUPT
 70
     0
  9
$DIMDEC
 70
     2
  9
$DIMTDEC
 70
     2
  9
$DIMALTU
 70
     2
  9
$DIMALTTD
 70
     3
  9
$DIMTXSTY
  7
Standard
  9
$DIMAUNIT
 70
     0
  9
$DIMADEC
 70
     1
  9
$DIMALTRND
 40
0.0
  9
$DIMAZIN
 70
     0
  9
$DIMDSEP
 70
    46
  9
$DIMATFIT
 70
     3
  9
$DIMFRAC
 70
     0
  9
$DIMLDRBLK
  1

  9
$DIMLUNIT
 70
     2
  9
$DIMLWD
 70
    -2
  9
$DIMLWE
 70
    -2
  9
$DIMTMOVE
 70
     0
  9
$DIMFXL
 40
1.0
  9
$DIMFXLON
 70
     0
  9
$DIMJOGANG
 40
0.7853981633974483
  9
$DIMTFILL
 70
     0
  9
$DIMTFILLCLR
 70
     0
  9
$DIMARCSYM
 70
     0
  9
$DIMLTYPE
  6

  9
$DIMLTEX1
  6

  9
$DIMLTEX2
  6

  9
$LUNITS
 70
     2
  9
$LUPREC
 70
     4
  9
$SKETCHINC
 40
1.0
  9
$FILLETRAD
 40
0.0
  9
$AUNITS
 70
     0
  9
$AUPREC
 70
     0
  9
$MENU
  1
.
  9
$ELEVATION
 40
0.0
  9
$PELEVATION
 40
0.0
  9
$THICKNESS
 40
0.0
  9
$LIMCHECK
 70
     0
  9
$CHAMFERA
 40
0.0
  9
$CHAMFERB
 40
0.0
  9
$CHAMFERC
 40
0.0
  9
$CHAMFERD
 40
0.0
  9
$SKPOLY
 70
     0
  9
$TDCREATE
 40
2460753.964886898
  9
$TDUCREATE
 40
2460754.173220232
  9
$TDUPDATE
 40
2460753.964899479
  9
$TDUUPDATE
 40
2460754.173232812
  9
$TDINDWG
 40
0.0000000116
  9
$TDUSRTIMER
 40
0.0000000116
  9
$USRTIMER
 70
     1
  9
$ANGBASE
 50
0.0
  9
$ANGDIR
 70
     0
  9
$PDMODE
 70
     0
  9
$PDSIZE
 40
0.0
  9
$PLINEWID
 40
0.0
  9
$SPLFRAME
 70
     0
  9
$SPLINETYPE
 70
     6
  9
$SPLINESEGS
 70
     8
  9
$HANDSEED
  5
781
  9
$SURFTAB1
 70
     6
  9
$SURFTAB2
 70
     6
  9
$SURFTYPE
 70
     6
  9
$SURFU
 70
     6
  9
$SURFV
 70
     6
  9
$UCSBASE
  2

  9
$UCSNAME
  2

  9
$UCSORG
 10
0.0
 20
0.0
 30
0.0
  9
$UCSXDIR
 10
1.0
 20
0.0
 30
0.0
  9
$UCSYDIR
 10
0.0
 20
1.0
 30
0.0
  9
$UCSORTHOREF
  2

  9
$UCSORTHOVIEW
 70
     0
  9
$UCSORGTOP
 10
0.0
 20
0.0
 30
0.0
  9
$UCSORGBOTTOM
 10
0.0
 20
0.0
 30
0.0
  9
$UCSORGLEFT
 10
0.0
 20
0.0
 30
0.0
  9
$UCSORGRIGHT
 10
0.0
 20
0.0
 30
0.0
  9
$UCSORGFRONT
 10
0.0
 20
0.0
 30
0.0
  9
$UCSORGBACK
 10
0.0
 20
0.0
 30
0.0
  9
$PUCSBASE
  2

  9
$PUCSNAME
  2

  9
$PUCSORG
 10
0.0
 20
0.0
 30
0.0
  9
$PUCSXDIR
 10
1.0
 20
0.0
 30
0.0
  9
$PUCSYDIR
 10
0.0
 20
1.0
 30
0.0
  9
$PUCSORTHOREF
  2

  9
$PUCSORTHOVIEW
 70
     0
  9
$PUCSORGTOP
 10
0.0
 20
0.0
 30
0.0
  9
$PUCSORGBOTTOM
 10
0.0
 20
0.0
 30
0.0
  9
$PUCSORGLEFT
 10
0.0
 20
0.0
 30
0.0
  9
$PUCSORGRIGHT
 10
0.0
 20
0.0
 30
0.0
  9
$PUCSORGFRONT
 10
0.0
 20
0.0
 30
0.0
  9
$PUCSORGBACK
 10
0.0
 20
0.0
 30
0.0
  9
$USERI1
 70
     0
  9
$USERI2
 70
     0
  9
$USERI3
 70
     0
  9
$USERI4
 70
     0
  9
$USERI5
 70
     0
  9
$USERR1
 40
0.0
  9
$USERR2
 40
0.0
  9
$USERR3
 40
0.0
  9
$USERR4
 40
0.0
  9
$USERR5
 40
0.0
  9
$WORLDVIEW
 70
     1
  9
$SHADEDGE
 70
     3
  9
$SHADEDIF
 70
    70
  9
$TILEMODE
 70
     1
  9
$MAXACTVP
 70
    64
  9
$PINSBASE
 10
0.0
 20
0.0
 30
0.0
  9
$PLIMCHECK
 70
     0
  9
$PEXTMIN
 10
1.000000000000000E+20
 20
1.000000000000000E+20
 30
1.000000000000000E+20
  9
$PEXTMAX
 10
-1.000000000000000E+20
 20
-1.000000000000000E+20
 30
-1.000000000000000E+20
  9
$PLIMMIN
 10
0.0
 20
0.0
  9
$PLIMMAX
 10
420.0
 20
297.0
  9
$UNITMODE
 70
     0
  9
$VISRETAIN
 70
     1
  9
$PLINEGEN
 70
     0
  9
$PSLTSCALE
 70
     1
  9
$TREEDEPTH
 70
  3020
  9
$CMLSTYLE
  2
Standard
  9
$CMLJUST
 70
     0
  9
$CMLSCALE
 40
20.0
  9
$PROXYGRAPHICS
 70
     1
  9
$MEASUREMENT
 70
     1
  9
$CELWEIGHT
370
    -1
  9
$ENDCAPS
280
     0
  9
$JOINSTYLE
280
     0
  9
$LWDISPLAY
290
     0
  9
$INSUNITS
 70
     4
  9
$HYPERLINKBASE
  1

  9
$STYLESHEET
  1

  9
$XEDIT
290
     1
  9
$CEPSNTYPE
380
     0
  9
$PSTYLEMODE
290
     1
  9
$FINGERPRINTGUID
  2
{b2a26805-0c21-40b7-a20a-94cf3437b47d}
  9
$VERSIONGUID
  2
{FAEB1C32-E019-11D5-929B-00C0DF256EC4}
  9
$EXTNAMES
290
     1
  9
$PSVPSCALE
 40
0.0
  9
$OLESTARTUP
290
     0
  9
$SORTENTS
280
   127
  9
$INDEXCTL
280
     0
  9
$HIDETEXT
280
     1
  9
$XCLIPFRAME
290
     0
  9
$HALOGAP
280
     0
  9
$OBSCOLOR
 70
   257
  9
$OBSLTYPE
280
     0
  9
$INTERSECTIONDISPLAY
280
     0
  9
$INTERSECTIONCOLOR
 70
   257
  9
$DIMASSOC
280
     2
  9
$PROJECTNAME
  1

  9
$CAMERADISPLAY
290
     0
  9
$LENSLENGTH
 40
50.0
  9
$CAMERAHEIGHT
 40
0.0
  9
$STEPSPERSEC
 40
2.0
  9
$STEPSIZE
 40
6.0
  9
$3DDWFPREC
 40
2.0
  9
$PSOLWIDTH
 40
5.0
  9
$PSOLHEIGHT
 40
80.0
  9
$LOFTANG1
 40
1.570796326794897
  9
$LOFTANG2
 40
1.570796326794897
  9
$LOFTMAG1
 40
0.0
  9
$LOFTMAG2
 40
0.0
  9
$LOFTPARAM
 70
     7
  9
$LOFTNORMALS
280
     1
  9
$LATITUDE
 40
37.795
  9
$LONGITUDE
 40
-122.394
  9
$NORTHDIRECTION
 40
0.0
  9
$TIMEZONE
 70
 -8000
  9
$LIGHTGLYPHDISPLAY
280
     1
  9
$TILEMODELIGHTSYNCH
280
     1
  9
$CMATERIAL
347
44
  9
$SOLIDHIST
280
     0
  9
$SHOWHIST
280
     1
  9
$DWFFRAME
280
     2
  9
$DGNFRAME
280
     2
  9
$REALWORLDSCALE
290
     1
  9
$INTERFERECOLOR
 62
   256
  9
$CSHADOW
280
     0
  9
$SHADOWPLANELOCATION
 40
0.0
  0
ENDSEC
  0
SECTION
  2
CLASSES
  0
CLASS
  1
ACDBDICTIONARYWDFLT
  2
AcDbDictionaryWithDefault
  3
ObjectDBX Classes
 90
        0
 91
        3
280
     0
281
     0
  0
CLASS
  1
VISUALSTYLE
  2
AcDbVisualStyle
  3
ObjectDBX Classes
 90
     4095
 91
        3
280
     0
281
     0
  0
CLASS
  1
MATERIAL
  2
AcDbMaterial
  3
ObjectDBX Classes
 90
     1153
 91
        3
280
     0
281
     0
  0
CLASS
  1
SCALE
  2
AcDbScale
  3
ObjectDBX Classes
 90
     1153
 91
        3
280
     0
281
     0
  0
CLASS
  1
TABLESTYLE
  2
AcDbTableStyle
  3
ObjectDBX Classes
 90
     4095
 91
        3
280
     0
281
     0
  0
CLASS
  1
MLEADERSTYLE
  2
AcDbMLeaderStyle
  3
ACDB_MLEADERSTYLE_CLASS
 90
     4095
 91
        3
280
     0
281
     0
  0
CLASS
  1
SUN
  2
AcDbSun
  3
SCENEOE
 90
     1153
 91
        3
280
     0
281
     0
  0
CLASS
  1
DICTIONARYVAR
  2
AcDbDictionaryVar
  3
ObjectDBX Classes
 90
        0
 91
        3
280
     0
281
     0
  0
CLASS
  1
CELLSTYLEMAP
  2
AcDbCellStyleMap
  3
ObjectDBX Classes
 90
     1152
 91
        3
280
     0
281
     0
  0
ENDSEC
  0
SECTION
  2
TABLES
  0
TABLE
  2
VPORT
  5
8
330
0
100
AcDbSymbolTable
 70
     1
  0
VPORT
  5
29
330
8
100
AcDbSymbolTableRecord
100
AcDbViewportTableRecord
  2
*Active
 70
     0
 10
0.0
 20
0.0
 11
1.0
 21
1.0
 12
3.639868299620598
 22
-90.00450339031184
 13
0.0
 23
0.0
 14
10.0
 24
10.0
 15
10.0
 25
10.0
 16
0.0
 26
0.0
 36
1.0
 17
0.0
 27
0.0
 37
0.0
 40
47.37100000000001
 41
0.5640637784404301
 42
50.0
 43
0.0
 44
0.0
 50
0.0
 51
0.0
 71
     0
 72
   100
 73
     1
 74
     3
 75
     0
 76
     0
 77
     0
 78
     0
281
     0
 65
     1
110
0.0
120
0.0
130
0.0
111
1.0
121
0.0
131
0.0
112
0.0
122
1.0
132
0.0
 79
     0
146
0.0
348
2F
 60
     3
 61
     5
292
     1
282
     1
141
0.0
142
0.0
 63
   250
361
5D
  0
ENDTAB
  0
TABLE
  2
LTYPE
  5
5
330
0
100
AcDbSymbolTable
 70
     2
  0
LTYPE
  5
14
330
5
100
AcDbSymbolTableRecord
100
AcDbLinetypeTableRecord
  2
ByBlock
 70
     0
  3

 72
    65
 73
     0
 40
0.0
  0
LTYPE
  5
15
330
5
100
AcDbSymbolTableRecord
100
AcDbLinetypeTableRecord
  2
ByLayer
 70
     0
  3

 72
    65
 73
     0
 40
0.0
  0
LTYPE
  5
16
330
5
100
AcDbSymbolTableRecord
100
AcDbLinetypeTableRecord
  2
Continuous
 70
     0
  3
Solid line
 72
    65
 73
     0
 40
0.0
  0
LTYPE
  5
2A5
330
5
100
AcDbSymbolTableRecord
100
AcDbLinetypeTableRecord
  2
HIDDEN
 70
     0
  3
- - - - - - - - - - - - - - - - - - - - -
 72
    65
 73
     2
 40
9.524999999999999
 49
6.35
 74
     0
 49
-3.175
 74
     0
  0
ENDTAB
  0
TABLE
  2
LAYER
  5
2
330
0
100
AcDbSymbolTable
 70
     2
  0
LAYER
  5
10
330
2
100
AcDbSymbolTableRecord
100
AcDbLayerTableRecord
  2
0
 70
     0
 62
     7
  6
Continuous
370
    70
390
F
347
46
  0
LAYER
  5
2A4
330
2
100
AcDbSymbolTableRecord
100
AcDbLayerTableRecord
  2
Hidden
 70
     0
 62
     7
  6
HIDDEN
370
    70
390
F
347
46
  0
ENDTAB
  0
TABLE
  2
STYLE
  5
3
330
0
100
AcDbSymbolTable
 70
     1
  0
STYLE
  5
11
330
3
100
AcDbSymbolTableRecord
100
AcDbTextStyleTableRecord
  2
Standard
 70
     0
 40
0.0
 41
1.0
 50
0.0
 71
     0
 42
2.5
  3
txt
  4

  0
ENDTAB
  0
TABLE
  2
VIEW
  5
6
330
0
100
AcDbSymbolTable
 70
     0
  0
ENDTAB
  0
TABLE
  2
UCS
  5
7
330
0
100
AcDbSymbolTable
 70
     0
  0
ENDTAB
  0
TABLE
  2
APPID
  5
9
330
0
100
AcDbSymbolTable
 70
     2
  0
APPID
  5
12
330
9
100
AcDbSymbolTableRecord
100
AcDbRegAppTableRecord
  2
ACAD
 70
     0
  0
APPID
  5
777
330
9
100
AcDbSymbolTableRecord
100
AcDbRegAppTableRecord
  2
ACAD_MLEADERVER
 70
     0
  0
ENDTAB
  0
TABLE
  2
DIMSTYLE
  5
A
330
0
100
AcDbSymbolTable
 70
     1
100
AcDbDimStyleTable
  0
DIMSTYLE
105
27
330
A
100
AcDbSymbolTableRecord
100
AcDbDimStyleTableRecord
  2
ISO-25
 70
     0
 41
2.5
 42
0.625
 43
3.75
 44
1.25
 73
     0
 74
     0
 77
     1
 78
     8
140
2.5
141
2.5
143
0.03937007874016
147
0.625
171
     3
172
     1
178
     0
271
     2
272
     2
274
     3
278
    44
283
     0
284
     8
340
11
  0
ENDTAB
  0
TABLE
  2
BLOCK_RECORD
  5
1
330
0
100
AcDbSymbolTable
 70
     1
  0
BLOCK_RECORD
  5
1F
330
1
100
AcDbSymbolTableRecord
100
AcDbBlockTableRecord
  2
*Model_Space
340
22
 70
     0
280
     1
281
     0
  0
BLOCK_RECORD
  5
1B
330
1
100
AcDbSymbolTableRecord
100
AcDbBlockTableRecord
  2
*Paper_Space
340
1E
 70
     0
280
     1
281
     0
  0
BLOCK_RECORD
  5
23
330
1
100
AcDbSymbolTableRecord
100
AcDbBlockTableRecord
  2
*Paper_Space0
340
26
 70
     0
280
     1
281
     0
  0
ENDTAB
  0
ENDSEC
  0
SECTION
  2
BLOCKS
  0
BLOCK
  5
20
330
1F
100
AcDbEntity
  8
0
100
AcDbBlockBegin
  2
*Model_Space
 70
     0
 10
0.0
 20
0.0
 30
0.0
  3
*Model_Space
  1

  0
ENDBLK
  5
21
330
1F
100
AcDbEntity
  8
0
100
AcDbBlockEnd
  0
BLOCK
  5
1C
330
1B
100
AcDbEntity
 67
     1
  8
0
100
AcDbBlockBegin
  2
*Paper_Space
 70
     0
 10
0.0
 20
0.0
 30
0.0
  3
*Paper_Space
  1

  0
ENDBLK
  5
1D
330
1B
100
AcDbEntity
 67
     1
  8
0
100
AcDbBlockEnd
  0
BLOCK
  5
24
330
23
100
AcDbEntity
  8
0
100
AcDbBlockBegin
  2
*Paper_Space0
 70
     0
 10
0.0
 20
0.0
 30
0.0
  3
*Paper_Space0
  1

  0
ENDBLK
  5
25
330
23
100
AcDbEntity
  8
0
100
AcDbBlockEnd
  0
ENDSEC
  0
SECTION
  2
ENTITIES
  0
LINE
  5
5E
330
1F
100
AcDbEntity
  8
0
 62
     7
370
    -3
100
AcDbLine
 10
-9.192849267653544
 20
-74.55018604133429
 30
0.0
 11
-9.607150732347545
 21
-74.55018604133429
 31
0.0
  0
LINE
  5
5F
330
1F
100
AcDbEntity
  8
0
 62
     7
370
    -3
100
AcDbLine
 10
-9.607150732347083
 20
-74.55018604133475
 30
0.0
 11
-9.701254833996314
 21
-74.45608193968553
 31
0.0
  0
LINE
  5
60
330
1F
100
AcDbEntity
  8
0
 62
     7
370
    -3
100
AcDbLine
 10
-9.13288651664255
 20
-74.43830907748827
 30
0.0
 11
-9.66711348338555
 21
-74.43830907748827
 31
0.0
  0
LINE
  5
61
330
1F
100
AcDbEntity
  8
0
 62
     7
370
    -3
100
AcDbLine
 10
-9.192849267654006
 20
-74.55018604133475
 30
0.0
 11
-9.098745166004786
 21
-74.45608193968553
 31
0.0
  0
LINE
  5
62
330
1F
100
AcDbEntity
  8
0
 62
     7
370
    -3
100
AcDbLine
 10
-9.098745166004786
 20
-75.05859160767706
 30
0.0
 11
-9.192849267654006
 21
-74.96448750602782
 31
0.0
  0
LINE
  5
63
330
1F
100
AcDbEntity
  8
0
 62
     7
370
    -3
100
AcDbLine
 10
-9.192849267653544
 20
-74.9644875060283
 30
0.0
 11
-9.192849267653544
 21
-74.55018604133429
 31
0.0
  0
LINE
  5
64
330
1F
100
AcDbEntity
  8
0
 62
     7
370
    -3
100
AcDbLine
 10
-9.080000000000549
 20
-74.50133677368129
 30
0.0
 11
-9.080000000000549
 21
-75.0133367736813
 31
0.0
  0
LINE
  5
65
330
1F
100
AcDbEntity
  8
0
 62
     7
370
    -3
100
AcDbLine
 10
-9.607150732347545
 20
-74.55018604133429
 30
0.0
 11
-9.607150732347545
 21
-74.9644875060283
 31
0.0
  0
LINE
  5
66
330
1F
100
AcDbEntity
  8
0
 62
     7
370
    -3
100
AcDbLine
 10
-9.701254833996314
 20
-75.05859160767706
 30
0.0
 11
-9.607150732347083
 21
-74.96448750602782
 31
0.0
  0
LINE
  5
67
330
1F
100
AcDbEntity
  8
0
 62
     7
370
    -3
100
AcDbLine
 10
-9.720000000000551
 20
-75.0133367736813
 30
0.0
 11
-9.720000000000551
 21
-74.50133677368129
 31
0.0
  0
LINE
  5
68
330
1F
100
AcDbEntity
  8
0
 62
     7
370
    -3
100
AcDbLine
 10
-9.607150732347545
 20
-74.9644875060283
 30
0.0
 11
-9.192849267653544
 21
-74.9644875060283
 31
0.0
  0
LINE
  5
69
330
1F
100
AcDbEntity
  8
0
 62
     7
370
    -3
100
AcDbLine
 10
-9.667113483371551
 20
-75.07636446987428
 30
0.0
 11
-9.132886516629549
 21
-75.07636446987428
 31
0.0
  0
LINE
  5
6A
330
1F
100
AcDbEntity
  8
0
 62
     7
370
    -3
100
AcDbLine
 10
-9.144000000000549
 20
-75.07733677368128
 30
0.0
 11
-9.65600000000055
 21
-75.07733677368128
 31
0.0
  0
LINE
  5
6B
330
1F
100
AcDbEntity
  8
0
 62
     7
370
    -3
100
AcDbLine
 10
-9.65600000000055
 20
-74.43733677368128
 30
0.0
 11
-9.144000000000549
 21
-74.43733677368128
 31
0.0
  0
ELLIPSE
  5
6C
330
1F
100
AcDbEntity
  8
0
 62
     7
370
    -3
100
AcDbEllipse
 10
-8.440000000000595
 20
-74.50133677368126
 30
0.0000000000000046
 11
-8.673245897047323E-16
 21
-0.06400000000000002
 31
-5.037843290158434E-32
210
-1.066759122224951E-44
220
-7.871630140872551E-31
230
1.0
 40
0.0002082747438806
 41
1.570796326794892
 42
3.141592653589205
  0
ELLIPSE
  5
6D
330
1F
100
AcDbEntity
  8
0
 62
     7
370
    -3
100
AcDbEllipse
 10
-8.440013333159595
 20
-75.01333677368127
 30
0.0000000000000023
 11
-5.974550063461006E-20
 21
0.064
 31
5.091835197379730E-32
210
-7.427105542392102E-49
220
7.955992495905829E-31
230
-1.0
 40
0.0002083306169115
 41
1.570796326794901
 42
3.14159265359038
  0
LINE
  5
6E
330
1F
100
AcDbEntity
  8
0
 62
     7
370
    -3
100
AcDbLine
 10
-5.558504116808544
 20
-79.06733677368126
 30
0.0
 11
-4.637494035448638
 21
-79.06733677368126
 31
0.0
  0
LINE
  5
6F
330
1F
100
AcDbEntity
  8
0
 62
     7
370
    -3
100
AcDbLine
 10
-5.220398357892633
 20
-78.81733677368126
 30
0.0
 11
-4.975599794364549
 21
-78.81733677368126
 31
0.0
  0
LINE
  5
70
330
1F
100
AcDbEntity
  8
0
 62
     7
370
    -3
100
AcDbLine
 10
-9.607150732347545
 20
-77.5044875060283
 30
0.0
 11
-9.192849267653544
 21
-77.5044875060283
 31
0.0
  0
LINE
  5
71
330
1F
100
AcDbEntity
  8
0
 62
     7
370
    -3
100
AcDbLine
 10
-9.098745166004786
 20
-77.59859160767704
 30
0.0
 11
-9.192849267654006
 21
-77.50448750602783
 31
0.0
  0
LINE
  5
72
330
1F
100
AcDbEntity
  8
0
 62
     7
370
    -3
100
AcDbLine
 10
-9.667113483371551
 20
-77.6163644698743
 30
0.0
 11
-9.132886516629549
 21
-77.6163644698743
 31
0.0
  0
LINE
  5
73
330
1F
100
AcDbEntity
  8
0
 62
     7
370
    -3
100
AcDbLine
 10
-9.701254833996314
 20
-77.59859160767704
 30
0.0
 11
-9.607150732347083
 21
-77.50448750602783
 31
0.0
  0
LINE
  5
74
330
1F
100
AcDbEntity
  8
0
 62
     7
370
    -3
100
AcDbLine
 10
-9.192849267653544
 20
-77.5044875060283
 30
0.0
 11
-9.192849267653544
 21
-77.09018604133429
 31
0.0
  0
LINE
  5
75
330
1F
100
AcDbEntity
  8
0
 62
     7
370
    -3
100
AcDbLine
 10
-9.192849267654006
 20
-77.09018604133476
 30
0.0
 11
-9.098745166004786
 21
-76.99608193968552
 31
0.0
  0
LINE
  5
76
330
1F
100
AcDbEntity
  8
0
 62
     7
370
    -3
100
AcDbLine
 10
-9.080000000000549
 20
-77.04133677368128
 30
0.0
 11
-9.080000000000549
 21
-77.55333677368128
 31
0.0
  0
LINE
  5
77
330
1F
100
AcDbEntity
  8
0
 62
     7
370
    -3
100
AcDbLine
 10
-9.607150732347545
 20
-77.09018604133429
 30
0.0
 11
-9.607150732347545
 21
-77.5044875060283
 31
0.0
  0
LINE
  5
78
330
1F
100
AcDbEntity
  8
0
 62
     7
370
    -3
100
AcDbLine
 10
-9.720000000000551
 20
-77.55333677368128
 30
0.0
 11
-9.720000000000551
 21
-77.04133677368128
 31
0.0
  0
LINE
  5
79
330
1F
100
AcDbEntity
  8
0
 62
     7
370
    -3
100
AcDbLine
 10
-9.607150732347083
 20
-77.09018604133476
 30
0.0
 11
-9.701254833996314
 21
-76.99608193968552
 31
0.0
  0
LINE
  5
7A
330
1F
100
AcDbEntity
  8
0
 62
     7
370
    -3
100
AcDbLine
 10
-9.192849267653544
 20
-77.09018604133429
 30
0.0
 11
-9.607150732347545
 21
-77.09018604133429
 31
0.0
  0
LINE
  5
7B
330
1F
100
AcDbEntity
  8
0
 62
     7
370
    -3
100
AcDbLine
 10
-9.13288651664255
 20
-76.97830907748829
 30
0.0
 11
-9.66711348338555
 21
-76.97830907748829
 31
0.0
  0
LINE
  5
7C
330
1F
100
AcDbEntity
  8
0
 62
     7
370
    -3
100
AcDbLine
 10
-9.144000000000549
 20
-77.61733677368129
 30
0.0
 11
-9.65600000000055
 21
-77.61733677368129
 31
0.0
  0
LINE
  5
7D
330
1F
100
AcDbEntity
  8
0
 62
     7
370
    -3
100
AcDbLine
 10
-9.65600000000055
 20
-76.97733677368129
 30
0.0
 11
-9.144000000000549
 21
-76.97733677368129
 31
0.0
  0
ELLIPSE
  5
7E
330
1F
100
AcDbEntity
  8
0
 62
     7
370
    -3
100
AcDbEllipse
 10
-8.440000000000595
 20
-77.04133677368125
 30
-0.0000000000000067
 11
-8.673245897047323E-16
 21
-0.06400000000000002
 31
-5.037843290158434E-32
210
-1.066759122224951E-44
220
-7.871630140872551E-31
230
1.0
 40
0.0002082747438806
 41
1.570796326794892
 42
3.141592653589205
  0
ELLIPSE
  5
7F
330
1F
100
AcDbEntity
  8
0
 62
     7
370
    -3
100
AcDbEllipse
 10
-8.440013333159595
 20
-77.55333677368125
 30
0.0000000000000048
 11
-5.974550063461006E-20
 21
0.064
 31
5.091835197379730E-32
210
-7.427105542392102E-49
220
7.955992495905829E-31
230
-1.0
 40
0.0002083306169115
 41
1.570796326794901
 42
3.14159265359038
  0
LINE
  5
80
330
1F
100
AcDbEntity
  8
0
 62
     7
370
    -3
100
AcDbLine
 10
-9.607150732347545
 20
-80.0444875060283
 30
0.0
 11
-9.192849267653544
 21
-80.0444875060283
 31
0.0
  0
LINE
  5
81
330
1F
100
AcDbEntity
  8
0
 62
     7
370
    -3
100
AcDbLine
 10
-9.098745166004786
 20
-80.13859160767706
 30
0.0
 11
-9.192849267654006
 21
-80.04448750602783
 31
0.0
  0
LINE
  5
82
330
1F
100
AcDbEntity
  8
0
 62
     7
370
    -3
100
AcDbLine
 10
-9.667113483371551
 20
-80.15636446987429
 30
0.0
 11
-9.132886516629549
 21
-80.15636446987429
 31
0.0
  0
LINE
  5
83
330
1F
100
AcDbEntity
  8
0
 62
     7
370
    -3
100
AcDbLine
 10
-9.701254833996314
 20
-80.13859160767706
 30
0.0
 11
-9.607150732347083
 21
-80.04448750602783
 31
0.0
  0
LINE
  5
84
330
1F
100
AcDbEntity
  8
0
 62
     7
370
    -3
100
AcDbLine
 10
-9.192849267653544
 20
-79.63018604133428
 30
0.0
 11
-9.607150732347545
 21
-79.63018604133428
 31
0.0
  0
LINE
  5
85
330
1F
100
AcDbEntity
  8
0
 62
     7
370
    -3
100
AcDbLine
 10
-9.607150732347083
 20
-79.63018604133477
 30
0.0
 11
-9.701254833996314
 21
-79.53608193968553
 31
0.0
  0
LINE
  5
86
330
1F
100
AcDbEntity
  8
0
 62
     7
370
    -3
100
AcDbLine
 10
-9.13288651664255
 20
-79.51830907748827
 30
0.0
 11
-9.66711348338555
 21
-79.51830907748827
 31
0.0
  0
LINE
  5
87
330
1F
100
AcDbEntity
  8
0
 62
     7
370
    -3
100
AcDbLine
 10
-9.192849267654006
 20
-79.63018604133477
 30
0.0
 11
-9.098745166004786
 21
-79.53608193968553
 31
0.0
  0
LINE
  5
88
330
1F
100
AcDbEntity
  8
0
 62
     7
370
    -3
100
AcDbLine
 10
-9.192849267653544
 20
-80.0444875060283
 30
0.0
 11
-9.192849267653544
 21
-79.63018604133428
 31
0.0
  0
LINE
  5
89
330
1F
100
AcDbEntity
  8
0
 62
     7
370
    -3
100
AcDbLine
 10
-9.080000000000549
 20
-79.58133677368129
 30
0.0
 11
-9.080000000000549
 21
-80.0933367736813
 31
0.0
  0
LINE
  5
8A
330
1F
100
AcDbEntity
  8
0
 62
     7
370
    -3
100
AcDbLine
 10
-9.607150732347545
 20
-79.63018604133428
 30
0.0
 11
-9.607150732347545
 21
-80.0444875060283
 31
0.0
  0
LINE
  5
8B
330
1F
100
AcDbEntity
  8
0
 62
     7
370
    -3
100
AcDbLine
 10
-9.720000000000551
 20
-80.0933367736813
 30
0.0
 11
-9.720000000000551
 21
-79.58133677368129
 31
0.0
  0
LINE
  5
8C
330
1F
100
AcDbEntity
  8
0
 62
     7
370
    -3
100
AcDbLine
 10
-9.144000000000549
 20
-80.15733677368128
 30
0.0
 11
-9.65600000000055
 21
-80.15733677368128
 31
0.0
  0
LINE
  5
8D
330
1F
100
AcDbEntity
  8
0
 62
     7
370
    -3
100
AcDbLine
 10
-9.65600000000055
 20
-79.51733677368128
 30
0.0
 11
-9.144000000000549
 21
-79.51733677368128
 31
0.0
  0
ELLIPSE
  5
8E
330
1F
100
AcDbEntity
  8
0
 62
     7
370
    -3
100
AcDbEllipse
 10
-8.440000000000595
 20
-79.58133677368126
 30
-0.0000000000000042
 11
-8.673245897047323E-16
 21
-0.06400000000000002
 31
-5.037843290158434E-32
210
-1.066759122224951E-44
220
-7.871630140872551E-31
230
1.0
 40
0.0002082747438806
 41
1.570796326794892
 42
3.141592653589205
  0
ELLIPSE
  5
8F
330
1F
100
AcDbEntity
  8
0
 62
     7
370
    -3
100
AcDbEllipse
 10
-8.440013333159595
 20
-80.09333677368127
 30
-0.0000000000000065
 11
-5.974550063461006E-20
 21
0.064
 31
5.091835197379730E-32
210
-7.427105542392102E-49
220
7.955992495905829E-31
230
-1.0
 40
0.0002083306169115
 41
1.570796326794901
 42
3.14159265359038
  0
LINE
  5
90
330
1F
100
AcDbEntity
  8
0
 62
     7
370
    -3
100
AcDbLine
 10
-9.192849267653544
 20
-82.17018604133429
 30
0.0
 11
-9.607150732347545
 21
-82.17018604133429
 31
0.0
  0
LINE
  5
91
330
1F
100
AcDbEntity
  8
0
 62
     7
370
    -3
100
AcDbLine
 10
-9.607150732347083
 20
-82.17018604133474
 30
0.0
 11
-9.701254833996314
 21
-82.07608193968552
 31
0.0
  0
LINE
  5
92
330
1F
100
AcDbEntity
  8
0
 62
     7
370
    -3
100
AcDbLine
 10
-9.13288651664255
 20
-82.05830907748829
 30
0.0
 11
-9.66711348338555
 21
-82.05830907748829
 31
0.0
  0
LINE
  5
93
330
1F
100
AcDbEntity
  8
0
 62
     7
370
    -3
100
AcDbLine
 10
-9.192849267654006
 20
-82.17018604133474
 30
0.0
 11
-9.098745166004786
 21
-82.07608193968552
 31
0.0
  0
LINE
  5
94
330
1F
100
AcDbEntity
  8
0
 62
     7
370
    -3
100
AcDbLine
 10
-9.607150732347545
 20
-82.58448750602828
 30
0.0
 11
-9.192849267653544
 21
-82.58448750602828
 31
0.0
  0
LINE
  5
95
330
1F
100
AcDbEntity
  8
0
 62
     7
370
    -3
100
AcDbLine
 10
-9.098745166004786
 20
-82.67859160767705
 30
0.0
 11
-9.192849267654006
 21
-82.58448750602783
 31
0.0
  0
LINE
  5
96
330
1F
100
AcDbEntity
  8
0
 62
     7
370
    -3
100
AcDbLine
 10
-9.667113483371551
 20
-82.6963644698743
 30
0.0
 11
-9.132886516629549
 21
-82.6963644698743
 31
0.0
  0
LINE
  5
97
330
1F
100
AcDbEntity
  8
0
 62
     7
370
    -3
100
AcDbLine
 10
-9.701254833996314
 20
-82.67859160767705
 30
0.0
 11
-9.607150732347083
 21
-82.58448750602783
 31
0.0
  0
LINE
  5
98
330
1F
100
AcDbEntity
  8
0
 62
     7
370
    -3
100
AcDbLine
 10
-9.192849267653544
 20
-82.58448750602828
 30
0.0
 11
-9.192849267653544
 21
-82.17018604133429
 31
0.0
  0
LINE
  5
99
330
1F
100
AcDbEntity
  8
0
 62
     7
370
    -3
100
AcDbLine
 10
-9.080000000000549
 20
-82.12133677368128
 30
0.0
 11
-9.080000000000549
 21
-82.6333367736813
 31
0.0
  0
LINE
  5
9A
330
1F
100
AcDbEntity
  8
0
 62
     7
370
    -3
100
AcDbLine
 10
-9.607150732347545
 20
-82.17018604133429
 30
0.0
 11
-9.607150732347545
 21
-82.58448750602828
 31
0.0
  0
LINE
  5
9B
330
1F
100
AcDbEntity
  8
0
 62
     7
370
    -3
100
AcDbLine
 10
-9.720000000000551
 20
-82.6333367736813
 30
0.0
 11
-9.720000000000551
 21
-82.12133677368128
 31
0.0
  0
LINE
  5
9C
330
1F
100
AcDbEntity
  8
0
 62
     7
370
    -3
100
AcDbLine
 10
-9.144000000000549
 20
-82.6973367736813
 30
0.0
 11
-9.65600000000055
 21
-82.6973367736813
 31
0.0
  0
LINE
  5
9D
330
1F
100
AcDbEntity
  8
0
 62
     7
370
    -3
100
AcDbLine
 10
-9.65600000000055
 20
-82.0573367736813
 30
0.0
 11
-9.144000000000549
 21
-82.0573367736813
 31
0.0
  0
ELLIPSE
  5
9E
330
1F
100
AcDbEntity
  8
0
 62
     7
370
    -3
100
AcDbEllipse
 10
-8.440000000000595
 20
-82.12133677368125
 30
-0.0000000000000018
 11
-8.673245897047323E-16
 21
-0.06400000000000002
 31
-5.037843290158434E-32
210
-1.066759122224951E-44
220
-7.871630140872551E-31
230
1.0
 40
0.0002082747438806
 41
1.570796326794892
 42
3.141592653589205
  0
ELLIPSE
  5
9F
330
1F
100
AcDbEntity
  8
0
 62
     7
370
    -3
100
AcDbEllipse
 10
-8.440013333159595
 20
-82.63333677368125
 30
-0.000000000000004
 11
-5.974550063461006E-20
 21
0.064
 31
5.091835197379730E-32
210
-7.427105542392102E-49
220
7.955992495905829E-31
230
-1.0
 40
0.0002083306169115
 41
1.570796326794901
 42
3.14159265359038
  0
LINE
  5
A0
330
1F
100
AcDbEntity
  8
0
 62
     7
370
    -3
100
AcDbLine
 10
-9.098745166004786
 20
-85.21859160767706
 30
0.0
 11
-9.192849267654006
 21
-85.12448750602783
 31
0.0
  0
LINE
  5
A1
330
1F
100
AcDbEntity
  8
0
 62
     7
370
    -3
100
AcDbLine
 10
-9.192849267653544
 20
-85.12448750602829
 30
0.0
 11
-9.192849267653544
 21
-84.7101860413343
 31
0.0
  0
LINE
  5
A2
330
1F
100
AcDbEntity
  8
0
 62
     7
370
    -3
100
AcDbLine
 10
-9.192849267654006
 20
-84.71018604133475
 30
0.0
 11
-9.098745166004786
 21
-84.61608193968553
 31
0.0
  0
LINE
  5
A3
330
1F
100
AcDbEntity
  8
0
 62
     7
370
    -3
100
AcDbLine
 10
-9.080000000000549
 20
-84.66133677368128
 30
0.0
 11
-9.080000000000549
 21
-85.17333677368127
 31
0.0
  0
LINE
  5
A4
330
1F
100
AcDbEntity
  8
0
 62
     7
370
    -3
100
AcDbLine
 10
-9.607150732347545
 20
-84.7101860413343
 30
0.0
 11
-9.607150732347545
 21
-85.12448750602829
 31
0.0
  0
LINE
  5
A5
330
1F
100
AcDbEntity
  8
0
 62
     7
370
    -3
100
AcDbLine
 10
-9.701254833996314
 20
-85.21859160767706
 30
0.0
 11
-9.607150732347083
 21
-85.12448750602783
 31
0.0
  0
LINE
  5
A6
330
1F
100
AcDbEntity
  8
0
 62
     7
370
    -3
100
AcDbLine
 10
-9.720000000000551
 20
-85.17333677368127
 30
0.0
 11
-9.720000000000551
 21
-84.66133677368128
 31
0.0
  0
LINE
  5
A7
330
1F
100
AcDbEntity
  8
0
 62
     7
370
    -3
100
AcDbLine
 10
-9.607150732347083
 20
-84.71018604133475
 30
0.0
 11
-9.701254833996314
 21
-84.61608193968553
 31
0.0
  0
LINE
  5
A8
330
1F
100
AcDbEntity
  8
0
 62
     7
370
    -3
100
AcDbLine
 10
-9.192849267653544
 20
-84.7101860413343
 30
0.0
 11
-9.607150732347545
 21
-84.7101860413343
 31
0.0
  0
LINE
  5
A9
330
1F
100
AcDbEntity
  8
0
 62
     7
370
    -3
100
AcDbLine
 10
-9.13288651664255
 20
-84.59830907748828
 30
0.0
 11
-9.66711348338555
 21
-84.59830907748828
 31
0.0
  0
LINE
  5
AA
330
1F
100
AcDbEntity
  8
0
 62
     7
370
    -3
100
AcDbLine
 10
-9.607150732347545
 20
-85.12448750602829
 30
0.0
 11
-9.192849267653544
 21
-85.12448750602829
 31
0.0
  0
LINE
  5
AB
330
1F
100
AcDbEntity
  8
0
 62
     7
370
    -3
100
AcDbLine
 10
-9.667113483371551
 20
-85.23636446987429
 30
0.0
 11
-9.132886516629549
 21
-85.23636446987429
 31
0.0
  0
LINE
  5
AC
330
1F
100
AcDbEntity
  8
0
 62
     7
370
    -3
100
AcDbLine
 10
-9.144000000000549
 20
-85.23733677368128
 30
0.0
 11
-9.65600000000055
 21
-85.23733677368128
 31
0.0
  0
LINE
  5
AD
330
1F
100
AcDbEntity
  8
0
 62
     7
370
    -3
100
AcDbLine
 10
-9.65600000000055
 20
-84.59733677368128
 30
0.0
 11
-9.144000000000549
 21
-84.59733677368128
 31
0.0
  0
ELLIPSE
  5
AE
330
1F
100
AcDbEntity
  8
0
 62
     7
370
    -3
100
AcDbEllipse
 10
-8.440000000000595
 20
-84.66133677368124
 30
0.0000000000000007
 11
-8.673245897047323E-16
 21
-0.06400000000000002
 31
-5.037843290158434E-32
210
-1.066759122224951E-44
220
-7.871630140872551E-31
230
1.0
 40
0.0002082747438806
 41
1.570796326794892
 42
3.141592653589205
  0
ELLIPSE
  5
AF
330
1F
100
AcDbEntity
  8
0
 62
     7
370
    -3
100
AcDbEllipse
 10
-8.440013333159595
 20
-85.17333677368124
 30
-0.0000000000000015
 11
-5.974550063461006E-20
 21
0.064
 31
5.091835197379730E-32
210
-7.427105542392102E-49
220
7.955992495905829E-31
230
-1.0
 40
0.0002083306169115
 41
1.570796326794901
 42
3.14159265359038
  0
LINE
  5
B0
330
1F
100
AcDbEntity
  8
0
 62
     7
370
    -3
100
AcDbLine
 10
-9.098745166004786
 20
-87.75859160767706
 30
0.0
 11
-9.192849267654006
 21
-87.66448750602783
 31
0.0
  0
LINE
  5
B1
330
1F
100
AcDbEntity
  8
0
 62
     7
370
    -3
100
AcDbLine
 10
-9.192849267653544
 20
-87.6644875060283
 30
0.0
 11
-9.192849267653544
 21
-87.25018604133429
 31
0.0
  0
LINE
  5
B2
330
1F
100
AcDbEntity
  8
0
 62
     7
370
    -3
100
AcDbLine
 10
-9.192849267654006
 20
-87.25018604133474
 30
0.0
 11
-9.098745166004786
 21
-87.15608193968554
 31
0.0
  0
LINE
  5
B3
330
1F
100
AcDbEntity
  8
0
 62
     7
370
    -3
100
AcDbLine
 10
-9.080000000000549
 20
-87.20133677368128
 30
0.0
 11
-9.080000000000549
 21
-87.71333677368129
 31
0.0
  0
LINE
  5
B4
330
1F
100
AcDbEntity
  8
0
 62
     7
370
    -3
100
AcDbLine
 10
-9.607150732347545
 20
-87.6644875060283
 30
0.0
 11
-9.192849267653544
 21
-87.6644875060283
 31
0.0
  0
LINE
  5
B5
330
1F
100
AcDbEntity
  8
0
 62
     7
370
    -3
100
AcDbLine
 10
-9.667113483371551
 20
-87.77636446987428
 30
0.0
 11
-9.132886516629549
 21
-87.77636446987428
 31
0.0
  0
LINE
  5
B6
330
1F
100
AcDbEntity
  8
0
 62
     7
370
    -3
100
AcDbLine
 10
-9.701254833996314
 20
-87.75859160767706
 30
0.0
 11
-9.607150732347083
 21
-87.66448750602783
 31
0.0
  0
LINE
  5
B7
330
1F
100
AcDbEntity
  8
0
 62
     7
370
    -3
100
AcDbLine
 10
-9.192849267653544
 20
-87.25018604133429
 30
0.0
 11
-9.607150732347545
 21
-87.25018604133429
 31
0.0
  0
LINE
  5
B8
330
1F
100
AcDbEntity
  8
0
 62
     7
370
    -3
100
AcDbLine
 10
-9.607150732347083
 20
-87.25018604133474
 30
0.0
 11
-9.701254833996314
 21
-87.15608193968554
 31
0.0
  0
LINE
  5
B9
330
1F
100
AcDbEntity
  8
0
 62
     7
370
    -3
100
AcDbLine
 10
-9.13288651664255
 20
-87.13830907748829
 30
0.0
 11
-9.66711348338555
 21
-87.13830907748829
 31
0.0
  0
LINE
  5
BA
330
1F
100
AcDbEntity
  8
0
 62
     7
370
    -3
100
AcDbLine
 10
-9.607150732347545
 20
-87.25018604133429
 30
0.0
 11
-9.607150732347545
 21
-87.6644875060283
 31
0.0
  0
LINE
  5
BB
330
1F
100
AcDbEntity
  8
0
 62
     7
370
    -3
100
AcDbLine
 10
-9.720000000000551
 20
-87.71333677368129
 30
0.0
 11
-9.720000000000551
 21
-87.20133677368128
 31
0.0
  0
LINE
  5
BC
330
1F
100
AcDbEntity
  8
0
 62
     7
370
    -3
100
AcDbLine
 10
-9.144000000000549
 20
-87.7773367736813
 30
0.0
 11
-9.65600000000055
 21
-87.7773367736813
 31
0.0
  0
LINE
  5
BD
330
1F
100
AcDbEntity
  8
0
 62
     7
370
    -3
100
AcDbLine
 10
-9.65600000000055
 20
-87.1373367736813
 30
0.0
 11
-9.144000000000549
 21
-87.1373367736813
 31
0.0
  0
ELLIPSE
  5
BE
330
1F
100
AcDbEntity
  8
0
 62
     7
370
    -3
100
AcDbEllipse
 10
-8.440000000000595
 20
-87.20133677368125
 30
0.0000000000000032
 11
-8.673245897047323E-16
 21
-0.06400000000000002
 31
-5.037843290158434E-32
210
-1.066759122224951E-44
220
-7.871630140872551E-31
230
1.0
 40
0.0002082747438806
 41
1.570796326794892
 42
3.141592653589205
  0
ELLIPSE
  5
BF
330
1F
100
AcDbEntity
  8
0
 62
     7
370
    -3
100
AcDbEllipse
 10
-8.440013333159595
 20
-87.71333677368125
 30
0.0000000000000009
 11
-5.974550063461006E-20
 21
0.064
 31
5.091835197379730E-32
210
-7.427105542392102E-49
220
7.955992495905829E-31
230
-1.0
 40
0.0002083306169115
 41
1.570796326794901
 42
3.14159265359038
  0
LINE
  5
C0
330
1F
100
AcDbEntity
  8
0
 62
     7
370
    -3
100
AcDbLine
 10
-5.566587922261847
 20
-83.14733677368126
 30
0.0
 11
-4.629410229995334
 21
-83.14733677368126
 31
0.0
  0
LINE
  5
C1
330
1F
100
AcDbEntity
  8
0
 62
     7
370
    -3
100
AcDbLine
 10
-5.270216424371414
 20
-83.39733677368126
 30
0.0
 11
-4.925781727885767
 21
-83.39733677368126
 31
0.0
  0
LINE
  5
C2
330
1F
100
AcDbEntity
  8
0
 62
     7
370
    -3
100
AcDbLine
 10
-9.607150732347545
 20
-90.20448750602829
 30
0.0
 11
-9.192849267653544
 21
-90.20448750602829
 31
0.0
  0
LINE
  5
C3
330
1F
100
AcDbEntity
  8
0
 62
     7
370
    -3
100
AcDbLine
 10
-9.098745166004786
 20
-90.29859160767705
 30
0.0
 11
-9.192849267654006
 21
-90.20448750602783
 31
0.0
  0
LINE
  5
C4
330
1F
100
AcDbEntity
  8
0
 62
     7
370
    -3
100
AcDbLine
 10
-9.667113483371551
 20
-90.31636446987427
 30
0.0
 11
-9.132886516629549
 21
-90.31636446987427
 31
0.0
  0
LINE
  5
C5
330
1F
100
AcDbEntity
  8
0
 62
     7
370
    -3
100
AcDbLine
 10
-9.701254833996314
 20
-90.29859160767705
 30
0.0
 11
-9.607150732347083
 21
-90.20448750602783
 31
0.0
  0
LINE
  5
C6
330
1F
100
AcDbEntity
  8
0
 62
     7
370
    -3
100
AcDbLine
 10
-9.192849267653544
 20
-90.20448750602829
 30
0.0
 11
-9.192849267653544
 21
-89.7901860413343
 31
0.0
  0
LINE
  5
C7
330
1F
100
AcDbEntity
  8
0
 62
     7
370
    -3
100
AcDbLine
 10
-9.192849267654006
 20
-89.79018604133475
 30
0.0
 11
-9.098745166004786
 21
-89.69608193968554
 31
0.0
  0
LINE
  5
C8
330
1F
100
AcDbEntity
  8
0
 62
     7
370
    -3
100
AcDbLine
 10
-9.080000000000549
 20
-89.74133677368128
 30
0.0
 11
-9.080000000000549
 21
-90.25333677368127
 31
0.0
  0
LINE
  5
C9
330
1F
100
AcDbEntity
  8
0
 62
     7
370
    -3
100
AcDbLine
 10
-9.607150732347545
 20
-89.7901860413343
 30
0.0
 11
-9.607150732347545
 21
-90.20448750602829
 31
0.0
  0
LINE
  5
CA
330
1F
100
AcDbEntity
  8
0
 62
     7
370
    -3
100
AcDbLine
 10
-9.720000000000551
 20
-90.25333677368127
 30
0.0
 11
-9.720000000000551
 21
-89.74133677368128
 31
0.0
  0
LINE
  5
CB
330
1F
100
AcDbEntity
  8
0
 62
     7
370
    -3
100
AcDbLine
 10
-9.607150732347083
 20
-89.79018604133475
 30
0.0
 11
-9.701254833996314
 21
-89.69608193968554
 31
0.0
  0
LINE
  5
CC
330
1F
100
AcDbEntity
  8
0
 62
     7
370
    -3
100
AcDbLine
 10
-9.192849267653544
 20
-89.7901860413343
 30
0.0
 11
-9.607150732347545
 21
-89.7901860413343
 31
0.0
  0
LINE
  5
CD
330
1F
100
AcDbEntity
  8
0
 62
     7
370
    -3
100
AcDbLine
 10
-9.13288651664255
 20
-89.67830907748828
 30
0.0
 11
-9.66711348338555
 21
-89.67830907748828
 31
0.0
  0
LINE
  5
CE
330
1F
100
AcDbEntity
  8
0
 62
     7
370
    -3
100
AcDbLine
 10
-9.144000000000549
 20
-90.31733677368129
 30
0.0
 11
-9.65600000000055
 21
-90.31733677368129
 31
0.0
  0
LINE
  5
CF
330
1F
100
AcDbEntity
  8
0
 62
     7
370
    -3
100
AcDbLine
 10
-9.65600000000055
 20
-89.67733677368128
 30
0.0
 11
-9.144000000000549
 21
-89.67733677368128
 31
0.0
  0
ELLIPSE
  5
D0
330
1F
100
AcDbEntity
  8
0
 62
     7
370
    -3
100
AcDbEllipse
 10
-8.440000000000595
 20
-89.74133677368125
 30
0.0000000000000057
 11
-8.673245897047323E-16
 21
-0.06400000000000002
 31
-5.037843290158434E-32
210
-1.066759122224951E-44
220
-7.871630140872551E-31
230
1.0
 40
0.0002082747438806
 41
1.570796326794892
 42
3.141592653589205
  0
ELLIPSE
  5
D1
330
1F
100
AcDbEntity
  8
0
 62
     7
370
    -3
100
AcDbEllipse
 10
-8.440013333159595
 20
-90.25333677368124
 30
0.0000000000000034
 11
-5.974550063461006E-20
 21
0.064
 31
5.091835197379730E-32
210
-7.427105542392102E-49
220
7.955992495905829E-31
230
-1.0
 40
0.0002083306169115
 41
1.570796326794901
 42
3.14159265359038
  0
LINE
  5
D2
330
1F
100
AcDbEntity
  8
0
 62
     7
370
    -3
100
AcDbLine
 10
-9.607150732347545
 20
-92.33018604133429
 30
0.0
 11
-9.607150732347545
 21
-92.74448750602829
 31
0.0
  0
LINE
  5
D3
330
1F
100
AcDbEntity
  8
0
 62
     7
370
    -3
100
AcDbLine
 10
-9.701254833996314
 20
-92.83859160767706
 30
0.0
 11
-9.607150732347083
 21
-92.74448750602784
 31
0.0
  0
LINE
  5
D4
330
1F
100
AcDbEntity
  8
0
 62
     7
370
    -3
100
AcDbLine
 10
-9.720000000000551
 20
-92.79333677368129
 30
0.0
 11
-9.720000000000551
 21
-92.28133677368128
 31
0.0
  0
LINE
  5
D5
330
1F
100
AcDbEntity
  8
0
 62
     7
370
    -3
100
AcDbLine
 10
-9.607150732347083
 20
-92.33018604133476
 30
0.0
 11
-9.701254833996314
 21
-92.23608193968552
 31
0.0
  0
LINE
  5
D6
330
1F
100
AcDbEntity
  8
0
 62
     7
370
    -3
100
AcDbLine
 10
-9.607150732347545
 20
-92.74448750602829
 30
0.0
 11
-9.192849267653544
 21
-92.74448750602829
 31
0.0
  0
LINE
  5
D7
330
1F
100
AcDbEntity
  8
0
 62
     7
370
    -3
100
AcDbLine
 10
-9.098745166004786
 20
-92.83859160767706
 30
0.0
 11
-9.192849267654006
 21
-92.74448750602784
 31
0.0
  0
LINE
  5
D8
330
1F
100
AcDbEntity
  8
0
 62
     7
370
    -3
100
AcDbLine
 10
-9.667113483371551
 20
-92.85636446987431
 30
0.0
 11
-9.132886516629549
 21
-92.85636446987431
 31
0.0
  0
LINE
  5
D9
330
1F
100
AcDbEntity
  8
0
 62
     7
370
    -3
100
AcDbLine
 10
-9.192849267653544
 20
-92.33018604133429
 30
0.0
 11
-9.607150732347545
 21
-92.33018604133429
 31
0.0
  0
LINE
  5
DA
330
1F
100
AcDbEntity
  8
0
 62
     7
370
    -3
100
AcDbLine
 10
-9.13288651664255
 20
-92.21830907748829
 30
0.0
 11
-9.66711348338555
 21
-92.21830907748829
 31
0.0
  0
LINE
  5
DB
330
1F
100
AcDbEntity
  8
0
 62
     7
370
    -3
100
AcDbLine
 10
-9.192849267654006
 20
-92.33018604133476
 30
0.0
 11
-9.098745166004786
 21
-92.23608193968552
 31
0.0
  0
LINE
  5
DC
330
1F
100
AcDbEntity
  8
0
 62
     7
370
    -3
100
AcDbLine
 10
-9.192849267653544
 20
-92.74448750602829
 30
0.0
 11
-9.192849267653544
 21
-92.33018604133429
 31
0.0
  0
LINE
  5
DD
330
1F
100
AcDbEntity
  8
0
 62
     7
370
    -3
100
AcDbLine
 10
-9.080000000000549
 20
-92.28133677368128
 30
0.0
 11
-9.080000000000549
 21
-92.79333677368129
 31
0.0
  0
LINE
  5
DE
330
1F
100
AcDbEntity
  8
0
 62
     7
370
    -3
100
AcDbLine
 10
-9.144000000000549
 20
-92.8573367736813
 30
0.0
 11
-9.65600000000055
 21
-92.8573367736813
 31
0.0
  0
LINE
  5
DF
330
1F
100
AcDbEntity
  8
0
 62
     7
370
    -3
100
AcDbLine
 10
-9.65600000000055
 20
-92.2173367736813
 30
0.0
 11
-9.144000000000549
 21
-92.2173367736813
 31
0.0
  0
ELLIPSE
  5
E0
330
1F
100
AcDbEntity
  8
0
 62
     7
370
    -3
100
AcDbEllipse
 10
-8.440000000000595
 20
-92.28133677368125
 30
-0.0000000000000056
 11
-8.673245897047323E-16
 21
-0.06400000000000002
 31
-5.037843290158434E-32
210
-1.066759122224951E-44
220
-7.871630140872551E-31
230
1.0
 40
0.0002082747438806
 41
1.570796326794892
 42
3.141592653589205
  0
ELLIPSE
  5
E1
330
1F
100
AcDbEntity
  8
0
 62
     7
370
    -3
100
AcDbEllipse
 10
-8.440013333159595
 20
-92.79333677368125
 30
0.0000000000000059
 11
-5.974550063461006E-20
 21
0.064
 31
5.091835197379730E-32
210
-7.427105542392102E-49
220
7.955992495905829E-31
230
-1.0
 40
0.0002083306169115
 41
1.570796326794901
 42
3.14159265359038
  0
LINE
  5
E2
330
1F
100
AcDbEntity
  8
0
 62
     7
370
    -3
100
AcDbLine
 10
-5.250394122119105
 20
-85.93733677368127
 30
0.0
 11
-4.945604030138077
 21
-85.93733677368127
 31
0.0
  0
LINE
  5
E3
330
1F
100
AcDbEntity
  8
0
 62
     7
370
    -3
100
AcDbLine
 10
-5.56308784008418
 20
-86.18733677368127
 30
0.0
 11
-4.632910312172999
 21
-86.18733677368127
 31
0.0
  0
LINE
  5
E4
330
1F
100
AcDbEntity
  8
0
 62
     7
370
    -3
100
AcDbLine
 10
-5.57494160410058
 20
-86.68733677368127
 30
0.0
 11
-4.6210565481566
 21
-86.68733677368127
 31
0.0
  0
LINE
  5
E5
330
1F
100
AcDbEntity
  8
0
 62
     7
370
    -3
100
AcDbLine
 10
-5.631282177935713
 20
-86.43733677368127
 30
0.0
 11
-4.564715974321468
 21
-86.43733677368127
 31
0.0
  0
LINE
  5
E6
330
1F
100
AcDbEntity
  8
0
 62
     7
370
    -3
100
AcDbLine
 10
-5.56308784008418
 20
-86.18733677368127
 30
0.0
 11
-4.632910312172999
 21
-86.18733677368127
 31
0.0
  0
LINE
  5
E7
330
1F
100
AcDbEntity
  8
0
 62
     7
370
    -3
100
AcDbLine
 10
-5.567490528898314
 20
-93.30733677368126
 30
0.0
 11
-4.628507623358867
 21
-93.30733677368126
 31
0.0
  0
LINE
  5
E8
330
1F
100
AcDbEntity
  8
0
 62
     7
370
    -3
100
AcDbLine
 10
-5.631389676476136
 20
-93.55733677368126
 30
0.0
 11
-4.564608475781045
 21
-93.55733677368126
 31
0.0
  0
LINE
  5
E9
330
1F
100
AcDbEntity
  8
0
 62
     7
370
    -3
100
AcDbLine
 10
-5.57085089314361
 20
-93.80733677368126
 30
0.0
 11
-4.625147259113572
 21
-93.80733677368126
 31
0.0
  0
LINE
  5
EA
330
1F
100
AcDbEntity
  8
0
 62
     7
370
    -3
100
AcDbLine
 10
-5.292092221730632
 20
-94.05733677368126
 30
0.0
 11
-4.903905930526552
 21
-94.05733677368126
 31
0.0
  0
LINE
  5
EB
330
1F
100
AcDbEntity
  8
0
 62
     7
370
    -3
100
AcDbLine
 10
-5.57085089314361
 20
-93.80733677368126
 30
0.0
 11
-4.625147259113572
 21
-93.80733677368126
 31
0.0
  0
LINE
  5
EC
330
1F
100
AcDbEntity
  8
0
 62
     7
370
    -3
100
AcDbLine
 10
-9.607150732347545
 20
-94.87018604133429
 30
0.0
 11
-9.607150732347545
 21
-95.28448750602828
 31
0.0
  0
LINE
  5
ED
330
1F
100
AcDbEntity
  8
0
 62
     7
370
    -3
100
AcDbLine
 10
-9.701254833996314
 20
-95.37859160767707
 30
0.0
 11
-9.607150732347083
 21
-95.28448750602783
 31
0.0
  0
LINE
  5
EE
330
1F
100
AcDbEntity
  8
0
 62
     7
370
    -3
100
AcDbLine
 10
-9.720000000000551
 20
-95.33333677368128
 30
0.0
 11
-9.720000000000551
 21
-94.8213367736813
 31
0.0
  0
LINE
  5
EF
330
1F
100
AcDbEntity
  8
0
 62
     7
370
    -3
100
AcDbLine
 10
-9.607150732347083
 20
-94.87018604133475
 30
0.0
 11
-9.701254833996314
 21
-94.77608193968554
 31
0.0
  0
LINE
  5
F0
330
1F
100
AcDbEntity
  8
0
 62
     7
370
    -3
100
AcDbLine
 10
-9.607150732347545
 20
-95.28448750602828
 30
0.0
 11
-9.192849267653544
 21
-95.28448750602828
 31
0.0
  0
LINE
  5
F1
330
1F
100
AcDbEntity
  8
0
 62
     7
370
    -3
100
AcDbLine
 10
-9.098745166004786
 20
-95.37859160767707
 30
0.0
 11
-9.192849267654006
 21
-95.28448750602783
 31
0.0
  0
LINE
  5
F2
330
1F
100
AcDbEntity
  8
0
 62
     7
370
    -3
100
AcDbLine
 10
-9.667113483371551
 20
-95.39636446987429
 30
0.0
 11
-9.132886516629549
 21
-95.39636446987429
 31
0.0
  0
LINE
  5
F3
330
1F
100
AcDbEntity
  8
0
 62
     7
370
    -3
100
AcDbLine
 10
-9.192849267653544
 20
-95.28448750602828
 30
0.0
 11
-9.192849267653544
 21
-94.87018604133429
 31
0.0
  0
LINE
  5
F4
330
1F
100
AcDbEntity
  8
0
 62
     7
370
    -3
100
AcDbLine
 10
-9.192849267654006
 20
-94.87018604133475
 30
0.0
 11
-9.098745166004786
 21
-94.77608193968554
 31
0.0
  0
LINE
  5
F5
330
1F
100
AcDbEntity
  8
0
 62
     7
370
    -3
100
AcDbLine
 10
-9.080000000000549
 20
-94.8213367736813
 30
0.0
 11
-9.080000000000549
 21
-95.33333677368128
 31
0.0
  0
LINE
  5
F6
330
1F
100
AcDbEntity
  8
0
 62
     7
370
    -3
100
AcDbLine
 10
-9.192849267653544
 20
-94.87018604133429
 30
0.0
 11
-9.607150732347545
 21
-94.87018604133429
 31
0.0
  0
LINE
  5
F7
330
1F
100
AcDbEntity
  8
0
 62
     7
370
    -3
100
AcDbLine
 10
-9.13288651664255
 20
-94.75830907748828
 30
0.0
 11
-9.66711348338555
 21
-94.75830907748828
 31
0.0
  0
LINE
  5
F8
330
1F
100
AcDbEntity
  8
0
 62
     7
370
    -3
100
AcDbLine
 10
-9.144000000000549
 20
-95.39733677368129
 30
0.0
 11
-9.65600000000055
 21
-95.39733677368129
 31
0.0
  0
LINE
  5
F9
330
1F
100
AcDbEntity
  8
0
 62
     7
370
    -3
100
AcDbLine
 10
-9.65600000000055
 20
-94.75733677368129
 30
0.0
 11
-9.144000000000549
 21
-94.75733677368129
 31
0.0
  0
ELLIPSE
  5
FA
330
1F
100
AcDbEntity
  8
0
 62
     7
370
    -3
100
AcDbEllipse
 10
-8.440000000000595
 20
-94.82133677368125
 30
-0.0000000000000031
 11
-8.673245897047323E-16
 21
-0.06400000000000002
 31
-5.037843290158434E-32
210
-1.066759122224951E-44
220
-7.871630140872551E-31
230
1.0
 40
0.0002082747438806
 41
1.570796326794892
 42
3.141592653589205
  0
ELLIPSE
  5
FB
330
1F
100
AcDbEntity
  8
0
 62
     7
370
    -3
100
AcDbEllipse
 10
-8.440013333159595
 20
-95.33333677368125
 30
-0.0000000000000054
 11
-5.974550063461006E-20
 21
0.064
 31
5.091835197379730E-32
210
-7.427105542392102E-49
220
7.955992495905829E-31
230
-1.0
 40
0.0002083306169115
 41
1.570796326794901
 42
3.14159265359038
  0
LINE
  5
FC
330
1F
100
AcDbEntity
  8
0
 62
     7
370
    -3
100
AcDbLine
 10
-5.558504116808544
 20
-96.84733677368126
 30
0.0
 11
-4.637494035448638
 21
-96.84733677368126
 31
0.0
  0
LINE
  5
FD
330
1F
100
AcDbEntity
  8
0
 62
     7
370
    -3
100
AcDbLine
 10
-5.220398357892633
 20
-96.59733677368126
 30
0.0
 11
-4.975599794364549
 21
-96.59733677368126
 31
0.0
  0
LINE
  5
FE
330
1F
100
AcDbEntity
  8
0
 62
     7
370
    -3
100
AcDbLine
 10
-9.098745166004786
 20
-97.91859160767704
 30
0.0
 11
-9.192849267654006
 21
-97.82448750602784
 31
0.0
  0
LINE
  5
FF
330
1F
100
AcDbEntity
  8
0
 62
     7
370
    -3
100
AcDbLine
 10
-9.192849267653544
 20
-97.82448750602829
 30
0.0
 11
-9.192849267653544
 21
-97.4101860413343
 31
0.0
  0
LINE
  5
100
330
1F
100
AcDbEntity
  8
0
 62
     7
370
    -3
100
AcDbLine
 10
-9.192849267654006
 20
-97.41018604133475
 30
0.0
 11
-9.098745166004786
 21
-97.31608193968552
 31
0.0
  0
LINE
  5
101
330
1F
100
AcDbEntity
  8
0
 62
     7
370
    -3
100
AcDbLine
 10
-9.080000000000549
 20
-97.36133677368127
 30
0.0
 11
-9.080000000000549
 21
-97.87333677368129
 31
0.0
  0
LINE
  5
102
330
1F
100
AcDbEntity
  8
0
 62
     7
370
    -3
100
AcDbLine
 10
-9.192849267653544
 20
-97.4101860413343
 30
0.0
 11
-9.607150732347545
 21
-97.4101860413343
 31
0.0
  0
LINE
  5
103
330
1F
100
AcDbEntity
  8
0
 62
     7
370
    -3
100
AcDbLine
 10
-9.607150732347083
 20
-97.41018604133475
 30
0.0
 11
-9.701254833996314
 21
-97.31608193968552
 31
0.0
  0
LINE
  5
104
330
1F
100
AcDbEntity
  8
0
 62
     7
370
    -3
100
AcDbLine
 10
-9.13288651664255
 20
-97.2983090774883
 30
0.0
 11
-9.66711348338555
 21
-97.2983090774883
 31
0.0
  0
LINE
  5
105
330
1F
100
AcDbEntity
  8
0
 62
     7
370
    -3
100
AcDbLine
 10
-9.607150732347545
 20
-97.4101860413343
 30
0.0
 11
-9.607150732347545
 21
-97.82448750602829
 31
0.0
  0
LINE
  5
106
330
1F
100
AcDbEntity
  8
0
 62
     7
370
    -3
100
AcDbLine
 10
-9.701254833996314
 20
-97.91859160767704
 30
0.0
 11
-9.607150732347083
 21
-97.82448750602784
 31
0.0
  0
LINE
  5
107
330
1F
100
AcDbEntity
  8
0
 62
     7
370
    -3
100
AcDbLine
 10
-9.720000000000551
 20
-97.87333677368129
 30
0.0
 11
-9.720000000000551
 21
-97.36133677368127
 31
0.0
  0
LINE
  5
108
330
1F
100
AcDbEntity
  8
0
 62
     7
370
    -3
100
AcDbLine
 10
-9.607150732347545
 20
-97.82448750602829
 30
0.0
 11
-9.192849267653544
 21
-97.82448750602829
 31
0.0
  0
LINE
  5
109
330
1F
100
AcDbEntity
  8
0
 62
     7
370
    -3
100
AcDbLine
 10
-9.667113483371551
 20
-97.93636446987428
 30
0.0
 11
-9.132886516629549
 21
-97.93636446987428
 31
0.0
  0
LINE
  5
10A
330
1F
100
AcDbEntity
  8
0
 62
     7
370
    -3
100
AcDbLine
 10
-9.144000000000549
 20
-97.9373367736813
 30
0.0
 11
-9.65600000000055
 21
-97.9373367736813
 31
0.0
  0
LINE
  5
10B
330
1F
100
AcDbEntity
  8
0
 62
     7
370
    -3
100
AcDbLine
 10
-9.65600000000055
 20
-97.2973367736813
 30
0.0
 11
-9.144000000000549
 21
-97.2973367736813
 31
0.0
  0
ELLIPSE
  5
10C
330
1F
100
AcDbEntity
  8
0
 62
     7
370
    -3
100
AcDbEllipse
 10
-8.440000000000595
 20
-97.36133677368124
 30
-0.0000000000000007
 11
-8.673245897047323E-16
 21
-0.06400000000000002
 31
-5.037843290158434E-32
210
-1.066759122224951E-44
220
-7.871630140872551E-31
230
1.0
 40
0.0002082747438806
 41
1.570796326794892
 42
3.141592653589205
  0
ELLIPSE
  5
10D
330
1F
100
AcDbEntity
  8
0
 62
     7
370
    -3
100
AcDbEllipse
 10
-8.440013333159595
 20
-97.87333677368126
 30
-0.0000000000000029
 11
-5.974550063461006E-20
 21
0.064
 31
5.091835197379730E-32
210
-7.427105542392102E-49
220
7.955992495905829E-31
230
-1.0
 40
0.0002083306169115
 41
1.570796326794901
 42
3.14159265359038
  0
LINE
  5
10E
330
1F
100
AcDbEntity
  8
0
 62
     7
370
    -3
100
AcDbLine
 10
-9.607150732347545
 20
-100.3644875060283
 30
0.0
 11
-9.192849267653544
 21
-100.3644875060283
 31
0.0
  0
LINE
  5
10F
330
1F
100
AcDbEntity
  8
0
 62
     7
370
    -3
100
AcDbLine
 10
-9.098745166004786
 20
-100.4585916076771
 30
0.0
 11
-9.192849267654006
 21
-100.3644875060278
 31
0.0
  0
LINE
  5
110
330
1F
100
AcDbEntity
  8
0
 62
     7
370
    -3
100
AcDbLine
 10
-9.667113483371551
 20
-100.4763644698743
 30
0.0
 11
-9.132886516629549
 21
-100.4763644698743
 31
0.0
  0
LINE
  5
111
330
1F
100
AcDbEntity
  8
0
 62
     7
370
    -3
100
AcDbLine
 10
-9.701254833996314
 20
-100.4585916076771
 30
0.0
 11
-9.607150732347083
 21
-100.3644875060278
 31
0.0
  0
LINE
  5
112
330
1F
100
AcDbEntity
  8
0
 62
     7
370
    -3
100
AcDbLine
 10
-9.192849267653544
 20
-100.3644875060283
 30
0.0
 11
-9.192849267653544
 21
-99.95018604133429
 31
0.0
  0
LINE
  5
113
330
1F
100
AcDbEntity
  8
0
 62
     7
370
    -3
100
AcDbLine
 10
-9.192849267654006
 20
-99.95018604133476
 30
0.0
 11
-9.098745166004786
 21
-99.85608193968554
 31
0.0
  0
LINE
  5
114
330
1F
100
AcDbEntity
  8
0
 62
     7
370
    -3
100
AcDbLine
 10
-9.080000000000549
 20
-99.9013367736813
 30
0.0
 11
-9.080000000000549
 21
-100.4133367736813
 31
0.0
  0
LINE
  5
115
330
1F
100
AcDbEntity
  8
0
 62
     7
370
    -3
100
AcDbLine
 10
-9.607150732347545
 20
-99.95018604133429
 30
0.0
 11
-9.607150732347545
 21
-100.3644875060283
 31
0.0
  0
LINE
  5
116
330
1F
100
AcDbEntity
  8
0
 62
     7
370
    -3
100
AcDbLine
 10
-9.720000000000551
 20
-100.4133367736813
 30
0.0
 11
-9.720000000000551
 21
-99.9013367736813
 31
0.0
  0
LINE
  5
117
330
1F
100
AcDbEntity
  8
0
 62
     7
370
    -3
100
AcDbLine
 10
-9.607150732347083
 20
-99.95018604133476
 30
0.0
 11
-9.701254833996314
 21
-99.85608193968554
 31
0.0
  0
LINE
  5
118
330
1F
100
AcDbEntity
  8
0
 62
     7
370
    -3
100
AcDbLine
 10
-9.192849267653544
 20
-99.95018604133429
 30
0.0
 11
-9.607150732347545
 21
-99.95018604133429
 31
0.0
  0
LINE
  5
119
330
1F
100
AcDbEntity
  8
0
 62
     7
370
    -3
100
AcDbLine
 10
-9.13288651664255
 20
-99.83830907748828
 30
0.0
 11
-9.66711348338555
 21
-99.83830907748828
 31
0.0
  0
LINE
  5
11A
330
1F
100
AcDbEntity
  8
0
 62
     7
370
    -3
100
AcDbLine
 10
-9.144000000000549
 20
-100.4773367736813
 30
0.0
 11
-9.65600000000055
 21
-100.4773367736813
 31
0.0
  0
LINE
  5
11B
330
1F
100
AcDbEntity
  8
0
 62
     7
370
    -3
100
AcDbLine
 10
-9.65600000000055
 20
-99.83733677368129
 30
0.0
 11
-9.144000000000549
 21
-99.83733677368129
 31
0.0
  0
ELLIPSE
  5
11C
330
1F
100
AcDbEntity
  8
0
 62
     7
370
    -3
100
AcDbEllipse
 10
-8.440000000000595
 20
-99.90133677368127
 30
0.0000000000000018
 11
-8.673245897047323E-16
 21
-0.06400000000000002
 31
-5.037843290158434E-32
210
-1.066759122224951E-44
220
-7.871630140872551E-31
230
1.0
 40
0.0002082747438806
 41
1.570796326794892
 42
3.141592653589205
  0
ELLIPSE
  5
11D
330
1F
100
AcDbEntity
  8
0
 62
     7
370
    -3
100
AcDbEllipse
 10
-8.440013333159595
 20
-100.4133367736813
 30
-0.0000000000000004
 11
-5.974550063461006E-20
 21
0.064
 31
5.091835197379730E-32
210
-7.427105542392102E-49
220
7.955992495905829E-31
230
-1.0
 40
0.0002083306169115
 41
1.570796326794901
 42
3.14159265359038
  0
LINE
  5
11E
330
1F
100
AcDbEntity
  8
0
 62
     7
370
    -3
100
AcDbLine
 10
-9.192849267653544
 20
-102.4901860413343
 30
0.0
 11
-9.607150732347545
 21
-102.4901860413343
 31
0.0
  0
LINE
  5
11F
330
1F
100
AcDbEntity
  8
0
 62
     7
370
    -3
100
AcDbLine
 10
-9.607150732347083
 20
-102.4901860413348
 30
0.0
 11
-9.701254833996314
 21
-102.3960819396855
 31
0.0
  0
LINE
  5
120
330
1F
100
AcDbEntity
  8
0
 62
     7
370
    -3
100
AcDbLine
 10
-9.13288651664255
 20
-102.3783090774883
 30
0.0
 11
-9.66711348338555
 21
-102.3783090774883
 31
0.0
  0
LINE
  5
121
330
1F
100
AcDbEntity
  8
0
 62
     7
370
    -3
100
AcDbLine
 10
-9.192849267654006
 20
-102.4901860413348
 30
0.0
 11
-9.098745166004786
 21
-102.3960819396855
 31
0.0
  0
LINE
  5
122
330
1F
100
AcDbEntity
  8
0
 62
     7
370
    -3
100
AcDbLine
 10
-9.607150732347545
 20
-102.4901860413343
 30
0.0
 11
-9.607150732347545
 21
-102.9044875060283
 31
0.0
  0
LINE
  5
123
330
1F
100
AcDbEntity
  8
0
 62
     7
370
    -3
100
AcDbLine
 10
-9.701254833996314
 20
-102.998591607677
 30
0.0
 11
-9.607150732347083
 21
-102.9044875060278
 31
0.0
  0
LINE
  5
124
330
1F
100
AcDbEntity
  8
0
 62
     7
370
    -3
100
AcDbLine
 10
-9.720000000000551
 20
-102.9533367736813
 30
0.0
 11
-9.720000000000551
 21
-102.4413367736813
 31
0.0
  0
LINE
  5
125
330
1F
100
AcDbEntity
  8
0
 62
     7
370
    -3
100
AcDbLine
 10
-9.098745166004786
 20
-102.998591607677
 30
0.0
 11
-9.192849267654006
 21
-102.9044875060278
 31
0.0
  0
LINE
  5
126
330
1F
100
AcDbEntity
  8
0
 62
     7
370
    -3
100
AcDbLine
 10
-9.192849267653544
 20
-102.9044875060283
 30
0.0
 11
-9.192849267653544
 21
-102.4901860413343
 31
0.0
  0
LINE
  5
127
330
1F
100
AcDbEntity
  8
0
 62
     7
370
    -3
100
AcDbLine
 10
-9.080000000000549
 20
-102.4413367736813
 30
0.0
 11
-9.080000000000549
 21
-102.9533367736813
 31
0.0
  0
LINE
  5
128
330
1F
100
AcDbEntity
  8
0
 62
     7
370
    -3
100
AcDbLine
 10
-9.607150732347545
 20
-102.9044875060283
 30
0.0
 11
-9.192849267653544
 21
-102.9044875060283
 31
0.0
  0
LINE
  5
129
330
1F
100
AcDbEntity
  8
0
 62
     7
370
    -3
100
AcDbLine
 10
-9.667113483371551
 20
-103.0163644698743
 30
0.0
 11
-9.132886516629549
 21
-103.0163644698743
 31
0.0
  0
LINE
  5
12A
330
1F
100
AcDbEntity
  8
0
 62
     7
370
    -3
100
AcDbLine
 10
-9.144000000000549
 20
-103.0173367736813
 30
0.0
 11
-9.65600000000055
 21
-103.0173367736813
 31
0.0
  0
LINE
  5
12B
330
1F
100
AcDbEntity
  8
0
 62
     7
370
    -3
100
AcDbLine
 10
-9.65600000000055
 20
-102.3773367736813
 30
0.0
 11
-9.144000000000549
 21
-102.3773367736813
 31
0.0
  0
ELLIPSE
  5
12C
330
1F
100
AcDbEntity
  8
0
 62
     7
370
    -3
100
AcDbEllipse
 10
-8.440000000000595
 20
-102.4413367736813
 30
0.0000000000000043
 11
-8.673245897047323E-16
 21
-0.06400000000000002
 31
-5.037843290158434E-32
210
-1.066759122224951E-44
220
-7.871630140872551E-31
230
1.0
 40
0.0002082747438806
 41
1.570796326794892
 42
3.141592653589205
  0
ELLIPSE
  5
12D
330
1F
100
AcDbEntity
  8
0
 62
     7
370
    -3
100
AcDbEllipse
 10
-8.440013333159595
 20
-102.9533367736813
 30
0.000000000000002
 11
-5.974550063461006E-20
 21
0.064
 31
5.091835197379730E-32
210
-7.427105542392102E-49
220
7.955992495905829E-31
230
-1.0
 40
0.0002083306169115
 41
1.570796326794901
 42
3.14159265359038
  0
LINE
  5
12E
330
1F
100
AcDbEntity
  8
0
 62
     7
370
    -3
100
AcDbLine
 10
-9.607150732347545
 20
-105.4444875060283
 30
0.0
 11
-9.192849267653544
 21
-105.4444875060283
 31
0.0
  0
LINE
  5
12F
330
1F
100
AcDbEntity
  8
0
 62
     7
370
    -3
100
AcDbLine
 10
-9.098745166004786
 20
-105.5385916076771
 30
0.0
 11
-9.192849267654006
 21
-105.4444875060278
 31
0.0
  0
LINE
  5
130
330
1F
100
AcDbEntity
  8
0
 62
     7
370
    -3
100
AcDbLine
 10
-9.667113483371551
 20
-105.5563644698743
 30
0.0
 11
-9.132886516629549
 21
-105.5563644698743
 31
0.0
  0
LINE
  5
131
330
1F
100
AcDbEntity
  8
0
 62
     7
370
    -3
100
AcDbLine
 10
-9.701254833996314
 20
-105.5385916076771
 30
0.0
 11
-9.607150732347083
 21
-105.4444875060278
 31
0.0
  0
LINE
  5
132
330
1F
100
AcDbEntity
  8
0
 62
     7
370
    -3
100
AcDbLine
 10
-9.192849267653544
 20
-105.0301860413343
 30
0.0
 11
-9.607150732347545
 21
-105.0301860413343
 31
0.0
  0
LINE
  5
133
330
1F
100
AcDbEntity
  8
0
 62
     7
370
    -3
100
AcDbLine
 10
-9.607150732347083
 20
-105.0301860413348
 30
0.0
 11
-9.701254833996314
 21
-104.9360819396855
 31
0.0
  0
LINE
  5
134
330
1F
100
AcDbEntity
  8
0
 62
     7
370
    -3
100
AcDbLine
 10
-9.13288651664255
 20
-104.9183090774883
 30
0.0
 11
-9.66711348338555
 21
-104.9183090774883
 31
0.0
  0
LINE
  5
135
330
1F
100
AcDbEntity
  8
0
 62
     7
370
    -3
100
AcDbLine
 10
-9.192849267654006
 20
-105.0301860413348
 30
0.0
 11
-9.098745166004786
 21
-104.9360819396855
 31
0.0
  0
LINE
  5
136
330
1F
100
AcDbEntity
  8
0
 62
     7
370
    -3
100
AcDbLine
 10
-9.192849267653544
 20
-105.4444875060283
 30
0.0
 11
-9.192849267653544
 21
-105.0301860413343
 31
0.0
  0
LINE
  5
137
330
1F
100
AcDbEntity
  8
0
 62
     7
370
    -3
100
AcDbLine
 10
-9.080000000000549
 20
-104.9813367736813
 30
0.0
 11
-9.080000000000549
 21
-105.4933367736813
 31
0.0
  0
LINE
  5
138
330
1F
100
AcDbEntity
  8
0
 62
     7
370
    -3
100
AcDbLine
 10
-9.607150732347545
 20
-105.0301860413343
 30
0.0
 11
-9.607150732347545
 21
-105.4444875060283
 31
0.0
  0
LINE
  5
139
330
1F
100
AcDbEntity
  8
0
 62
     7
370
    -3
100
AcDbLine
 10
-9.720000000000551
 20
-105.4933367736813
 30
0.0
 11
-9.720000000000551
 21
-104.9813367736813
 31
0.0
  0
LINE
  5
13A
330
1F
100
AcDbEntity
  8
0
 62
     7
370
    -3
100
AcDbLine
 10
-9.144000000000549
 20
-105.5573367736813
 30
0.0
 11
-9.65600000000055
 21
-105.5573367736813
 31
0.0
  0
LINE
  5
13B
330
1F
100
AcDbEntity
  8
0
 62
     7
370
    -3
100
AcDbLine
 10
-9.65600000000055
 20
-104.9173367736813
 30
0.0
 11
-9.144000000000549
 21
-104.9173367736813
 31
0.0
  0
ELLIPSE
  5
13C
330
1F
100
AcDbEntity
  8
0
 62
     7
370
    -3
100
AcDbEllipse
 10
-8.440000000000595
 20
-104.9813367736813
 30
0.0000000000000068
 11
-8.673245897047323E-16
 21
-0.06400000000000002
 31
-5.037843290158434E-32
210
-1.066759122224951E-44
220
-7.871630140872551E-31
230
1.0
 40
0.0002082747438806
 41
1.570796326794892
 42
3.141592653589205
  0
ELLIPSE
  5
13D
330
1F
100
AcDbEntity
  8
0
 62
     7
370
    -3
100
AcDbEllipse
 10
-8.440013333159595
 20
-105.4933367736812
 30
0.0000000000000045
 11
-5.974550063461006E-20
 21
0.064
 31
5.091835197379730E-32
210
-7.427105542392102E-49
220
7.955992495905829E-31
230
-1.0
 40
0.0002083306169115
 41
1.570796326794901
 42
3.14159265359038
  0
LINE
  5
13E
330
1F
100
AcDbEntity
  8
0
 62
     7
370
    -3
100
AcDbLine
 10
-5.566587922261847
 20
-100.9273367736813
 30
0.0
 11
-4.629410229995334
 21
-100.9273367736813
 31
0.0
  0
LINE
  5
13F
330
1F
100
AcDbEntity
  8
0
 62
     7
370
    -3
100
AcDbLine
 10
-5.270216424371414
 20
-101.1773367736813
 30
0.0
 11
-4.925781727885767
 21
-101.1773367736813
 31
0.0
  0
LINE
  5
140
330
1F
100
AcDbEntity
  8
0
 62
     7
370
    -3
100
AcDbLine
 10
-3.600000000000589
 20
-107.5125367736813
 30
0.0
 11
-3.600000000000589
 21
-72.49253677368127
 31
0.0
  0
LINE
  5
141
330
1F
100
AcDbEntity
  8
0
 62
     7
370
    -3
100
AcDbLine
 10
-3.600000000000589
 20
-72.49253677368127
 30
0.0
 11
-2.000000000000588
 21
-72.49253677368127
 31
0.0
  0
LINE
  5
142
330
1F
100
AcDbEntity
  8
0
 62
     7
370
    -3
100
AcDbLine
 10
-2.000000000000588
 20
-107.5125367736813
 30
0.0
 11
-2.000000000000588
 21
-99.42555484957578
 31
0.0
  0
LINE
  5
143
330
1F
100
AcDbEntity
  8
0
 62
     7
370
    -3
100
AcDbLine
 10
-2.000000000000588
 20
-99.42555484957578
 30
0.0
 11
-2.000000000000588
 21
-98.36345193104792
 31
0.0
  0
LINE
  5
144
330
1F
100
AcDbEntity
  8
0
 62
     7
370
    -3
100
AcDbLine
 10
-2.000000000000588
 20
-98.36345193104792
 30
0.0
 11
-2.000000000000588
 21
-95.86955484957576
 31
0.0
  0
LINE
  5
145
330
1F
100
AcDbEntity
  8
0
 62
     7
370
    -3
100
AcDbLine
 10
-2.000000000000588
 20
-95.86955484957576
 30
0.0
 11
-2.000000000000588
 21
-94.80745193104792
 31
0.0
  0
LINE
  5
146
330
1F
100
AcDbEntity
  8
0
 62
     7
370
    -3
100
AcDbLine
 10
-2.000000000000588
 20
-94.80745193104792
 30
0.0
 11
-2.000000000000588
 21
-92.31355484957577
 31
0.0
  0
LINE
  5
147
330
1F
100
AcDbEntity
  8
0
 62
     7
370
    -3
100
AcDbLine
 10
-2.000000000000588
 20
-92.31355484957577
 30
0.0
 11
-2.000000000000588
 21
-91.25145193104791
 31
0.0
  0
LINE
  5
148
330
1F
100
AcDbEntity
  8
0
 62
     7
370
    -3
100
AcDbLine
 10
-2.000000000000588
 20
-91.25145193104791
 30
0.0
 11
-2.000000000000588
 21
-88.75755484957575
 31
0.0
  0
LINE
  5
149
330
1F
100
AcDbEntity
  8
0
 62
     7
370
    -3
100
AcDbLine
 10
-2.000000000000588
 20
-88.75755484957575
 30
0.0
 11
-2.000000000000588
 21
-87.69545193104791
 31
0.0
  0
LINE
  5
14A
330
1F
100
AcDbEntity
  8
0
 62
     7
370
    -3
100
AcDbLine
 10
-2.000000000000588
 20
-87.69545193104791
 30
0.0
 11
-2.000000000000588
 21
-85.20155484957576
 31
0.0
  0
LINE
  5
14B
330
1F
100
AcDbEntity
  8
0
 62
     7
370
    -3
100
AcDbLine
 10
-2.000000000000588
 20
-85.20155484957576
 30
0.0
 11
-2.000000000000588
 21
-84.13945193104792
 31
0.0
  0
LINE
  5
14C
330
1F
100
AcDbEntity
  8
0
 62
     7
370
    -3
100
AcDbLine
 10
-2.000000000000588
 20
-84.13945193104792
 30
0.0
 11
-2.000000000000588
 21
-81.64555484957576
 31
0.0
  0
LINE
  5
14D
330
1F
100
AcDbEntity
  8
0
 62
     7
370
    -3
100
AcDbLine
 10
-2.000000000000588
 20
-81.64555484957576
 30
0.0
 11
-2.000000000000588
 21
-80.58345193104792
 31
0.0
  0
LINE
  5
14E
330
1F
100
AcDbEntity
  8
0
 62
     7
370
    -3
100
AcDbLine
 10
-2.000000000000588
 20
-80.58345193104792
 30
0.0
 11
-2.000000000000588
 21
-72.49253677368127
 31
0.0
  0
LINE
  5
14F
330
1F
100
AcDbEntity
  8
0
 62
     7
370
    -3
100
AcDbLine
 10
-3.600000000000589
 20
-107.5125367736813
 30
0.0
 11
-2.000000000000588
 21
-107.5125367736813
 31
0.0
  0
ARC
  5
150
330
1F
100
AcDbEntity
  8
0
 62
     7
370
    -3
100
AcDbCircle
 10
-5.351999076128596
 20
-67.33500339031184
 30
0.0000000000000006
 40
1.016
100
AcDbArc
 50
90.0
 51
180.0
  0
CIRCLE
  5
151
330
1F
100
AcDbEntity
  8
0
 62
     7
370
    -3
100
AcDbCircle
 10
5.570000923871405
 20
-70.30680339031184
 30
0.0000000000000056
 40
1.651
  0
CIRCLE
  5
152
330
1F
100
AcDbEntity
  8
0
 62
     7
370
    -3
100
AcDbCircle
 10
-5.570000923871405
 20
-109.7022033903118
 30
-0.000000000000527
 40
1.650999999999999
210
-7.156954065848374E-15
220
4.480970876951429E-15
230
-1.0
  0
LINE
  5
153
330
1F
100
AcDbEntity
  8
0
 62
     7
370
    -3
100
AcDbLine
 10
-5.351999076128596
 20
-66.31900339031183
 30
0.0
 11
8.364000923871403
 21
-66.31900339031183
 31
0.0
  0
ARC
  5
154
330
1F
100
AcDbEntity
  8
0
 62
     7
370
    -3
100
AcDbCircle
 10
8.364000923871403
 20
-67.33500339031184
 30
-0.0000000000000013
 40
1.016
100
AcDbArc
 50
0.0
 51
90.0
  0
LINE
  5
155
330
1F
100
AcDbEntity
  8
0
 62
     7
370
    -3
100
AcDbLine
 10
9.380000923871405
 20
-75.08200339031183
 30
0.0
 11
9.380000923871403
 21
-67.33500339031184
 31
0.0
  0
LINE
  5
156
330
1F
100
AcDbEntity
  8
0
 62
     7
370
    -3
100
AcDbLine
 10
17.00000092387141
 20
-75.08200339031183
 30
0.0
 11
9.380000923871405
 21
-75.08200339031183
 31
0.0
  0
LINE
  5
157
330
1F
100
AcDbEntity
  8
0
 62
     7
370
    -3
100
AcDbLine
 10
17.00000092387141
 20
-75.08200339031183
 30
0.0
 11
17.00000092387141
 21
-104.9270033903118
 31
0.0
  0
LINE
  5
158
330
1F
100
AcDbEntity
  8
0
 62
     7
370
    -3
100
AcDbLine
 10
9.380000923871405
 20
-104.9270033903118
 30
0.0
 11
17.00000092387141
 21
-104.9270033903118
 31
0.0
  0
LINE
  5
159
330
1F
100
AcDbEntity
  8
0
 62
     7
370
    -3
100
AcDbLine
 10
9.380000923871405
 20
-112.6740033903119
 30
0.0
 11
9.380000923871405
 21
-104.9270033903118
 31
0.0
  0
ARC
  5
15A
330
1F
100
AcDbEntity
  8
0
 62
     7
370
    -3
100
AcDbCircle
 10
8.364000923871407
 20
-112.6740033903119
 30
0.0000000000000037
 40
1.016
100
AcDbArc
 50
270.0
 51
0.0
  0
LINE
  5
15B
330
1F
100
AcDbEntity
  8
0
 62
     7
370
    -3
100
AcDbLine
 10
8.364000923871407
 20
-113.6900033903118
 30
0.0
 11
-5.351999076128589
 21
-113.6900033903118
 31
0.0
  0
ARC
  5
15C
330
1F
100
AcDbEntity
  8
0
 62
     7
370
    -3
100
AcDbCircle
 10
-5.351999076128589
 20
-112.6740033903119
 30
0.0000000000000056
 40
1.016
100
AcDbArc
 50
180.0
 51
270.0
  0
LINE
  5
15D
330
1F
100
AcDbEntity
  8
0
 62
     7
370
    -3
100
AcDbLine
 10
-6.367999076128593
 20
-112.6740033903119
 30
0.0
 11
-6.367999076128593
 21
-67.33500339031184
 31
0.0
  0
ARC
  5
15E
330
1F
100
AcDbEntity
  8
0
 62
     7
370
    -3
100
AcDbCircle
 10
-2.04999907612859
 20
-84.67050339031184
 30
-0.0000000000000038
 40
0.5334000000000001
100
AcDbArc
 50
270.0
 51
275.3786049929572
  0
ARC
  5
15F
330
1F
100
AcDbEntity
  8
0
 62
     7
370
    -3
100
AcDbCircle
 10
-2.04999907612859
 20
-84.67050339031184
 30
-0.0000000000000038
 40
0.5334000000000001
100
AcDbArc
 50
275.3786049929572
 51
84.62139500704284
  0
ARC
  5
160
330
1F
100
AcDbEntity
  8
0
 62
     7
370
    -3
100
AcDbCircle
 10
-2.04999907612859
 20
-84.67050339031184
 30
-0.0000000000000038
 40
0.5334000000000001
100
AcDbArc
 50
84.62139500704284
 51
270.0
  0
CIRCLE
  5
161
330
1F
100
AcDbEntity
  8
0
 62
     7
370
    -3
100
AcDbCircle
 10
-5.097999076128592
 20
-82.89250339031184
 30
-0.0000000000000016
 40
0.5334000000000001
  0
CIRCLE
  5
162
330
1F
100
AcDbEntity
  8
0
 62
     7
370
    -3
100
AcDbCircle
 10
-5.097999076128592
 20
-86.44850339031183
 30
-0.0000000000000036
 40
0.5334000000000001
  0
ARC
  5
163
330
1F
100
AcDbEntity
  8
0
 62
     7
370
    -3
100
AcDbCircle
 10
-2.04999907612859
 20
-88.22650339031183
 30
-0.0000000000000058
 40
0.5334000000000001
100
AcDbArc
 50
270.0
 51
275.3786049929572
  0
ARC
  5
164
330
1F
100
AcDbEntity
  8
0
 62
     7
370
    -3
100
AcDbCircle
 10
-2.04999907612859
 20
-88.22650339031183
 30
-0.0000000000000058
 40
0.5334000000000001
100
AcDbArc
 50
275.3786049929572
 51
84.62139500704284
  0
ARC
  5
165
330
1F
100
AcDbEntity
  8
0
 62
     7
370
    -3
100
AcDbCircle
 10
-2.04999907612859
 20
-88.22650339031183
 30
-0.0000000000000058
 40
0.5334000000000001
100
AcDbArc
 50
84.62139500704284
 51
270.0
  0
CIRCLE
  5
166
330
1F
100
AcDbEntity
  8
0
 62
     7
370
    -3
100
AcDbCircle
 10
-5.097999076128592
 20
-90.00450339031184
 30
-0.0000000000000057
 40
0.5334000000000001
  0
CIRCLE
  5
167
330
1F
100
AcDbEntity
  8
0
 62
     7
370
    -3
100
AcDbCircle
 10
-5.097999076128592
 20
-79.33650339031185
 30
0.0000000000000005
 40
0.5334000000000001
  0
ARC
  5
168
330
1F
100
AcDbEntity
  8
0
 62
     7
370
    -3
100
AcDbCircle
 10
-2.04999907612859
 20
-91.78250339031185
 30
0.000000000000006
 40
0.5334000000000001
100
AcDbArc
 50
270.0
 51
275.3786049929572
  0
ARC
  5
169
330
1F
100
AcDbEntity
  8
0
 62
     7
370
    -3
100
AcDbCircle
 10
-2.04999907612859
 20
-91.78250339031185
 30
0.000000000000006
 40
0.5334000000000001
100
AcDbArc
 50
275.3786049929572
 51
84.62139500704284
  0
ARC
  5
16A
330
1F
100
AcDbEntity
  8
0
 62
     7
370
    -3
100
AcDbCircle
 10
-2.04999907612859
 20
-91.78250339031185
 30
0.000000000000006
 40
0.5334000000000001
100
AcDbArc
 50
84.62139500704284
 51
270.0
  0
ARC
  5
16B
330
1F
100
AcDbEntity
  8
0
 62
     7
370
    -3
100
AcDbCircle
 10
-2.04999907612859
 20
-95.33850339031184
 30
0.0000000000000039
 40
0.5334000000000001
100
AcDbArc
 50
270.0
 51
275.3786049929572
  0
ARC
  5
16C
330
1F
100
AcDbEntity
  8
0
 62
     7
370
    -3
100
AcDbCircle
 10
-2.04999907612859
 20
-95.33850339031184
 30
0.0000000000000039
 40
0.5334000000000001
100
AcDbArc
 50
275.3786049929572
 51
84.62139500704284
  0
ARC
  5
16D
330
1F
100
AcDbEntity
  8
0
 62
     7
370
    -3
100
AcDbCircle
 10
-2.04999907612859
 20
-95.33850339031184
 30
0.0000000000000039
 40
0.5334000000000001
100
AcDbArc
 50
84.62139500704284
 51
270.0
  0
ARC
  5
16E
330
1F
100
AcDbEntity
  8
0
 62
     7
370
    -3
100
AcDbCircle
 10
-2.04999907612859
 20
-98.89450339031184
 30
0.0000000000000019
 40
0.5334000000000001
100
AcDbArc
 50
270.0
 51
275.3786049929572
  0
ARC
  5
16F
330
1F
100
AcDbEntity
  8
0
 62
     7
370
    -3
100
AcDbCircle
 10
-2.04999907612859
 20
-98.89450339031184
 30
0.0000000000000019
 40
0.5334000000000001
100
AcDbArc
 50
275.3786049929572
 51
84.62139500704284
  0
ARC
  5
170
330
1F
100
AcDbEntity
  8
0
 62
     7
370
    -3
100
AcDbCircle
 10
-2.04999907612859
 20
-98.89450339031184
 30
0.0000000000000019
 40
0.5334000000000001
100
AcDbArc
 50
84.62139500704284
 51
270.0
  0
CIRCLE
  5
171
330
1F
100
AcDbEntity
  8
0
 62
     7
370
    -3
100
AcDbCircle
 10
-5.097999076128592
 20
-93.56050339031184
 30
0.0000000000000061
 40
0.5334000000000001
  0
CIRCLE
  5
172
330
1F
100
AcDbEntity
  8
0
 62
     7
370
    -3
100
AcDbCircle
 10
-5.097999076128592
 20
-97.11650339031185
 30
0.0000000000000041
 40
0.5334000000000001
  0
CIRCLE
  5
173
330
1F
100
AcDbEntity
  8
0
 62
     7
370
    -3
100
AcDbCircle
 10
-5.097999076128592
 20
-100.6725033903118
 30
0.000000000000002
 40
0.5334000000000001
  0
ARC
  5
174
330
1F
100
AcDbEntity
  8
0
 62
     7
370
    -3
100
AcDbCircle
 10
-2.04999907612859
 20
-81.11450339031184
 30
-0.0000000000000017
 40
0.5334000000000001
100
AcDbArc
 50
270.0
 51
275.3786049929572
  0
ARC
  5
175
330
1F
100
AcDbEntity
  8
0
 62
     7
370
    -3
100
AcDbCircle
 10
-2.04999907612859
 20
-81.11450339031184
 30
-0.0000000000000017
 40
0.5334000000000001
100
AcDbArc
 50
275.3786049929572
 51
84.62139500704284
  0
ARC
  5
176
330
1F
100
AcDbEntity
  8
0
 62
     7
370
    -3
100
AcDbCircle
 10
-2.04999907612859
 20
-81.11450339031184
 30
-0.0000000000000017
 40
0.5334000000000001
100
AcDbArc
 50
84.62139500704284
 51
270.0
  0
LINE
  5
177
330
1F
100
AcDbEntity
  8
0
 62
     7
370
    -3
100
AcDbLine
 10
9.380000923871401
 20
-74.32000339031184
 30
0.0
 11
17.0000009238714
 21
-74.32000339031184
 31
0.0
  0
LINE
  5
178
330
1F
100
AcDbEntity
  8
0
 62
     7
370
    -3
100
AcDbLine
 10
17.0000009238714
 20
-74.32000339031184
 30
0.0
 11
17.00000092387141
 21
-75.08200339031183
 31
0.0
  0
LINE
  5
179
330
1F
100
AcDbEntity
  8
0
 62
     7
370
    -3
100
AcDbLine
 10
17.0000009238714
 20
-105.6890033903118
 30
0.0
 11
17.00000092387139
 21
-104.9270033903118
 31
0.0
  0
LINE
  5
17A
330
1F
100
AcDbEntity
  8
0
 62
     7
370
    -3
100
AcDbLine
 10
17.0000009238714
 20
-105.6890033903118
 30
0.0
 11
9.380000923871401
 21
-105.6890033903118
 31
0.0
  0
SPLINE
  5
17B
330
1F
100
AcDbEntity
  8
0
 62
     7
370
    -3
100
AcDbSpline
210
0.0
220
0.0
230
1.0
 70
     8
 71
     3
 72
    14
 73
    10
 74
     0
 42
0.0000000001
 43
0.00000001
 40
0.0
 40
0.0
 40
0.0
 40
0.0
 40
0.0858628456813365
 40
0.170560550631648
 40
0.2542963192815433
 40
0.3785409416703081
 40
0.5018275895202492
 40
0.7483417930520014
 40
1.0
 40
1.0
 40
1.0
 40
1.0
 10
-9.66711348338555
 20
-74.43830907749049
 30
-0.0000000000000001
 10
-9.668211903883881
 20
-74.4385224270638
 30
-0.0000000000000001
 10
-9.670393839545739
 20
-74.43894623110167
 30
-0.0000000000000001
 10
-9.673603931015915
 20
-74.43977508578826
 30
-0.0000000000000001
 10
-9.677248927098224
 20
-74.44089909232044
 30
0.0
 10
-9.681289386501994
 20
-74.4424329487332
 30
0.0
 10
-9.6871101037093
 20
-74.44518663036631
 30
0.0
 10
-9.694056320355264
 20
-74.44944970504147
 30
0.0
 10
-9.698838868319033
 20
-74.45385602860632
 30
0.0000000000000001
 10
-9.70125483399655
 20
-74.45608193968498
 30
0.0000000000000001
  0
SPLINE
  5
17C
330
1F
100
AcDbEntity
  8
0
 62
     7
370
    -3
100
AcDbSpline
210
0.0
220
0.0
230
1.0
 70
     8
 71
     3
 72
    14
 73
    10
 74
     0
 42
0.0000000001
 43
0.00000001
 40
0.0
 40
0.0
 40
0.0
 40
0.0
 40
0.2509808697133105
 40
0.4972930186698307
 40
0.6206490404334046
 40
0.7450690368349108
 40
0.8289765249398499
 40
0.913886747535248
 40
1.0
 40
1.0
 40
1.0
 40
1.0
 10
-9.09874516600455
 20
-74.45608193968498
 30
-0.0000000000000043
 10
-9.101154824335925
 20
-74.45386274343798
 30
-0.0000000000000043
 10
-9.105929316778083
 20
-74.44946563220819
 30
-0.0000000000000042
 10
-9.112867414914257
 20
-74.44521148737934
 30
-0.0000000000000041
 10
-9.118687525120185
 20
-74.44245711158825
 30
-0.0000000000000041
 10
-9.12273171316184
 20
-74.440919297546
 30
-0.000000000000004
 10
-9.126382102749565
 20
-74.43978955909817
 30
-0.000000000000004
 10
-9.129598658647867
 20
-74.43895429119809
 30
-0.000000000000004
 10
-9.13178543649624
 20
-74.43852515494862
 30
-0.000000000000004
 10
-9.13288651664255
 20
-74.43830907748803
 30
-0.000000000000004
  0
SPLINE
  5
17D
330
1F
100
AcDbEntity
  8
0
 62
     7
370
    -3
100
AcDbSpline
210
0.0
220
0.0
230
1.0
 70
     8
 71
     3
 72
    18
 73
    14
 74
     0
 42
0.0000000001
 43
0.00000001
 40
0.0
 40
0.0
 40
0.0
 40
0.0
 40
0.3378584477125352
 40
0.4464996810772152
 40
0.5755023642000534
 40
0.6526757669589798
 40
0.7436446583617777
 40
0.7783547184842098
 40
0.8159664528406224
 40
0.8569354163436623
 40
0.9014657076841169
 40
0.9494983749834511
 40
1.0
 40
1.0
 40
1.0
 40
1.0
 10
-9.09874516600455
 20
-75.05859160767727
 30
-0.000000000000007
 10
-9.09502016575754
 20
-75.05428853585046
 30
-0.000000000000007
 10
-9.090097360264402
 20
-75.04860177498558
 30
-0.000000000000007
 10
-9.085722242822769
 20
-75.03998991988199
 30
-0.000000000000007
 10
-9.083732634820421
 20
-75.0351042332949
 30
-0.000000000000007
 10
-9.082257104812566
 20
-75.03035164155796
 30
-0.000000000000007
 10
-9.081455928021786
 20
-75.02704927835913
 30
-0.000000000000007
 10
-9.080948695486061
 20
-75.02436358981002
 30
-0.000000000000007
 10
-9.080647667612022
 20
-75.02249128989818
 30
-0.0000000000000069
 10
-9.080383828295838
 20
-75.0204474096624
 30
-0.0000000000000069
 10
-9.080173982142716
 20
-75.01822210901442
 30
-0.0000000000000069
 10
-9.080028363224327
 20
-75.01583127127068
 30
-0.0000000000000069
 10
-9.08000961103202
 20
-75.01418204765363
 30
-0.0000000000000069
 10
-9.080000000000549
 20
-75.0133367736813
 30
-0.0000000000000069
  0
SPLINE
  5
17E
330
1F
100
AcDbEntity
  8
0
 62
     7
370
    -3
100
AcDbSpline
210
0.0
220
0.0
230
1.0
 70
     8
 71
     3
 72
    21
 73
    17
 74
     0
 42
0.0000000001
 43
0.00000001
 40
0.0
 40
0.0
 40
0.0
 40
0.0
 40
0.0331414621470409
 40
0.065982277859007
 40
0.0985382024790299
 40
0.130825408411966
 40
0.1734849860060305
 40
0.2157367228341943
 40
0.2576221827320459
 40
0.3198537748657979
 40
0.3815054763186815
 40
0.4427296196797312
 40
0.5036817433031846
 40
0.6659843706796492
 40
0.8304654335093055
 40
1.0
 40
1.0
 40
1.0
 40
1.0
 10
-9.080000000000078
 20
-74.50133677368129
 30
-0.0000000000000046
 10
-9.080009244293125
 20
-74.50078125734095
 30
-0.0000000000000046
 10
-9.080027649018598
 20
-74.49967526408811
 30
-0.0000000000000046
 10
-9.080100364880295
 20
-74.49802480896918
 30
-0.0000000000000046
 10
-9.080206110149874
 20
-74.49639057808658
 30
-0.0000000000000046
 10
-9.080363600373543
 20
-74.49459517922892
 30
-0.0000000000000046
 10
-9.080587137477949
 20
-74.49264294558573
 30
-0.0000000000000046
 10
-9.080894579468993
 20
-74.4905393609286
 30
-0.0000000000000046
 10
-9.08132612483503
 20
-74.48812355232889
 30
-0.0000000000000046
 10
-9.081924520753228
 20
-74.48540866335475
 30
-0.0000000000000045
 10
-9.082741322259123
 20
-74.48241370869813
 30
-0.0000000000000045
 10
-9.083700859127347
 20
-74.47948388601817
 30
-0.0000000000000045
 10
-9.085412091031685
 20
-74.47503050459554
 30
-0.0000000000000045
 10
-9.088322379955343
 20
-74.46919800318419
 30
-0.0000000000000044
 10
-9.092973949245001
 20
-74.46225784289047
 30
-0.0000000000000044
 10
-9.096802120922453
 20
-74.45816123402635
 30
-0.0000000000000043
 10
-9.098745166004228
 20
-74.45608193968529
 30
-0.0000000000000043
  0
SPLINE
  5
17F
330
1F
100
AcDbEntity
  8
0
 62
     7
370
    -3
100
AcDbSpline
210
0.0
220
0.0
230
1.0
 70
     8
 71
     3
 72
    21
 73
    17
 74
     0
 42
0.0000000001
 43
0.00000001
 40
0.0
 40
0.0
 40
0.0
 40
0.0
 40
0.033141462146504
 40
0.0659822778584863
 40
0.0985382024785238
 40
0.1308254084120212
 40
0.1734849860055565
 40
0.2157367228342904
 40
0.2576221827321609
 40
0.3198537748659407
 40
0.381505476318852
 40
0.4427296196799185
 40
0.5036817433028842
 40
0.665984370679916
 40
0.8304654335096655
 40
1.0
 40
1.0
 40
1.0
 40
1.0
 10
-9.720000000001024
 20
-75.0133367736813
 30
-0.0000000000000023
 10
-9.719990755707977
 20
-75.01389229002164
 30
-0.0000000000000023
 10
-9.719972350982506
 20
-75.01499828327448
 30
-0.0000000000000023
 10
-9.719899635120806
 20
-75.01664873839341
 30
-0.0000000000000023
 10
-9.71979388985122
 20
-75.01828296927599
 30
-0.0000000000000023
 10
-9.719636399627568
 20
-75.02007836813368
 30
-0.0000000000000023
 10
-9.719412862523143
 20
-75.02203060177682
 30
-0.0000000000000023
 10
-9.71910542053211
 20
-75.024134186434
 30
-0.0000000000000023
 10
-9.718673875166072
 20
-75.02654999503372
 30
-0.0000000000000024
 10
-9.718075479247874
 20
-75.02926488400786
 30
-0.0000000000000024
 10
-9.717258677741977
 20
-75.03225983866446
 30
-0.0000000000000024
 10
-9.71629914087376
 20
-75.03518966134439
 30
-0.0000000000000024
 10
-9.714587908969397
 20
-75.03964304276703
 30
-0.0000000000000025
 10
-9.71167762004577
 20
-75.04547554417837
 30
-0.0000000000000025
 10
-9.707026050756106
 20
-75.05241570447212
 30
-0.0000000000000026
 10
-9.703197879078655
 20
-75.05651231333626
 30
-0.0000000000000026
 10
-9.701254833996874
 20
-75.05859160767727
 30
-0.0000000000000026
  0
SPLINE
  5
180
330
1F
100
AcDbEntity
  8
0
 62
     7
370
    -3
100
AcDbSpline
210
0.0
220
0.0
230
1.0
 70
     8
 71
     3
 72
    18
 73
    14
 74
     0
 42
0.0000000001
 43
0.00000001
 40
0.0
 40
0.0
 40
0.0
 40
0.0
 40
0.3378584477122618
 40
0.4464996810768877
 40
0.575502364199136
 40
0.6526757669580135
 40
0.7436446583613522
 40
0.7783547184843165
 40
0.8159664528401647
 40
0.856935416343728
 40
0.9014657076836166
 40
0.9494983749829228
 40
1.0
 40
1.0
 40
1.0
 40
1.0
 10
-9.70125483399655
 20
-74.45608193968528
 30
0.0000000000000001
 10
-9.704979834243554
 20
-74.46038501151207
 30
0.0000000000000001
 10
-9.709902639736685
 20
-74.46607177237695
 30
0.0000000000000001
 10
-9.714277757178321
 20
-74.47468362748059
 30
0.0000000000000001
 10
-9.716267365180673
 20
-74.47956931406762
 30
0.0000000000000001
 10
-9.717742895188525
 20
-74.48432190580462
 30
0.0000000000000001
 10
-9.71854407197932
 20
-74.48762426900346
 30
0.0000000000000001
 10
-9.719051304515032
 20
-74.49030995755253
 30
0.0
 10
-9.71935233238909
 20
-74.49218225746446
 30
0.0
 10
-9.71961617170525
 20
-74.49422613770014
 30
0.0
 10
-9.71982601785839
 20
-74.49645143834815
 30
0.0
 10
-9.71997163677677
 20
-74.49884227609192
 30
0.0
 10
-9.719990388969078
 20
-74.50049149970894
 30
0.0
 10
-9.720000000000551
 20
-74.50133677368129
 30
0.0
  0
SPLINE
  5
181
330
1F
100
AcDbEntity
  8
0
 62
     7
370
    -3
100
AcDbSpline
210
0.0
220
0.0
230
1.0
 70
     8
 71
     3
 72
    14
 73
    10
 74
     0
 42
0.0000000001
 43
0.00000001
 40
0.0
 40
0.0
 40
0.0
 40
0.0
 40
0.0858628456929971
 40
0.1705605506523501
 40
0.2542963193086746
 40
0.3785409417021977
 40
0.5018275895520186
 40
0.7483417930730991
 40
1.0
 40
1.0
 40
1.0
 40
1.0
 10
-9.132886516629549
 20
-75.07636446987456
 30
-0.0000000000000068
 10
-9.131788096130615
 20
-75.0761511203014
 30
-0.0000000000000068
 10
-9.129606160467585
 20
-75.07572731626382
 30
-0.0000000000000068
 10
-9.126396068995714
 20
-75.07489846157755
 30
-0.0000000000000069
 10
-9.12275107291159
 20
-75.07377445504552
 30
-0.0000000000000069
 10
-9.118710613505916
 20
-75.07224059863287
 30
-0.0000000000000069
 10
-9.112889896296164
 20
-75.06948691699964
 30
-0.0000000000000069
 10
-9.105943679647652
 20
-75.06522384232349
 30
-0.000000000000007
 10
-9.101161131682645
 20
-75.06081751875702
 30
-0.000000000000007
 10
-9.09874516600455
 20
-75.05859160767761
 30
-0.000000000000007
  0
SPLINE
  5
182
330
1F
100
AcDbEntity
  8
0
 62
     7
370
    -3
100
AcDbSpline
210
0.0
220
0.0
230
1.0
 70
     8
 71
     3
 72
    14
 73
    10
 74
     0
 42
0.0000000001
 43
0.00000001
 40
0.0
 40
0.0
 40
0.0
 40
0.0
 40
0.2509808695238286
 40
0.497293018426425
 40
0.6206490402101391
 40
0.745069036661068
 40
0.8289765248132214
 40
0.9138867474670376
 40
1.0
 40
1.0
 40
1.0
 40
1.0
 10
-9.70125483399655
 20
-75.05859160767761
 30
-0.0000000000000026
 10
-9.698845175667856
 20
-75.06081080392222
 30
-0.0000000000000027
 10
-9.69407068322974
 20
-75.06520791514848
 30
-0.0000000000000027
 10
-9.687132585098556
 20
-75.0694620599745
 30
-0.0000000000000028
 10
-9.681312474894998
 20
-75.07221643576587
 30
-0.0000000000000028
 10
-9.677268286853856
 20
-75.07375424980958
 30
-0.0000000000000029
 10
-9.67361789726598
 20
-75.07488398825933
 30
-0.0000000000000029
 10
-9.670401341367109
 20
-75.07571925616173
 30
-0.0000000000000029
 10
-9.668214563518191
 20
-75.07614839241303
 30
-0.0000000000000029
 10
-9.667113483371553
 20
-75.07636446987458
 30
-0.000000000000003
  0
SPLINE
  5
183
330
1F
100
AcDbEntity
  8
0
 62
     7
370
    -3
100
AcDbSpline
210
0.0
220
0.0
230
1.0
 70
     8
 71
     3
 72
     9
 73
     5
 74
     0
 42
0.0000000001
 43
0.00000001
 40
0.0
 40
0.0
 40
0.0
 40
0.0
 40
0.5599400502690751
 40
1.0
 40
1.0
 40
1.0
 40
1.0
 10
-9.144000000000549
 20
-75.07733677368128
 30
-0.0000000000000067
 10
-9.141913612620105
 20
-75.07728565309905
 30
-0.0000000000000068
 10
-9.138187521979795
 20
-75.07719435657152
 30
-0.0000000000000068
 10
-9.134506421515031
 20
-75.07661807035691
 30
-0.0000000000000068
 10
-9.132886516629549
 20
-75.07636446987428
 30
-0.0000000000000068
  0
LINE
  5
184
330
1F
100
AcDbEntity
  8
0
 62
     7
370
    -3
100
AcDbLine
 10
-9.720085036474254
 20
-74.49667109536232
 30
0.0
 11
-9.720255329292987
 21
-74.50133677368103
 31
0.0
  0
SPLINE
  5
185
330
1F
100
AcDbEntity
  8
0
 62
     7
370
    -3
100
AcDbSpline
210
0.0
220
0.0
230
1.0
 70
     8
 71
     3
 72
     9
 73
     5
 74
     0
 42
0.0000000001
 43
0.00000001
 40
0.0
 40
0.0
 40
0.0
 40
0.0
 40
0.5599400502880388
 40
1.0
 40
1.0
 40
1.0
 40
1.0
 10
-9.65600000000055
 20
-74.43733677368128
 30
-0.0000000000000002
 10
-9.658086387383749
 20
-74.4373878942635
 30
-0.0000000000000002
 10
-9.661812478028862
 20
-74.43747919079105
 30
-0.0000000000000001
 10
-9.66549357849815
 20
-74.43805547700775
 30
-0.0000000000000001
 10
-9.66711348338555
 20
-74.4383090774913
 30
-0.0000000000000001
  0
SPLINE
  5
186
330
1F
100
AcDbEntity
  8
0
 62
     7
370
    -3
100
AcDbSpline
210
0.0
220
0.0
230
1.0
 70
     8
 71
     3
 72
     9
 73
     5
 74
     0
 42
0.0000000001
 43
0.00000001
 40
0.0
 40
0.0
 40
0.0
 40
0.0
 40
0.5599400502564772
 40
1.0
 40
1.0
 40
1.0
 40
1.0
 10
-9.65600000000055
 20
-75.07733677368128
 30
-0.000000000000003
 10
-9.658086387380944
 20
-75.07728565309905
 30
-0.000000000000003
 10
-9.661812478021254
 20
-75.07719435657151
 30
-0.000000000000003
 10
-9.665493578486023
 20
-75.07661807035691
 30
-0.000000000000003
 10
-9.667113483371551
 20
-75.07636446987428
 30
-0.000000000000003
  0
SPLINE
  5
187
330
1F
100
AcDbEntity
  8
0
 62
     7
370
    -3
100
AcDbSpline
210
0.0
220
0.0
230
1.0
 70
     8
 71
     3
 72
     9
 73
     5
 74
     0
 42
0.0000000001
 43
0.00000001
 40
0.0
 40
0.0
 40
0.0
 40
0.0
 40
0.5599400504211551
 40
1.0
 40
1.0
 40
1.0
 40
1.0
 10
-9.144000000000549
 20
-74.43733677368128
 30
-0.0000000000000039
 10
-9.141913612621918
 20
-74.43738789426317
 30
-0.0000000000000039
 10
-9.138187521985852
 20
-74.4374791907901
 30
-0.0000000000000039
 10
-9.13450642152552
 20
-74.43805547700542
 30
-0.0000000000000039
 10
-9.13288651664255
 20
-74.43830907748827
 30
-0.000000000000004
  0
LINE
  5
188
330
1F
100
AcDbEntity
  8
0
 62
     7
370
    -3
100
AcDbLine
 10
-6.367999076129456
 20
-74.50133677368127
 30
0.0000000000000036
 11
-8.439993335208595
 21
-74.50133677368126
 31
0.0000000000000046
  0
LINE
  5
189
330
1F
100
AcDbEntity
  8
0
 62
     7
370
    -3
100
AcDbLine
 10
-8.440000000000596
 20
-75.01333677368129
 30
0.0000000000000023
 11
-6.367999076128742
 21
-75.01333677368127
 31
0.0000000000000013
  0
LINE
  5
18A
330
1F
100
AcDbEntity
  8
0
 62
     7
370
    -3
100
AcDbLine
 10
-9.058764286159597
 20
-75.01333677368127
 30
-0.0000000000000071
 11
-8.440000000000595
 21
-75.01333677368127
 31
0.0000000000000023
  0
LINE
  5
18B
330
1F
100
AcDbEntity
  8
0
 62
     7
370
    -3
100
AcDbLine
 10
-8.439993335208595
 20
-74.50133677368126
 30
0.0000000000000046
 11
-9.080000001389381
 21
-74.50133677368126
 31
-0.0000000000000046
  0
LINE
  5
18C
330
1F
100
AcDbEntity
  8
0
 62
     7
370
    -3
100
AcDbLine
 10
-8.440013333159595
 20
-75.07733677368125
 30
0.0000000000000021
 11
-9.14399999861159
 21
-75.07733677368127
 31
-0.0000000000000067
  0
LINE
  5
18D
330
1F
100
AcDbEntity
  8
0
 62
     7
370
    -3
100
AcDbLine
 10
-6.367999077376991
 20
-75.07733677368125
 30
0.000000000000001
 11
-8.440013333159596
 21
-75.07733677368127
 31
0.0000000000000021
  0
LINE
  5
18E
330
1F
100
AcDbEntity
  8
0
 62
     7
370
    -3
100
AcDbLine
 10
-8.440000000000595
 20
-74.43733677368125
 30
0.0000000000000049
 11
-6.367999076222989
 21
-74.43733677368125
 31
0.0000000000000038
  0
LINE
  5
18F
330
1F
100
AcDbEntity
  8
0
 62
     7
370
    -3
100
AcDbLine
 10
-9.133953185555947
 20
-74.43733677368127
 30
-0.0000000000000039
 11
-9.102721221402755
 21
-74.43733677368128
 31
-0.0000000000000042
  0
LINE
  5
190
330
1F
100
AcDbEntity
  8
0
 62
     7
370
    -3
100
AcDbLine
 10
-9.102721221402753
 20
-74.43733677368127
 30
-0.0000000000000042
 11
-8.440000000000595
 21
-74.43733677368125
 31
0.0000000000000049
  0
SPLINE
  5
191
330
1F
100
AcDbEntity
  8
0
 62
     7
370
    -3
100
AcDbSpline
210
0.0
220
0.0
230
1.0
 70
     8
 71
     3
 72
    14
 73
    10
 74
     0
 42
0.0000000001
 43
0.00000001
 40
0.0
 40
0.0
 40
0.0
 40
0.0
 40
0.0858628456929828
 40
0.1705605506521458
 40
0.2542963193084563
 40
0.378540941702211
 40
0.5018275895520514
 40
0.7483417930726772
 40
1.0
 40
1.0
 40
1.0
 40
1.0
 10
-9.13288651662955
 20
-77.61636446987457
 30
-0.0000000000000043
 10
-9.131788096130615
 20
-77.6161511203014
 30
-0.0000000000000043
 10
-9.129606160467588
 20
-77.61572731626381
 30
-0.0000000000000043
 10
-9.126396068995705
 20
-77.61489846157754
 30
-0.0000000000000044
 10
-9.122751072911592
 20
-77.61377445504559
 30
-0.0000000000000044
 10
-9.11871061350592
 20
-77.61224059863284
 30
-0.0000000000000044
 10
-9.112889896296164
 20
-77.6094869169996
 30
-0.0000000000000044
 10
-9.105943679647634
 20
-77.60522384232348
 30
-0.0000000000000045
 10
-9.101161131682643
 20
-77.60081751875703
 30
-0.0000000000000045
 10
-9.09874516600455
 20
-77.59859160767759
 30
-0.0000000000000045
  0
SPLINE
  5
192
330
1F
100
AcDbEntity
  8
0
 62
     7
370
    -3
100
AcDbSpline
210
0.0
220
0.0
230
1.0
 70
     8
 71
     3
 72
    14
 73
    10
 74
     0
 42
0.0000000001
 43
0.00000001
 40
0.0
 40
0.0
 40
0.0
 40
0.0
 40
0.2509808695237992
 40
0.4972930184263668
 40
0.6206490402103697
 40
0.7450690366610313
 40
0.8289765248133854
 40
0.9138867474671916
 40
1.0
 40
1.0
 40
1.0
 40
1.0
 10
-9.70125483399655
 20
-77.59859160767759
 30
-0.0000000000000001
 10
-9.698845175667854
 20
-77.6008108039222
 30
-0.0000000000000002
 10
-9.69407068322974
 20
-77.60520791514845
 30
-0.0000000000000002
 10
-9.687132585098546
 20
-77.60946205997446
 30
-0.0000000000000003
 10
-9.68131247489501
 20
-77.6122164357659
 30
-0.0000000000000003
 10
-9.677268286853847
 20
-77.61375424980957
 30
-0.0000000000000004
 10
-9.673617897265988
 20
-77.61488398825936
 30
-0.0000000000000004
 10
-9.67040134136711
 20
-77.61571925616171
 30
-0.0000000000000004
 10
-9.66821456351819
 20
-77.61614839241304
 30
-0.0000000000000005
 10
-9.667113483371553
 20
-77.61636446987457
 30
-0.0000000000000005
  0
SPLINE
  5
193
330
1F
100
AcDbEntity
  8
0
 62
     7
370
    -3
100
AcDbSpline
210
0.0
220
0.0
230
1.0
 70
     8
 71
     3
 72
    18
 73
    14
 74
     0
 42
0.0000000001
 43
0.00000001
 40
0.0
 40
0.0
 40
0.0
 40
0.0
 40
0.3378584477128192
 40
0.4464996810774494
 40
0.5755023641997158
 40
0.6526757669591344
 40
0.7436446583618906
 40
0.7783547184843067
 40
0.8159664528401563
 40
0.8569354163437256
 40
0.9014657076836093
 40
0.9494983749829214
 40
1.0
 40
1.0
 40
1.0
 40
1.0
 10
-9.09874516600455
 20
-77.59859160767729
 30
-0.0000000000000045
 10
-9.095020165757544
 20
-77.59428853585048
 30
-0.0000000000000045
 10
-9.090097360264407
 20
-77.58860177498559
 30
-0.0000000000000045
 10
-9.085722242822776
 20
-77.57998991988198
 30
-0.0000000000000045
 10
-9.08373263482041
 20
-77.57510423329494
 30
-0.0000000000000045
 10
-9.082257104812575
 20
-77.57035164155793
 30
-0.0000000000000045
 10
-9.08145592802178
 20
-77.56704927835908
 30
-0.0000000000000045
 10
-9.080948695486068
 20
-77.56436358981004
 30
-0.0000000000000045
 10
-9.080647667612014
 20
-77.56249128989816
 30
-0.0000000000000045
 10
-9.08038382829585
 20
-77.56044740966244
 30
-0.0000000000000044
 10
-9.08017398214271
 20
-77.5582221090144
 30
-0.0000000000000044
 10
-9.080028363224331
 20
-77.55583127127068
 30
-0.0000000000000044
 10
-9.080009611032017
 20
-77.55418204765361
 30
-0.0000000000000044
 10
-9.080000000000549
 20
-77.55333677368128
 30
-0.0000000000000044
  0
SPLINE
  5
194
330
1F
100
AcDbEntity
  8
0
 62
     7
370
    -3
100
AcDbSpline
210
0.0
220
0.0
230
1.0
 70
     8
 71
     3
 72
    21
 73
    17
 74
     0
 42
0.0000000001
 43
0.00000001
 40
0.0
 40
0.0
 40
0.0
 40
0.0
 40
0.0331414621465036
 40
0.065982277858484
 40
0.0985382024785212
 40
0.1308254084120211
 40
0.1734849860061043
 40
0.2157367228342915
 40
0.2576221827321554
 40
0.3198537748659345
 40
0.3815054763188452
 40
0.4427296196799216
 40
0.5036817433028866
 40
0.6659843706799164
 40
0.8304654335096447
 40
1.0
 40
1.0
 40
1.0
 40
1.0
 10
-9.080000000000078
 20
-77.04133677368128
 30
-0.0000000000000021
 10
-9.080009244293125
 20
-77.04078125734092
 30
-0.0000000000000021
 10
-9.080027649018595
 20
-77.03967526408807
 30
-0.0000000000000021
 10
-9.080100364880296
 20
-77.0380248089692
 30
-0.0000000000000021
 10
-9.080206110149877
 20
-77.03639057808658
 30
-0.0000000000000021
 10
-9.080363600373536
 20
-77.03459517922889
 30
-0.0000000000000021
 10
-9.08058713747795
 20
-77.03264294558572
 30
-0.0000000000000021
 10
-9.080894579468996
 20
-77.03053936092856
 30
-0.0000000000000021
 10
-9.08132612483503
 20
-77.02812355232888
 30
-0.0000000000000021
 10
-9.081924520753224
 20
-77.02540866335471
 30
-0.000000000000002
 10
-9.082741322259123
 20
-77.02241370869812
 30
-0.000000000000002
 10
-9.08370085912734
 20
-77.01948388601818
 30
-0.000000000000002
 10
-9.085412091031703
 20
-77.01503050459554
 30
-0.000000000000002
 10
-9.088322379955327
 20
-77.0091980031842
 30
-0.0000000000000019
 10
-9.092973949244994
 20
-77.00225784289043
 30
-0.0000000000000019
 10
-9.09680212092245
 20
-76.99816123402634
 30
-0.0000000000000018
 10
-9.098745166004226
 20
-76.9960819396853
 30
-0.0000000000000018
  0
SPLINE
  5
195
330
1F
100
AcDbEntity
  8
0
 62
     7
370
    -3
100
AcDbSpline
210
0.0
220
0.0
230
1.0
 70
     8
 71
     3
 72
    21
 73
    17
 74
     0
 42
0.0000000001
 43
0.00000001
 40
0.0
 40
0.0
 40
0.0
 40
0.0
 40
0.0331414621470412
 40
0.0659822778590091
 40
0.0985382024790324
 40
0.1308254084119659
 40
0.1734849860060308
 40
0.2157367228342
 40
0.2576221827320521
 40
0.3198537748658046
 40
0.381505476318689
 40
0.4427296196797286
 40
0.5036817433031827
 40
0.6659843706796491
 40
0.8304654335093266
 40
1.0
 40
1.0
 40
1.0
 40
1.0
 10
-9.720000000001024
 20
-77.55333677368128
 30
0.0000000000000002
 10
-9.719990755707975
 20
-77.55389229002165
 30
0.0000000000000002
 10
-9.719972350982506
 20
-77.55499828327449
 30
0.0000000000000002
 10
-9.719899635120806
 20
-77.55664873839342
 30
0.0000000000000002
 10
-9.719793889851221
 20
-77.558282969276
 30
0.0000000000000002
 10
-9.719636399627564
 20
-77.56007836813367
 30
0.0000000000000002
 10
-9.71941286252315
 20
-77.56203060177685
 30
0.0000000000000002
 10
-9.719105420532104
 20
-77.56413418643399
 30
0.0000000000000001
 10
-9.718673875166072
 20
-77.5665499950337
 30
0.0000000000000001
 10
-9.718075479247876
 20
-77.56926488400784
 30
0.0000000000000001
 10
-9.71725867774198
 20
-77.57225983866445
 30
0.0000000000000001
 10
-9.716299140873751
 20
-77.57518966134438
 30
0.0000000000000001
 10
-9.714587908969419
 20
-77.57964304276707
 30
0.0
 10
-9.711677620045759
 20
-77.58547554417835
 30
0.0
 10
-9.707026050756097
 20
-77.5924157044721
 30
-0.0000000000000001
 10
-9.703197879078655
 20
-77.59651231333626
 30
-0.0000000000000001
 10
-9.701254833996874
 20
-77.59859160767729
 30
-0.0000000000000001
  0
SPLINE
  5
196
330
1F
100
AcDbEntity
  8
0
 62
     7
370
    -3
100
AcDbSpline
210
0.0
220
0.0
230
1.0
 70
     8
 71
     3
 72
    18
 73
    14
 74
     0
 42
0.0000000001
 43
0.00000001
 40
0.0
 40
0.0
 40
0.0
 40
0.0
 40
0.337858447712447
 40
0.4464996810771324
 40
0.5755023641994516
 40
0.6526757669583714
 40
0.7436446583617599
 40
0.7783547184842
 40
0.8159664528406145
 40
0.856935416343652
 40
0.9014657076841153
 40
0.9494983749834478
 40
1.0
 40
1.0
 40
1.0
 40
1.0
 10
-9.70125483399655
 20
-76.9960819396853
 30
0.0000000000000026
 10
-9.704979834243558
 20
-77.00038501151212
 30
0.0000000000000026
 10
-9.709902639736692
 20
-77.00607177237701
 30
0.0000000000000026
 10
-9.714277757178317
 20
-77.01468362748055
 30
0.0000000000000026
 10
-9.716267365180675
 20
-77.01956931406764
 30
0.0000000000000026
 10
-9.717742895188525
 20
-77.02432190580461
 30
0.0000000000000026
 10
-9.718544071979316
 20
-77.02762426900348
 30
0.0000000000000025
 10
-9.719051304515034
 20
-77.0303099575525
 30
0.0000000000000025
 10
-9.719352332389086
 20
-77.03218225746446
 30
0.0000000000000025
 10
-9.719616171705253
 20
-77.03422613770014
 30
0.0000000000000025
 10
-9.71982601785839
 20
-77.03645143834818
 30
0.0000000000000025
 10
-9.71997163677677
 20
-77.0388422760919
 30
0.0000000000000025
 10
-9.719990388969078
 20
-77.04049149970895
 30
0.0000000000000025
 10
-9.720000000000551
 20
-77.04133677368128
 30
0.0000000000000025
  0
SPLINE
  5
197
330
1F
100
AcDbEntity
  8
0
 62
     7
370
    -3
100
AcDbSpline
210
0.0
220
0.0
230
1.0
 70
     8
 71
     3
 72
    14
 73
    10
 74
     0
 42
0.0000000001
 43
0.00000001
 40
0.0
 40
0.0
 40
0.0
 40
0.0
 40
0.0858628456812218
 40
0.1705605506315607
 40
0.2542963192816929
 40
0.3785409416704979
 40
0.5018275895201758
 40
0.7483417930523839
 40
1.0
 40
1.0
 40
1.0
 40
1.0
 10
-9.667113483385553
 20
-76.97830907749052
 30
0.0000000000000024
 10
-9.668211903883886
 20
-76.97852242706384
 30
0.0000000000000024
 10
-9.67039383954574
 20
-76.97894623110165
 30
0.0000000000000024
 10
-9.673603931015919
 20
-76.9797750857882
 30
0.0000000000000024
 10
-9.677248927098217
 20
-76.98089909232046
 30
0.0000000000000025
 10
-9.68128938650199
 20
-76.98243294873325
 30
0.0000000000000025
 10
-9.68711010370931
 20
-76.98518663036624
 30
0.0000000000000025
 10
-9.694056320355244
 20
-76.9894497050415
 30
0.0000000000000025
 10
-9.698838868319031
 20
-76.99385602860633
 30
0.0000000000000026
 10
-9.70125483399655
 20
-76.99608193968496
 30
0.0000000000000026
  0
SPLINE
  5
198
330
1F
100
AcDbEntity
  8
0
 62
     7
370
    -3
100
AcDbSpline
210
0.0
220
0.0
230
1.0
 70
     8
 71
     3
 72
    14
 73
    10
 74
     0
 42
0.0000000001
 43
0.00000001
 40
0.0
 40
0.0
 40
0.0
 40
0.0
 40
0.2509808697128772
 40
0.4972930186698034
 40
0.6206490404333923
 40
0.7450690368349134
 40
0.8289765249396521
 40
0.9138867475352376
 40
1.0
 40
1.0
 40
1.0
 40
1.0
 10
-9.09874516600455
 20
-76.99608193968496
 30
-0.0000000000000018
 10
-9.101154824335929
 20
-76.99386274343799
 30
-0.0000000000000018
 10
-9.1059293167781
 20
-76.98946563220821
 30
-0.0000000000000017
 10
-9.112867414914248
 20
-76.98521148737932
 30
-0.0000000000000016
 10
-9.118687525120187
 20
-76.98245711158826
 30
-0.0000000000000016
 10
-9.122731713161832
 20
-76.98091929754594
 30
-0.0000000000000015
 10
-9.126382102749574
 20
-76.9797895590982
 30
-0.0000000000000015
 10
-9.12959865864786
 20
-76.97895429119804
 30
-0.0000000000000015
 10
-9.131785436496239
 20
-76.97852515494857
 30
-0.0000000000000015
 10
-9.13288651664255
 20
-76.978309077488
 30
-0.0000000000000015
  0
SPLINE
  5
199
330
1F
100
AcDbEntity
  8
0
 62
     7
370
    -3
100
AcDbSpline
210
0.0
220
0.0
230
1.0
 70
     8
 71
     3
 72
     9
 73
     5
 74
     0
 42
0.0000000001
 43
0.00000001
 40
0.0
 40
0.0
 40
0.0
 40
0.0
 40
0.5599400502690751
 40
1.0
 40
1.0
 40
1.0
 40
1.0
 10
-9.144000000000549
 20
-77.61733677368129
 30
-0.0000000000000042
 10
-9.141913612620105
 20
-77.61728565309907
 30
-0.0000000000000043
 10
-9.138187521979795
 20
-77.61719435657153
 30
-0.0000000000000043
 10
-9.134506421515031
 20
-77.61661807035692
 30
-0.0000000000000043
 10
-9.132886516629549
 20
-77.6163644698743
 30
-0.0000000000000043
  0
LINE
  5
19A
330
1F
100
AcDbEntity
  8
0
 62
     7
370
    -3
100
AcDbLine
 10
-9.720085036474371
 20
-77.03667109536528
 30
0.0000000000000025
 11
-9.720255329292987
 21
-77.04133677368127
 31
0.0000000000000025
  0
SPLINE
  5
19B
330
1F
100
AcDbEntity
  8
0
 62
     7
370
    -3
100
AcDbSpline
210
0.0
220
0.0
230
1.0
 70
     8
 71
     3
 72
     9
 73
     5
 74
     0
 42
0.0000000001
 43
0.00000001
 40
0.0
 40
0.0
 40
0.0
 40
0.0
 40
0.5599400502882278
 40
1.0
 40
1.0
 40
1.0
 40
1.0
 10
-9.65600000000055
 20
-76.97733677368129
 30
0.0000000000000023
 10
-9.65808638738375
 20
-76.97738789426352
 30
0.0000000000000023
 10
-9.66181247802886
 20
-76.97747919079109
 30
0.0000000000000024
 10
-9.665493578498149
 20
-76.97805547700774
 30
0.0000000000000024
 10
-9.66711348338555
 20
-76.97830907749129
 30
0.0000000000000024
  0
SPLINE
  5
19C
330
1F
100
AcDbEntity
  8
0
 62
     7
370
    -3
100
AcDbSpline
210
0.0
220
0.0
230
1.0
 70
     8
 71
     3
 72
     9
 73
     5
 74
     0
 42
0.0000000001
 43
0.00000001
 40
0.0
 40
0.0
 40
0.0
 40
0.0
 40
0.5599400502567194
 40
1.0
 40
1.0
 40
1.0
 40
1.0
 10
-9.65600000000055
 20
-77.61733677368129
 30
-0.0000000000000005
 10
-9.658086387380946
 20
-77.61728565309909
 30
-0.0000000000000005
 10
-9.661812478021254
 20
-77.61719435657149
 30
-0.0000000000000005
 10
-9.665493578486025
 20
-77.61661807035692
 30
-0.0000000000000005
 10
-9.667113483371551
 20
-77.6163644698743
 30
-0.0000000000000005
  0
SPLINE
  5
19D
330
1F
100
AcDbEntity
  8
0
 62
     7
370
    -3
100
AcDbSpline
210
0.0
220
0.0
230
1.0
 70
     8
 71
     3
 72
     9
 73
     5
 74
     0
 42
0.0000000001
 43
0.00000001
 40
0.0
 40
0.0
 40
0.0
 40
0.0
 40
0.5599400504211551
 40
1.0
 40
1.0
 40
1.0
 40
1.0
 10
-9.144000000000549
 20
-76.97733677368129
 30
-0.0000000000000014
 10
-9.141913612621918
 20
-76.97738789426319
 30
-0.0000000000000014
 10
-9.138187521985852
 20
-76.97747919079012
 30
-0.0000000000000014
 10
-9.13450642152552
 20
-76.97805547700544
 30
-0.0000000000000014
 10
-9.13288651664255
 20
-76.97830907748829
 30
-0.0000000000000015
  0
LINE
  5
19E
330
1F
100
AcDbEntity
  8
0
 62
     7
370
    -3
100
AcDbLine
 10
-6.367999076129456
 20
-77.0413367736813
 30
0.0000000000000061
 11
-8.439993335208595
 21
-77.04133677368128
 31
0.0000000000000071
  0
LINE
  5
19F
330
1F
100
AcDbEntity
  8
0
 62
     7
370
    -3
100
AcDbLine
 10
-8.440000000000596
 20
-77.55333677368127
 30
0.0000000000000048
 11
-6.367999076128742
 21
-77.55333677368125
 31
0.0000000000000038
  0
LINE
  5
1A0
330
1F
100
AcDbEntity
  8
0
 62
     7
370
    -3
100
AcDbLine
 10
-9.058764286159597
 20
-77.55333677368125
 30
-0.0000000000000046
 11
-8.440000000000595
 21
-77.55333677368125
 31
0.0000000000000048
  0
LINE
  5
1A1
330
1F
100
AcDbEntity
  8
0
 62
     7
370
    -3
100
AcDbLine
 10
-8.439993335208595
 20
-77.04133677368125
 30
0.0000000000000071
 11
-9.080000001389381
 21
-77.04133677368127
 31
-0.0000000000000021
  0
LINE
  5
1A2
330
1F
100
AcDbEntity
  8
0
 62
     7
370
    -3
100
AcDbLine
 10
-8.440000000000595
 20
-76.97733677368126
 30
0.0000000000000074
 11
-6.367999076222989
 21
-76.97733677368126
 31
0.0000000000000063
  0
LINE
  5
1A3
330
1F
100
AcDbEntity
  8
0
 62
     7
370
    -3
100
AcDbLine
 10
-9.133953185555947
 20
-76.97733677368126
 30
-0.0000000000000014
 11
-9.102721221402748
 21
-76.97733677368126
 31
-0.0000000000000017
  0
LINE
  5
1A4
330
1F
100
AcDbEntity
  8
0
 62
     7
370
    -3
100
AcDbLine
 10
-9.102721221402748
 20
-76.97733677368126
 30
-0.0000000000000017
 11
-8.440000000000595
 21
-76.97733677368126
 31
0.0000000000000074
  0
LINE
  5
1A5
330
1F
100
AcDbEntity
  8
0
 62
     7
370
    -3
100
AcDbLine
 10
-8.440013333159595
 20
-77.61733677368127
 30
0.0000000000000046
 11
-9.14399999861159
 21
-77.61733677368127
 31
-0.0000000000000042
  0
LINE
  5
1A6
330
1F
100
AcDbEntity
  8
0
 62
     7
370
    -3
100
AcDbLine
 10
-6.367999077376991
 20
-77.61733677368127
 30
0.0000000000000035
 11
-8.440013333159596
 21
-77.61733677368129
 31
0.0000000000000046
  0
SPLINE
  5
1A7
330
1F
100
AcDbEntity
  8
0
 62
     7
370
    -3
100
AcDbSpline
210
0.0
220
0.0
230
1.0
 70
     8
 71
     3
 72
    14
 73
    10
 74
     0
 42
0.0000000001
 43
0.00000001
 40
0.0
 40
0.0
 40
0.0
 40
0.0
 40
0.0858628456929971
 40
0.1705605506523501
 40
0.2542963193086746
 40
0.3785409417021977
 40
0.5018275895520186
 40
0.7483417930730991
 40
1.0
 40
1.0
 40
1.0
 40
1.0
 10
-9.132886516629549
 20
-80.15636446987456
 30
-0.0000000000000018
 10
-9.131788096130615
 20
-80.1561511203014
 30
-0.0000000000000018
 10
-9.129606160467585
 20
-80.15572731626385
 30
-0.0000000000000018
 10
-9.126396068995714
 20
-80.15489846157756
 30
-0.0000000000000019
 10
-9.12275107291159
 20
-80.15377445504552
 30
-0.0000000000000019
 10
-9.118710613505916
 20
-80.15224059863287
 30
-0.0000000000000019
 10
-9.112889896296164
 20
-80.14948691699965
 30
-0.0000000000000019
 10
-9.105943679647652
 20
-80.14522384232347
 30
-0.000000000000002
 10
-9.101161131682645
 20
-80.14081751875705
 30
-0.000000000000002
 10
-9.09874516600455
 20
-80.13859160767761
 30
-0.000000000000002
  0
SPLINE
  5
1A8
330
1F
100
AcDbEntity
  8
0
 62
     7
370
    -3
100
AcDbSpline
210
0.0
220
0.0
230
1.0
 70
     8
 71
     3
 72
    14
 73
    10
 74
     0
 42
0.0000000001
 43
0.00000001
 40
0.0
 40
0.0
 40
0.0
 40
0.0
 40
0.2509808695238286
 40
0.497293018426425
 40
0.6206490402101391
 40
0.745069036661068
 40
0.8289765248132214
 40
0.9138867474670376
 40
1.0
 40
1.0
 40
1.0
 40
1.0
 10
-9.70125483399655
 20
-80.13859160767761
 30
0.0000000000000024
 10
-9.698845175667856
 20
-80.14081080392222
 30
0.0000000000000023
 10
-9.69407068322974
 20
-80.14520791514845
 30
0.0000000000000023
 10
-9.687132585098556
 20
-80.14946205997448
 30
0.0000000000000022
 10
-9.681312474894998
 20
-80.15221643576587
 30
0.0000000000000022
 10
-9.677268286853856
 20
-80.1537542498096
 30
0.0000000000000021
 10
-9.67361789726598
 20
-80.15488398825934
 30
0.0000000000000021
 10
-9.670401341367109
 20
-80.15571925616172
 30
0.0000000000000021
 10
-9.668214563518191
 20
-80.15614839241303
 30
0.000000000000002
 10
-9.667113483371553
 20
-80.15636446987457
 30
0.000000000000002
  0
SPLINE
  5
1A9
330
1F
100
AcDbEntity
  8
0
 62
     7
370
    -3
100
AcDbSpline
210
0.0
220
0.0
230
1.0
 70
     8
 71
     3
 72
    14
 73
    10
 74
     0
 42
0.0000000001
 43
0.00000001
 40
0.0
 40
0.0
 40
0.0
 40
0.0
 40
0.0858628456813763
 40
0.1705605506317271
 40
0.2542963192816613
 40
0.3785409416704837
 40
0.501827589520482
 40
0.7483417930523485
 40
1.0
 40
1.0
 40
1.0
 40
1.0
 10
-9.66711348338555
 20
-79.5183090774905
 30
0.0000000000000049
 10
-9.668211903883883
 20
-79.51852242706383
 30
0.0000000000000049
 10
-9.67039383954574
 20
-79.51894623110167
 30
0.0000000000000049
 10
-9.67360393101591
 20
-79.51977508578824
 30
0.0000000000000049
 10
-9.677248927098226
 20
-79.52089909232046
 30
0.000000000000005
 10
-9.681289386501994
 20
-79.5224329487332
 30
0.000000000000005
 10
-9.687110103709296
 20
-79.52518663036628
 30
0.000000000000005
 10
-9.694056320355255
 20
-79.5294497050415
 30
0.000000000000005
 10
-9.698838868319035
 20
-79.53385602860632
 30
0.0000000000000051
 10
-9.70125483399655
 20
-79.53608193968495
 30
0.0000000000000051
  0
SPLINE
  5
1AA
330
1F
100
AcDbEntity
  8
0
 62
     7
370
    -3
100
AcDbSpline
210
0.0
220
0.0
230
1.0
 70
     8
 71
     3
 72
    14
 73
    10
 74
     0
 42
0.0000000001
 43
0.00000001
 40
0.0
 40
0.0
 40
0.0
 40
0.0
 40
0.2509808697129526
 40
0.4972930186695766
 40
0.6206490404332026
 40
0.7450690368350139
 40
0.8289765249397778
 40
0.9138867475352117
 40
1.0
 40
1.0
 40
1.0
 40
1.0
 10
-9.09874516600455
 20
-79.53608193968495
 30
0.0000000000000007
 10
-9.101154824335929
 20
-79.533862743438
 30
0.0000000000000007
 10
-9.105929316778093
 20
-79.52946563220821
 30
0.0000000000000008
 10
-9.112867414914257
 20
-79.52521148737937
 30
0.0000000000000009
 10
-9.118687525120187
 20
-79.52245711158822
 30
0.0000000000000009
 10
-9.122731713161826
 20
-79.52091929754592
 30
0.000000000000001
 10
-9.126382102749572
 20
-79.51978955909819
 30
0.000000000000001
 10
-9.129598658647861
 20
-79.51895429119807
 30
0.000000000000001
 10
-9.13178543649624
 20
-79.5185251549486
 30
0.000000000000001
 10
-9.13288651664255
 20
-79.51830907748803
 30
0.000000000000001
  0
SPLINE
  5
1AB
330
1F
100
AcDbEntity
  8
0
 62
     7
370
    -3
100
AcDbSpline
210
0.0
220
0.0
230
1.0
 70
     8
 71
     3
 72
    18
 73
    14
 74
     0
 42
0.0000000001
 43
0.00000001
 40
0.0
 40
0.0
 40
0.0
 40
0.0
 40
0.3378584477125352
 40
0.4464996810772152
 40
0.5755023642000534
 40
0.6526757669589798
 40
0.7436446583617777
 40
0.7783547184842098
 40
0.8159664528406224
 40
0.8569354163436623
 40
0.9014657076841169
 40
0.9494983749834511
 40
1.0
 40
1.0
 40
1.0
 40
1.0
 10
-9.09874516600455
 20
-80.13859160767728
 30
-0.000000000000002
 10
-9.09502016575754
 20
-80.13428853585044
 30
-0.000000000000002
 10
-9.090097360264402
 20
-80.12860177498555
 30
-0.000000000000002
 10
-9.085722242822769
 20
-80.11998991988199
 30
-0.000000000000002
 10
-9.083732634820421
 20
-80.1151042332949
 30
-0.000000000000002
 10
-9.082257104812566
 20
-80.11035164155795
 30
-0.000000000000002
 10
-9.081455928021786
 20
-80.1070492783591
 30
-0.000000000000002
 10
-9.080948695486061
 20
-80.10436358981005
 30
-0.000000000000002
 10
-9.080647667612022
 20
-80.10249128989817
 30
-0.000000000000002
 10
-9.080383828295838
 20
-80.1004474096624
 30
-0.000000000000002
 10
-9.080173982142716
 20
-80.09822210901443
 30
-0.0000000000000019
 10
-9.080028363224327
 20
-80.09583127127067
 30
-0.0000000000000019
 10
-9.08000961103202
 20
-80.09418204765363
 30
-0.0000000000000019
 10
-9.080000000000549
 20
-80.0933367736813
 30
-0.0000000000000019
  0
SPLINE
  5
1AC
330
1F
100
AcDbEntity
  8
0
 62
     7
370
    -3
100
AcDbSpline
210
0.0
220
0.0
230
1.0
 70
     8
 71
     3
 72
    21
 73
    17
 74
     0
 42
0.0000000001
 43
0.00000001
 40
0.0
 40
0.0
 40
0.0
 40
0.0
 40
0.0331414621470409
 40
0.065982277859007
 40
0.09853820247903
 40
0.1308254084119661
 40
0.1734849860060307
 40
0.2157367228341995
 40
0.2576221827320451
 40
0.3198537748657971
 40
0.3815054763186809
 40
0.4427296196797306
 40
0.5036817433031842
 40
0.6659843706796489
 40
0.8304654335093052
 40
1.0
 40
1.0
 40
1.0
 40
1.0
 10
-9.080000000000078
 20
-79.58133677368129
 30
0.0000000000000004
 10
-9.080009244293127
 20
-79.58078125734096
 30
0.0000000000000004
 10
-9.080027649018595
 20
-79.57967526408811
 30
0.0000000000000004
 10
-9.080100364880295
 20
-79.57802480896915
 30
0.0000000000000004
 10
-9.080206110149877
 20
-79.5763905780866
 30
0.0000000000000004
 10
-9.080363600373536
 20
-79.57459517922888
 30
0.0000000000000004
 10
-9.080587137477952
 20
-79.57264294558576
 30
0.0000000000000004
 10
-9.080894579468998
 20
-79.57053936092862
 30
0.0000000000000004
 10
-9.081326124835028
 20
-79.56812355232888
 30
0.0000000000000004
 10
-9.081924520753224
 20
-79.56540866335473
 30
0.0000000000000005
 10
-9.08274132225912
 20
-79.56241370869813
 30
0.0000000000000005
 10
-9.083700859127347
 20
-79.55948388601817
 30
0.0000000000000005
 10
-9.085412091031687
 20
-79.55503050459556
 30
0.0000000000000005
 10
-9.088322379955343
 20
-79.5491980031842
 30
0.0000000000000006
 10
-9.092973949244994
 20
-79.54225784289045
 30
0.0000000000000006
 10
-9.096802120922447
 20
-79.5381612340263
 30
0.0000000000000007
 10
-9.098745166004226
 20
-79.53608193968529
 30
0.0000000000000007
  0
SPLINE
  5
1AD
330
1F
100
AcDbEntity
  8
0
 62
     7
370
    -3
100
AcDbSpline
210
0.0
220
0.0
230
1.0
 70
     8
 71
     3
 72
    21
 73
    17
 74
     0
 42
0.0000000001
 43
0.00000001
 40
0.0
 40
0.0
 40
0.0
 40
0.0
 40
0.0331414621465039
 40
0.0659822778584861
 40
0.0985382024785236
 40
0.1308254084120209
 40
0.1734849860061044
 40
0.2157367228342921
 40
0.2576221827321625
 40
0.3198537748659422
 40
0.3815054763188535
 40
0.4427296196799198
 40
0.5036817433028853
 40
0.6659843706799168
 40
0.8304654335096658
 40
1.0
 40
1.0
 40
1.0
 40
1.0
 10
-9.720000000001024
 20
-80.0933367736813
 30
0.0000000000000027
 10
-9.719990755707977
 20
-80.09389229002164
 30
0.0000000000000027
 10
-9.719972350982504
 20
-80.09499828327446
 30
0.0000000000000027
 10
-9.71989963512081
 20
-80.09664873839344
 30
0.0000000000000027
 10
-9.71979388985122
 20
-80.09828296927597
 30
0.0000000000000027
 10
-9.719636399627566
 20
-80.1000783681337
 30
0.0000000000000027
 10
-9.719412862523148
 20
-80.10203060177685
 30
0.0000000000000027
 10
-9.719105420532104
 20
-80.104134186434
 30
0.0000000000000026
 10
-9.71867387516607
 20
-80.10654999503369
 30
0.0000000000000026
 10
-9.718075479247874
 20
-80.10926488400784
 30
0.0000000000000026
 10
-9.71725867774198
 20
-80.11225983866447
 30
0.0000000000000026
 10
-9.716299140873755
 20
-80.11518966134439
 30
0.0000000000000026
 10
-9.714587908969401
 20
-80.11964304276705
 30
0.0000000000000025
 10
-9.711677620045766
 20
-80.12547554417836
 30
0.0000000000000025
 10
-9.707026050756108
 20
-80.13241570447215
 30
0.0000000000000024
 10
-9.703197879078653
 20
-80.13651231333625
 30
0.0000000000000024
 10
-9.701254833996876
 20
-80.1385916076773
 30
0.0000000000000024
  0
SPLINE
  5
1AE
330
1F
100
AcDbEntity
  8
0
 62
     7
370
    -3
100
AcDbSpline
210
0.0
220
0.0
230
1.0
 70
     8
 71
     3
 72
    18
 73
    14
 74
     0
 42
0.0000000001
 43
0.00000001
 40
0.0
 40
0.0
 40
0.0
 40
0.0
 40
0.3378584477122618
 40
0.4464996810768877
 40
0.575502364199136
 40
0.6526757669580135
 40
0.7436446583613522
 40
0.7783547184843165
 40
0.8159664528401647
 40
0.856935416343728
 40
0.9014657076836166
 40
0.9494983749829228
 40
1.0
 40
1.0
 40
1.0
 40
1.0
 10
-9.70125483399655
 20
-79.53608193968529
 30
0.0000000000000051
 10
-9.704979834243554
 20
-79.54038501151207
 30
0.0000000000000051
 10
-9.709902639736685
 20
-79.54607177237695
 30
0.0000000000000051
 10
-9.714277757178321
 20
-79.55468362748059
 30
0.0000000000000051
 10
-9.716267365180673
 20
-79.55956931406762
 30
0.0000000000000051
 10
-9.717742895188525
 20
-79.56432190580463
 30
0.0000000000000051
 10
-9.71854407197932
 20
-79.56762426900343
 30
0.000000000000005
 10
-9.719051304515032
 20
-79.57030995755254
 30
0.000000000000005
 10
-9.71935233238909
 20
-79.57218225746443
 30
0.000000000000005
 10
-9.71961617170525
 20
-79.57422613770015
 30
0.000000000000005
 10
-9.71982601785839
 20
-79.57645143834814
 30
0.000000000000005
 10
-9.71997163677677
 20
-79.5788422760919
 30
0.000000000000005
 10
-9.719990388969078
 20
-79.58049149970893
 30
0.000000000000005
 10
-9.720000000000551
 20
-79.58133677368129
 30
0.000000000000005
  0
SPLINE
  5
1AF
330
1F
100
AcDbEntity
  8
0
 62
     7
370
    -3
100
AcDbSpline
210
0.0
220
0.0
230
1.0
 70
     8
 71
     3
 72
     9
 73
     5
 74
     0
 42
0.0000000001
 43
0.00000001
 40
0.0
 40
0.0
 40
0.0
 40
0.0
 40
0.5599400502690751
 40
1.0
 40
1.0
 40
1.0
 40
1.0
 10
-9.144000000000549
 20
-80.15733677368128
 30
-0.0000000000000017
 10
-9.141913612620105
 20
-80.15728565309907
 30
-0.0000000000000018
 10
-9.138187521979795
 20
-80.15719435657152
 30
-0.0000000000000018
 10
-9.134506421515031
 20
-80.15661807035693
 30
-0.0000000000000018
 10
-9.132886516629549
 20
-80.15636446987429
 30
-0.0000000000000018
  0
LINE
  5
1B0
330
1F
100
AcDbEntity
  8
0
 62
     7
370
    -3
100
AcDbLine
 10
-9.720085036473968
 20
-79.57667109535596
 30
0.000000000000005
 11
-9.720255329292987
 21
-79.58133677367904
 31
0.000000000000005
  0
SPLINE
  5
1B1
330
1F
100
AcDbEntity
  8
0
 62
     7
370
    -3
100
AcDbSpline
210
0.0
220
0.0
230
1.0
 70
     8
 71
     3
 72
     9
 73
     5
 74
     0
 42
0.0000000001
 43
0.00000001
 40
0.0
 40
0.0
 40
0.0
 40
0.0
 40
0.5599400502880388
 40
1.0
 40
1.0
 40
1.0
 40
1.0
 10
-9.65600000000055
 20
-79.51733677368128
 30
0.0000000000000048
 10
-9.658086387383749
 20
-79.5173878942635
 30
0.0000000000000048
 10
-9.661812478028862
 20
-79.51747919079105
 30
0.0000000000000049
 10
-9.66549357849815
 20
-79.51805547700778
 30
0.0000000000000049
 10
-9.66711348338555
 20
-79.5183090774913
 30
0.0000000000000049
  0
SPLINE
  5
1B2
330
1F
100
AcDbEntity
  8
0
 62
     7
370
    -3
100
AcDbSpline
210
0.0
220
0.0
230
1.0
 70
     8
 71
     3
 72
     9
 73
     5
 74
     0
 42
0.0000000001
 43
0.00000001
 40
0.0
 40
0.0
 40
0.0
 40
0.0
 40
0.5599400502564772
 40
1.0
 40
1.0
 40
1.0
 40
1.0
 10
-9.65600000000055
 20
-80.15733677368128
 30
0.0000000000000019
 10
-9.658086387380944
 20
-80.15728565309905
 30
0.000000000000002
 10
-9.661812478021254
 20
-80.1571943565715
 30
0.000000000000002
 10
-9.665493578486023
 20
-80.15661807035693
 30
0.000000000000002
 10
-9.667113483371551
 20
-80.15636446987429
 30
0.000000000000002
  0
SPLINE
  5
1B3
330
1F
100
AcDbEntity
  8
0
 62
     7
370
    -3
100
AcDbSpline
210
0.0
220
0.0
230
1.0
 70
     8
 71
     3
 72
     9
 73
     5
 74
     0
 42
0.0000000001
 43
0.00000001
 40
0.0
 40
0.0
 40
0.0
 40
0.0
 40
0.5599400504211551
 40
1.0
 40
1.0
 40
1.0
 40
1.0
 10
-9.144000000000549
 20
-79.51733677368128
 30
0.0000000000000011
 10
-9.141913612621918
 20
-79.51738789426318
 30
0.0000000000000011
 10
-9.138187521985852
 20
-79.51747919079011
 30
0.0000000000000011
 10
-9.13450642152552
 20
-79.51805547700543
 30
0.0000000000000011
 10
-9.13288651664255
 20
-79.51830907748827
 30
0.000000000000001
  0
LINE
  5
1B4
330
1F
100
AcDbEntity
  8
0
 62
     7
370
    -3
100
AcDbLine
 10
-6.367999076129456
 20
-79.58133677368127
 30
0.0000000000000086
 11
-8.439993335208595
 21
-79.58133677368126
 31
0.0000000000000096
  0
LINE
  5
1B5
330
1F
100
AcDbEntity
  8
0
 62
     7
370
    -3
100
AcDbLine
 10
-8.440000000000598
 20
-80.09333677368127
 30
0.0000000000000073
 11
-6.367999076128742
 21
-80.09333677368127
 31
0.0000000000000063
  0
SPLINE
  5
1B6
330
1F
100
AcDbEntity
  8
0
 62
     7
370
    -3
100
AcDbSpline
210
0.0
220
0.0
230
1.0
 70
    24
 71
     3
 72
    18
 73
    14
 74
     0
 42
0.0000000001
 43
0.00000001
 40
0.0
 40
0.0
 40
0.0
 40
0.0
 40
0.0009631749472417
 40
0.0444133347148246
 40
0.1043135716026552
 40
0.1794701160574504
 40
0.2686256300155717
 40
0.3703525803163286
 40
0.4828239206482604
 40
0.6041830432215317
 40
0.7248308564543368
 40
0.8499818971295545
 40
1.0
 40
1.0
 40
1.0
 40
1.0
 10
-9.058764286159597
 20
-80.09333677368126
 30
-0.0000000000000021
 10
-9.05856562674004
 20
-80.09333677368124
 30
-0.0000000000000021
 10
-9.049405164956445
 20
-80.09333677368139
 30
-0.0000000000000021
 10
-9.027889994066655
 20
-80.0933367736812
 30
-0.0000000000000023
 10
-8.991072087403149
 20
-80.09333677368129
 30
-0.0000000000000026
 10
-8.944827233786542
 20
-80.09333677368123
 30
-0.0000000000000029
 10
-8.88995542134748
 20
-80.09333677368123
 30
-0.0000000000000033
 10
-8.827387254563742
 20
-80.09333677368127
 30
-0.0000000000000037
 10
-8.758176940147818
 20
-80.0933367736813
 30
-0.0000000000000042
 10
-8.685064107650017
 20
-80.0933367736812
 30
-0.0000000000000048
 10
-8.609336026575004
 20
-80.0933367736813
 30
0.0000000000000086
 10
-8.527696894338119
 20
-80.09333677368122
 30
0.000000000000008
 10
-8.47094194811178
 20
-80.09333677368124
 30
0.0000000000000076
 10
-8.440000000000595
 20
-80.09333677368124
 30
0.0000000000000073
  0
LINE
  5
1B7
330
1F
100
AcDbEntity
  8
0
 62
     7
370
    -3
100
AcDbLine
 10
-8.439993335208595
 20
-79.58133677368126
 30
0.0000000000000096
 11
-9.080000001389381
 21
-79.58133677368126
 31
0.0000000000000004
  0
LINE
  5
1B8
330
1F
100
AcDbEntity
  8
0
 62
     7
370
    -3
100
AcDbLine
 10
-8.440000000000595
 20
-79.51733677368125
 30
0.0000000000000099
 11
-6.367999076222989
 21
-79.51733677368125
 31
0.0000000000000088
  0
LINE
  5
1B9
330
1F
100
AcDbEntity
  8
0
 62
     7
370
    -3
100
AcDbLine
 10
-9.133953185555947
 20
-79.51733677368127
 30
0.000000000000001
 11
-9.102721221402748
 21
-79.51733677368127
 31
0.0000000000000008
  0
LINE
  5
1BA
330
1F
100
AcDbEntity
  8
0
 62
     7
370
    -3
100
AcDbLine
 10
-9.102721221402748
 20
-79.51733677368127
 30
0.0000000000000008
 11
-8.440000000000595
 21
-79.51733677368125
 31
0.0000000000000099
  0
LINE
  5
1BB
330
1F
100
AcDbEntity
  8
0
 62
     7
370
    -3
100
AcDbLine
 10
-8.440013333159595
 20
-80.15733677368125
 30
0.0000000000000071
 11
-9.14399999861159
 21
-80.15733677368127
 31
-0.0000000000000017
  0
LINE
  5
1BC
330
1F
100
AcDbEntity
  8
0
 62
     7
370
    -3
100
AcDbLine
 10
-6.367999077376991
 20
-80.15733677368125
 30
0.000000000000006
 11
-8.440013333159596
 21
-80.15733677368127
 31
0.0000000000000071
  0
SPLINE
  5
1BD
330
1F
100
AcDbEntity
  8
0
 62
     7
370
    -3
100
AcDbSpline
210
0.0
220
0.0
230
1.0
 70
     8
 71
     3
 72
    14
 73
    10
 74
     0
 42
0.0000000001
 43
0.00000001
 40
0.0
 40
0.0
 40
0.0
 40
0.0
 40
0.0858628456812218
 40
0.1705605506315607
 40
0.2542963192816929
 40
0.3785409416704979
 40
0.5018275895201758
 40
0.7483417930523839
 40
1.0
 40
1.0
 40
1.0
 40
1.0
 10
-9.667113483385553
 20
-82.05830907749052
 30
-0.0000000000000065
 10
-9.668211903883886
 20
-82.05852242706383
 30
-0.0000000000000065
 10
-9.67039383954574
 20
-82.05894623110164
 30
-0.0000000000000065
 10
-9.673603931015919
 20
-82.0597750857882
 30
-0.0000000000000064
 10
-9.677248927098217
 20
-82.06089909232047
 30
-0.0000000000000064
 10
-9.68128938650199
 20
-82.06243294873325
 30
-0.0000000000000064
 10
-9.68711010370931
 20
-82.06518663036624
 30
-0.0000000000000064
 10
-9.694056320355244
 20
-82.0694497050415
 30
-0.0000000000000063
 10
-9.698838868319031
 20
-82.07385602860634
 30
0.0000000000000075
 10
-9.70125483399655
 20
-82.07608193968497
 30
0.0000000000000076
  0
SPLINE
  5
1BE
330
1F
100
AcDbEntity
  8
0
 62
     7
370
    -3
100
AcDbSpline
210
0.0
220
0.0
230
1.0
 70
     8
 71
     3
 72
    14
 73
    10
 74
     0
 42
0.0000000001
 43
0.00000001
 40
0.0
 40
0.0
 40
0.0
 40
0.0
 40
0.2509808697128772
 40
0.4972930186698034
 40
0.6206490404333923
 40
0.7450690368349134
 40
0.8289765249396521
 40
0.9138867475352376
 40
1.0
 40
1.0
 40
1.0
 40
1.0
 10
-9.09874516600455
 20
-82.07608193968497
 30
0.0000000000000032
 10
-9.101154824335929
 20
-82.07386274343799
 30
0.0000000000000032
 10
-9.1059293167781
 20
-82.06946563220819
 30
-0.0000000000000106
 10
-9.112867414914248
 20
-82.06521148737933
 30
-0.0000000000000105
 10
-9.118687525120187
 20
-82.06245711158824
 30
-0.0000000000000105
 10
-9.122731713161832
 20
-82.06091929754595
 30
-0.0000000000000104
 10
-9.126382102749574
 20
-82.05978955909818
 30
-0.0000000000000104
 10
-9.12959865864786
 20
-82.05895429119805
 30
-0.0000000000000104
 10
-9.131785436496239
 20
-82.05852515494858
 30
-0.0000000000000104
 10
-9.13288651664255
 20
-82.05830907748802
 30
-0.0000000000000103
  0
SPLINE
  5
1BF
330
1F
100
AcDbEntity
  8
0
 62
     7
370
    -3
100
AcDbSpline
210
0.0
220
0.0
230
1.0
 70
     8
 71
     3
 72
    14
 73
    10
 74
     0
 42
0.0000000001
 43
0.00000001
 40
0.0
 40
0.0
 40
0.0
 40
0.0
 40
0.0858628456929838
 40
0.1705605506521477
 40
0.2542963193084168
 40
0.3785409417021728
 40
0.5018275895519746
 40
0.7483417930726407
 40
1.0
 40
1.0
 40
1.0
 40
1.0
 10
-9.132886516629549
 20
-82.69636446987455
 30
0.0000000000000007
 10
-9.131788096130615
 20
-82.6961511203014
 30
0.0000000000000007
 10
-9.129606160467596
 20
-82.69572731626384
 30
0.0000000000000007
 10
-9.126396068995701
 20
-82.69489846157751
 30
0.0000000000000006
 10
-9.122751072911589
 20
-82.69377445504556
 30
0.0000000000000006
 10
-9.118710613505925
 20
-82.69224059863285
 30
0.0000000000000006
 10
-9.112889896296169
 20
-82.68948691699964
 30
0.0000000000000006
 10
-9.105943679647632
 20
-82.68522384232348
 30
0.0000000000000005
 10
-9.101161131682643
 20
-82.68081751875702
 30
0.0000000000000005
 10
-9.09874516600455
 20
-82.6785916076776
 30
0.0000000000000005
  0
SPLINE
  5
1C0
330
1F
100
AcDbEntity
  8
0
 62
     7
370
    -3
100
AcDbSpline
210
0.0
220
0.0
230
1.0
 70
     8
 71
     3
 72
    14
 73
    10
 74
     0
 42
0.0000000001
 43
0.00000001
 40
0.0
 40
0.0
 40
0.0
 40
0.0
 40
0.2509808695237985
 40
0.4972930184263277
 40
0.6206490402103704
 40
0.7450690366610315
 40
0.8289765248133854
 40
0.9138867474671483
 40
1.0
 40
1.0
 40
1.0
 40
1.0
 10
-9.70125483399655
 20
-82.6785916076776
 30
0.0000000000000049
 10
-9.698845175667856
 20
-82.6808108039222
 30
0.0000000000000048
 10
-9.694070683229741
 20
-82.68520791514844
 30
0.0000000000000048
 10
-9.687132585098544
 20
-82.68946205997445
 30
0.0000000000000047
 10
-9.68131247489501
 20
-82.6922164357659
 30
0.0000000000000047
 10
-9.677268286853845
 20
-82.69375424980959
 30
0.0000000000000046
 10
-9.673617897265986
 20
-82.69488398825935
 30
0.0000000000000046
 10
-9.670401341367112
 20
-82.69571925616175
 30
0.0000000000000046
 10
-9.668214563518191
 20
-82.69614839241304
 30
0.0000000000000045
 10
-9.667113483371553
 20
-82.69636446987457
 30
0.0000000000000045
  0
SPLINE
  5
1C1
330
1F
100
AcDbEntity
  8
0
 62
     7
370
    -3
100
AcDbSpline
210
0.0
220
0.0
230
1.0
 70
     8
 71
     3
 72
    18
 73
    14
 74
     0
 42
0.0000000001
 43
0.00000001
 40
0.0
 40
0.0
 40
0.0
 40
0.0
 40
0.3378584477128192
 40
0.4464996810774494
 40
0.5755023641997158
 40
0.6526757669591344
 40
0.7436446583618906
 40
0.7783547184843067
 40
0.8159664528401563
 40
0.8569354163437256
 40
0.9014657076836093
 40
0.9494983749829214
 40
1.0
 40
1.0
 40
1.0
 40
1.0
 10
-9.09874516600455
 20
-82.67859160767729
 30
0.0000000000000005
 10
-9.095020165757544
 20
-82.67428853585051
 30
0.0000000000000005
 10
-9.090097360264407
 20
-82.6686017749856
 30
0.0000000000000005
 10
-9.085722242822776
 20
-82.65998991988198
 30
0.0000000000000005
 10
-9.08373263482041
 20
-82.65510423329494
 30
0.0000000000000005
 10
-9.082257104812575
 20
-82.65035164155795
 30
0.0000000000000005
 10
-9.08145592802178
 20
-82.64704927835909
 30
0.0000000000000005
 10
-9.080948695486068
 20
-82.64436358981004
 30
0.0000000000000005
 10
-9.080647667612014
 20
-82.64249128989817
 30
0.0000000000000005
 10
-9.08038382829585
 20
-82.64044740966243
 30
0.0000000000000005
 10
-9.08017398214271
 20
-82.6382221090144
 30
0.0000000000000006
 10
-9.080028363224331
 20
-82.63583127127069
 30
0.0000000000000006
 10
-9.080009611032017
 20
-82.63418204765362
 30
0.0000000000000006
 10
-9.080000000000549
 20
-82.6333367736813
 30
0.0000000000000006
  0
SPLINE
  5
1C2
330
1F
100
AcDbEntity
  8
0
 62
     7
370
    -3
100
AcDbSpline
210
0.0
220
0.0
230
1.0
 70
     8
 71
     3
 72
    21
 73
    17
 74
     0
 42
0.0000000001
 43
0.00000001
 40
0.0
 40
0.0
 40
0.0
 40
0.0
 40
0.0331414621465035
 40
0.065982277858484
 40
0.0985382024790718
 40
0.130825408412022
 40
0.1734849860061051
 40
0.2157367228342923
 40
0.2576221827321561
 40
0.3198537748659352
 40
0.3815054763188458
 40
0.4427296196799222
 40
0.5036817433028872
 40
0.6659843706799169
 40
0.8304654335096449
 40
1.0
 40
1.0
 40
1.0
 40
1.0
 10
-9.080000000000078
 20
-82.12133677368128
 30
0.0000000000000029
 10
-9.080009244293127
 20
-82.12078125734094
 30
0.0000000000000029
 10
-9.080027649018596
 20
-82.11967526408812
 30
0.0000000000000029
 10
-9.08010036488029
 20
-82.11802480896912
 30
0.0000000000000029
 10
-9.080206110149877
 20
-82.11639057808658
 30
0.0000000000000029
 10
-9.08036360037354
 20
-82.11459517922891
 30
0.0000000000000029
 10
-9.080587137477952
 20
-82.11264294558573
 30
0.0000000000000029
 10
-9.080894579468996
 20
-82.11053936092857
 30
0.0000000000000029
 10
-9.081326124835028
 20
-82.10812355232886
 30
0.0000000000000029
 10
-9.081924520753223
 20
-82.1054086633547
 30
0.000000000000003
 10
-9.082741322259125
 20
-82.10241370869812
 30
0.000000000000003
 10
-9.08370085912734
 20
-82.09948388601816
 30
0.000000000000003
 10
-9.085412091031705
 20
-82.09503050459557
 30
0.000000000000003
 10
-9.088322379955331
 20
-82.0891980031842
 30
0.0000000000000031
 10
-9.092973949244993
 20
-82.08225784289044
 30
0.0000000000000031
 10
-9.09680212092245
 20
-82.07816123402634
 30
0.0000000000000032
 10
-9.098745166004228
 20
-82.07608193968531
 30
0.0000000000000032
  0
SPLINE
  5
1C3
330
1F
100
AcDbEntity
  8
0
 62
     7
370
    -3
100
AcDbSpline
210
0.0
220
0.0
230
1.0
 70
     8
 71
     3
 72
    21
 73
    17
 74
     0
 42
0.0000000001
 43
0.00000001
 40
0.0
 40
0.0
 40
0.0
 40
0.0
 40
0.033141462147041
 40
0.0659822778590086
 40
0.0985382024790317
 40
0.1308254084119648
 40
0.1734849860060294
 40
0.2157367228341983
 40
0.2576221827320501
 40
0.3198537748658021
 40
0.3815054763192184
 40
0.4427296196797331
 40
0.5036817433031867
 40
0.6659843706796518
 40
0.8304654335093279
 40
1.0
 40
1.0
 40
1.0
 40
1.0
 10
-9.720000000001024
 20
-82.6333367736813
 30
0.0000000000000052
 10
-9.719990755707974
 20
-82.63389229002162
 30
0.0000000000000052
 10
-9.719972350982506
 20
-82.63499828327448
 30
0.0000000000000052
 10
-9.7198996351208
 20
-82.6366487383934
 30
0.0000000000000052
 10
-9.71979388985123
 20
-82.63828296927605
 30
0.0000000000000052
 10
-9.719636399627557
 20
-82.64007836813363
 30
0.0000000000000052
 10
-9.71941286252315
 20
-82.64203060177685
 30
0.0000000000000052
 10
-9.719105420532106
 20
-82.644134186434
 30
0.0000000000000051
 10
-9.718673875166068
 20
-82.64654999503367
 30
0.0000000000000051
 10
-9.718075479247872
 20
-82.64926488400788
 30
0.0000000000000051
 10
-9.717258677741986
 20
-82.65225983866443
 30
0.0000000000000051
 10
-9.71629914087375
 20
-82.65518966134442
 30
0.0000000000000051
 10
-9.714587908969417
 20
-82.65964304276702
 30
0.000000000000005
 10
-9.711677620045759
 20
-82.66547554417838
 30
0.000000000000005
 10
-9.707026050756099
 20
-82.67241570447213
 30
0.0000000000000049
 10
-9.703197879078655
 20
-82.67651231333626
 30
0.0000000000000049
 10
-9.701254833996874
 20
-82.67859160767729
 30
0.0000000000000049
  0
SPLINE
  5
1C4
330
1F
100
AcDbEntity
  8
0
 62
     7
370
    -3
100
AcDbSpline
210
0.0
220
0.0
230
1.0
 70
     8
 71
     3
 72
    18
 73
    14
 74
     0
 42
0.0000000001
 43
0.00000001
 40
0.0
 40
0.0
 40
0.0
 40
0.0
 40
0.3378584477124397
 40
0.4464996810766317
 40
0.5755023641994605
 40
0.6526757669583788
 40
0.7436446583617654
 40
0.7783547184842047
 40
0.8159664528406185
 40
0.8569354163436551
 40
0.9014657076841174
 40
0.9494983749834489
 40
1.0
 40
1.0
 40
1.0
 40
1.0
 10
-9.701254833996552
 20
-82.07608193968531
 30
0.0000000000000076
 10
-9.70497983424355
 20
-82.08038501151212
 30
0.0000000000000076
 10
-9.709902639736669
 20
-82.086071772377
 30
0.0000000000000076
 10
-9.714277757178332
 20
-82.09468362748055
 30
0.0000000000000076
 10
-9.716267365180668
 20
-82.09956931406765
 30
0.0000000000000076
 10
-9.717742895188527
 20
-82.10432190580464
 30
0.0000000000000075
 10
-9.71854407197931
 20
-82.10762426900344
 30
0.0000000000000075
 10
-9.719051304515038
 20
-82.11030995755256
 30
0.0000000000000075
 10
-9.719352332389084
 20
-82.11218225746443
 30
0.0000000000000075
 10
-9.719616171705256
 20
-82.11422613770019
 30
0.0000000000000075
 10
-9.719826017858392
 20
-82.11645143834818
 30
0.0000000000000075
 10
-9.719971636776767
 20
-82.11884227609191
 30
0.0000000000000075
 10
-9.71999038896908
 20
-82.12049149970893
 30
0.0000000000000075
 10
-9.720000000000551
 20
-82.12133677368128
 30
0.0000000000000075
  0
SPLINE
  5
1C5
330
1F
100
AcDbEntity
  8
0
 62
     7
370
    -3
100
AcDbSpline
210
0.0
220
0.0
230
1.0
 70
     8
 71
     3
 72
     9
 73
     5
 74
     0
 42
0.0000000001
 43
0.00000001
 40
0.0
 40
0.0
 40
0.0
 40
0.0
 40
0.5599400502690751
 40
1.0
 40
1.0
 40
1.0
 40
1.0
 10
-9.144000000000549
 20
-82.6973367736813
 30
0.0000000000000008
 10
-9.141913612620105
 20
-82.69728565309907
 30
0.0000000000000007
 10
-9.138187521979795
 20
-82.69719435657153
 30
0.0000000000000007
 10
-9.134506421515031
 20
-82.69661807035695
 30
0.0000000000000007
 10
-9.132886516629549
 20
-82.6963644698743
 30
0.0000000000000007
  0
LINE
  5
1C6
330
1F
100
AcDbEntity
  8
0
 62
     7
370
    -3
100
AcDbLine
 10
-9.720085036474467
 20
-82.11667109536684
 30
0.0000000000000075
 11
-9.720255329292987
 21
-82.1213367736826
 31
0.0000000000000075
  0
SPLINE
  5
1C7
330
1F
100
AcDbEntity
  8
0
 62
     7
370
    -3
100
AcDbSpline
210
0.0
220
0.0
230
1.0
 70
     8
 71
     3
 72
     9
 73
     5
 74
     0
 42
0.0000000001
 43
0.00000001
 40
0.0
 40
0.0
 40
0.0
 40
0.0
 40
0.5599400502882278
 40
1.0
 40
1.0
 40
1.0
 40
1.0
 10
-9.65600000000055
 20
-82.0573367736813
 30
-0.0000000000000066
 10
-9.65808638738375
 20
-82.05738789426353
 30
-0.0000000000000065
 10
-9.66181247802886
 20
-82.05747919079108
 30
-0.0000000000000065
 10
-9.665493578498149
 20
-82.05805547700774
 30
-0.0000000000000065
 10
-9.66711348338555
 20
-82.05830907749129
 30
-0.0000000000000065
  0
SPLINE
  5
1C8
330
1F
100
AcDbEntity
  8
0
 62
     7
370
    -3
100
AcDbSpline
210
0.0
220
0.0
230
1.0
 70
     8
 71
     3
 72
     9
 73
     5
 74
     0
 42
0.0000000001
 43
0.00000001
 40
0.0
 40
0.0
 40
0.0
 40
0.0
 40
0.5599400502567194
 40
1.0
 40
1.0
 40
1.0
 40
1.0
 10
-9.65600000000055
 20
-82.6973367736813
 30
0.0000000000000044
 10
-9.658086387380946
 20
-82.69728565309907
 30
0.0000000000000045
 10
-9.661812478021254
 20
-82.6971943565715
 30
0.0000000000000045
 10
-9.665493578486025
 20
-82.69661807035692
 30
0.0000000000000045
 10
-9.667113483371551
 20
-82.6963644698743
 30
0.0000000000000045
  0
SPLINE
  5
1C9
330
1F
100
AcDbEntity
  8
0
 62
     7
370
    -3
100
AcDbSpline
210
0.0
220
0.0
230
1.0
 70
     8
 71
     3
 72
     9
 73
     5
 74
     0
 42
0.0000000001
 43
0.00000001
 40
0.0
 40
0.0
 40
0.0
 40
0.0
 40
0.5599400504211551
 40
1.0
 40
1.0
 40
1.0
 40
1.0
 10
-9.144000000000549
 20
-82.0573367736813
 30
-0.0000000000000103
 10
-9.141913612621918
 20
-82.0573878942632
 30
-0.0000000000000103
 10
-9.138187521985852
 20
-82.05747919079013
 30
-0.0000000000000103
 10
-9.13450642152552
 20
-82.05805547700544
 30
-0.0000000000000103
 10
-9.13288651664255
 20
-82.05830907748829
 30
-0.0000000000000103
  0
LINE
  5
1CA
330
1F
100
AcDbEntity
  8
0
 62
     7
370
    -3
100
AcDbLine
 10
-6.367999076129456
 20
-82.12133677368126
 30
0.000000000000011
 11
-8.439993335208595
 21
-82.12133677368125
 31
0.0000000000000121
  0
LINE
  5
1CB
330
1F
100
AcDbEntity
  8
0
 62
     7
370
    -3
100
AcDbLine
 10
-8.440000000000596
 20
-82.63333677368126
 30
0.0000000000000098
 11
-6.367999076128742
 21
-82.63333677368125
 31
0.0000000000000088
  0
LINE
  5
1CC
330
1F
100
AcDbEntity
  8
0
 62
     7
370
    -3
100
AcDbLine
 10
-9.058764286159597
 20
-82.63333677368126
 30
0.0000000000000004
 11
-8.440000000000595
 21
-82.63333677368125
 31
0.0000000000000098
  0
LINE
  5
1CD
330
1F
100
AcDbEntity
  8
0
 62
     7
370
    -3
100
AcDbLine
 10
-8.439993335208595
 20
-82.12133677368125
 30
0.0000000000000121
 11
-9.080000001389381
 21
-82.12133677368126
 31
0.0000000000000029
  0
LINE
  5
1CE
330
1F
100
AcDbEntity
  8
0
 62
     7
370
    -3
100
AcDbLine
 10
-8.440000000000595
 20
-82.05733677368127
 30
-0.0000000000000015
 11
-6.367999076222989
 21
-82.05733677368127
 31
-0.0000000000000025
  0
LINE
  5
1CF
330
1F
100
AcDbEntity
  8
0
 62
     7
370
    -3
100
AcDbLine
 10
-9.133953185555947
 20
-82.05733677368127
 30
-0.0000000000000103
 11
-9.102721221402748
 21
-82.05733677368127
 31
-0.0000000000000106
  0
LINE
  5
1D0
330
1F
100
AcDbEntity
  8
0
 62
     7
370
    -3
100
AcDbLine
 10
-9.102721221402748
 20
-82.05733677368127
 30
-0.0000000000000106
 11
-8.440000000000595
 21
-82.05733677368127
 31
-0.0000000000000015
  0
LINE
  5
1D1
330
1F
100
AcDbEntity
  8
0
 62
     7
370
    -3
100
AcDbLine
 10
-8.440013333159595
 20
-82.69733677368126
 30
0.0000000000000095
 11
-9.14399999861159
 21
-82.69733677368127
 31
0.0000000000000008
  0
LINE
  5
1D2
330
1F
100
AcDbEntity
  8
0
 62
     7
370
    -3
100
AcDbLine
 10
-6.367999077376991
 20
-82.69733677368126
 30
0.0000000000000085
 11
-8.440013333159596
 21
-82.69733677368127
 31
0.0000000000000095
  0
SPLINE
  5
1D3
330
1F
100
AcDbEntity
  8
0
 62
     7
370
    -3
100
AcDbSpline
210
0.0
220
0.0
230
1.0
 70
     8
 71
     3
 72
    18
 73
    14
 74
     0
 42
0.0000000001
 43
0.00000001
 40
0.0
 40
0.0
 40
0.0
 40
0.0
 40
0.3378584477123484
 40
0.4464996810769684
 40
0.5755023641997352
 40
0.652675766958619
 40
0.7436446583613666
 40
0.7783547184837795
 40
0.8159664528401714
 40
0.8569354163431886
 40
0.9014657076836186
 40
0.9494983749829262
 40
1.0
 40
1.0
 40
1.0
 40
1.0
 10
-9.09874516600455
 20
-85.21859160767728
 30
0.000000000000003
 10
-9.095020165757543
 20
-85.21428853585046
 30
0.000000000000003
 10
-9.090097360264402
 20
-85.20860177498554
 30
0.000000000000003
 10
-9.085722242822767
 20
-85.199989919882
 30
0.000000000000003
 10
-9.083732634820418
 20
-85.19510423329488
 30
0.000000000000003
 10
-9.082257104812568
 20
-85.19035164155795
 30
0.000000000000003
 10
-9.081455928021786
 20
-85.18704927835911
 30
0.000000000000003
 10
-9.080948695486065
 20
-85.18436358981005
 30
0.000000000000003
 10
-9.080647667612018
 20
-85.18249128989815
 30
0.000000000000003
 10
-9.080383828295844
 20
-85.18044740966245
 30
0.000000000000003
 10
-9.080173982142716
 20
-85.17822210901438
 30
0.0000000000000031
 10
-9.080028363224327
 20
-85.17583127127065
 30
0.0000000000000031
 10
-9.080009611032018
 20
-85.17418204765362
 30
0.0000000000000031
 10
-9.080000000000549
 20
-85.17333677368127
 30
0.0000000000000031
  0
SPLINE
  5
1D4
330
1F
100
AcDbEntity
  8
0
 62
     7
370
    -3
100
AcDbSpline
210
0.0
220
0.0
230
1.0
 70
     8
 71
     3
 72
    21
 73
    17
 74
     0
 42
0.0000000001
 43
0.00000001
 40
0.0
 40
0.0
 40
0.0
 40
0.0
 40
0.0331414621470409
 40
0.065982277859007
 40
0.0985382024790299
 40
0.130825408411966
 40
0.1734849860060305
 40
0.2157367228341943
 40
0.2576221827320459
 40
0.3198537748657979
 40
0.3815054763186815
 40
0.4427296196797312
 40
0.5036817433031846
 40
0.6659843706796492
 40
0.8304654335093055
 40
1.0
 40
1.0
 40
1.0
 40
1.0
 10
-9.080000000000078
 20
-84.66133677368128
 30
-0.0000000000000085
 10
-9.080009244293125
 20
-84.66078125734094
 30
-0.0000000000000085
 10
-9.080027649018598
 20
-84.65967526408814
 30
-0.0000000000000085
 10
-9.080100364880295
 20
-84.65802480896917
 30
-0.0000000000000085
 10
-9.080206110149874
 20
-84.65639057808657
 30
-0.0000000000000085
 10
-9.080363600373543
 20
-84.65459517922892
 30
-0.0000000000000085
 10
-9.080587137477949
 20
-84.65264294558574
 30
-0.0000000000000085
 10
-9.080894579468993
 20
-84.65053936092859
 30
-0.0000000000000085
 10
-9.08132612483503
 20
-84.6481235523289
 30
-0.0000000000000084
 10
-9.081924520753228
 20
-84.64540866335473
 30
-0.0000000000000084
 10
-9.082741322259123
 20
-84.64241370869816
 30
-0.0000000000000084
 10
-9.083700859127347
 20
-84.63948388601817
 30
-0.0000000000000084
 10
-9.085412091031685
 20
-84.63503050459556
 30
-0.0000000000000084
 10
-9.088322379955343
 20
-84.62919800318419
 30
-0.0000000000000083
 10
-9.092973949245001
 20
-84.62225784289049
 30
-0.0000000000000082
 10
-9.096802120922453
 20
-84.61816123402633
 30
-0.0000000000000082
 10
-9.098745166004228
 20
-84.6160819396853
 30
-0.0000000000000082
  0
SPLINE
  5
1D5
330
1F
100
AcDbEntity
  8
0
 62
     7
370
    -3
100
AcDbSpline
210
0.0
220
0.0
230
1.0
 70
     8
 71
     3
 72
    21
 73
    17
 74
     0
 42
0.0000000001
 43
0.00000001
 40
0.0
 40
0.0
 40
0.0
 40
0.0
 40
0.0331414621470375
 40
0.0659822778590017
 40
0.0985382024790214
 40
0.130825408412501
 40
0.1734849860060128
 40
0.2157367228341773
 40
0.257622182732568
 40
0.3198537748663061
 40
0.3815054763191926
 40
0.4427296196802253
 40
0.5036817433031574
 40
0.6659843706800999
 40
0.8304654335097589
 40
1.0
 40
1.0
 40
1.0
 40
1.0
 10
-9.720000000001024
 20
-85.17333677368127
 30
0.0000000000000077
 10
-9.719990755707975
 20
-85.17389229002161
 30
0.0000000000000077
 10
-9.719972350982506
 20
-85.17499828327448
 30
0.0000000000000077
 10
-9.719899635120804
 20
-85.1766487383934
 30
0.0000000000000077
 10
-9.719793889851221
 20
-85.178282969276
 30
0.0000000000000077
 10
-9.719636399627566
 20
-85.18007836813365
 30
0.0000000000000077
 10
-9.71941286252315
 20
-85.18203060177686
 30
0.0000000000000076
 10
-9.719105420532099
 20
-85.18413418643397
 30
0.0000000000000076
 10
-9.718673875166074
 20
-85.18654999503372
 30
0.0000000000000076
 10
-9.718075479247878
 20
-85.18926488400787
 30
0.0000000000000076
 10
-9.717258677741977
 20
-85.19225983866446
 30
0.0000000000000076
 10
-9.71629914087376
 20
-85.19518966134441
 30
0.0000000000000076
 10
-9.714587908969396
 20
-85.19964304276702
 30
0.0000000000000075
 10
-9.711677620045766
 20
-85.20547554417834
 30
0.0000000000000075
 10
-9.707026050756108
 20
-85.21241570447214
 30
0.0000000000000074
 10
-9.703197879078653
 20
-85.21651231333625
 30
0.0000000000000074
 10
-9.701254833996874
 20
-85.21859160767728
 30
0.0000000000000074
  0
SPLINE
  5
1D6
330
1F
100
AcDbEntity
  8
0
 62
     7
370
    -3
100
AcDbSpline
210
0.0
220
0.0
230
1.0
 70
     8
 71
     3
 72
    18
 73
    14
 74
     0
 42
0.0000000001
 43
0.00000001
 40
0.0
 40
0.0
 40
0.0
 40
0.0
 40
0.3378584477122618
 40
0.4464996810768877
 40
0.575502364199136
 40
0.6526757669580135
 40
0.7436446583613522
 40
0.7783547184843165
 40
0.8159664528401647
 40
0.856935416343728
 40
0.9014657076836166
 40
0.9494983749829228
 40
1.0
 40
1.0
 40
1.0
 40
1.0
 10
-9.70125483399655
 20
-84.61608193968529
 30
-0.0000000000000038
 10
-9.704979834243554
 20
-84.62038501151207
 30
-0.0000000000000038
 10
-9.709902639736685
 20
-84.62607177237695
 30
-0.0000000000000038
 10
-9.714277757178321
 20
-84.63468362748058
 30
-0.0000000000000038
 10
-9.716267365180673
 20
-84.63956931406761
 30
-0.0000000000000038
 10
-9.717742895188525
 20
-84.6443219058046
 30
-0.0000000000000038
 10
-9.71854407197932
 20
-84.64762426900346
 30
-0.0000000000000038
 10
-9.719051304515032
 20
-84.65030995755254
 30
-0.0000000000000039
 10
-9.71935233238909
 20
-84.65218225746446
 30
-0.0000000000000039
 10
-9.71961617170525
 20
-84.65422613770014
 30
-0.0000000000000039
 10
-9.71982601785839
 20
-84.65645143834814
 30
-0.0000000000000039
 10
-9.71997163677677
 20
-84.6588422760919
 30
-0.0000000000000039
 10
-9.719990388969078
 20
-84.66049149970893
 30
-0.0000000000000039
 10
-9.720000000000551
 20
-84.66133677368128
 30
-0.0000000000000039
  0
SPLINE
  5
1D7
330
1F
100
AcDbEntity
  8
0
 62
     7
370
    -3
100
AcDbSpline
210
0.0
220
0.0
230
1.0
 70
     8
 71
     3
 72
    14
 73
    10
 74
     0
 42
0.0000000001
 43
0.00000001
 40
0.0
 40
0.0
 40
0.0
 40
0.0
 40
0.0858628456813764
 40
0.1705605506317274
 40
0.2542963192816616
 40
0.3785409416704428
 40
0.5018275895204813
 40
0.7483417930523483
 40
1.0
 40
1.0
 40
1.0
 40
1.0
 10
-9.66711348338555
 20
-84.5983090774905
 30
-0.000000000000004
 10
-9.668211903883881
 20
-84.59852242706381
 30
-0.000000000000004
 10
-9.670393839545739
 20
-84.59894623110166
 30
-0.000000000000004
 10
-9.673603931015913
 20
-84.59977508578825
 30
-0.000000000000004
 10
-9.677248927098221
 20
-84.60089909232042
 30
-0.0000000000000039
 10
-9.681289386501998
 20
-84.60243294873324
 30
-0.0000000000000039
 10
-9.687110103709289
 20
-84.60518663036625
 30
-0.0000000000000039
 10
-9.694056320355259
 20
-84.6094497050415
 30
-0.0000000000000038
 10
-9.698838868319033
 20
-84.61385602860632
 30
-0.0000000000000038
 10
-9.70125483399655
 20
-84.61608193968495
 30
-0.0000000000000038
  0
SPLINE
  5
1D8
330
1F
100
AcDbEntity
  8
0
 62
     7
370
    -3
100
AcDbSpline
210
0.0
220
0.0
230
1.0
 70
     8
 71
     3
 72
    14
 73
    10
 74
     0
 42
0.0000000001
 43
0.00000001
 40
0.0
 40
0.0
 40
0.0
 40
0.0
 40
0.2509808697129526
 40
0.4972930186695766
 40
0.6206490404332026
 40
0.7450690368350139
 40
0.8289765249397778
 40
0.9138867475352117
 40
1.0
 40
1.0
 40
1.0
 40
1.0
 10
-9.09874516600455
 20
-84.61608193968495
 30
-0.0000000000000082
 10
-9.101154824335929
 20
-84.61386274343799
 30
-0.0000000000000081
 10
-9.105929316778093
 20
-84.60946563220818
 30
-0.0000000000000081
 10
-9.112867414914257
 20
-84.60521148737938
 30
-0.000000000000008
 10
-9.118687525120187
 20
-84.60245711158824
 30
-0.000000000000008
 10
-9.122731713161826
 20
-84.60091929754593
 30
-0.0000000000000079
 10
-9.126382102749572
 20
-84.5997895590982
 30
-0.0000000000000079
 10
-9.129598658647861
 20
-84.59895429119807
 30
-0.0000000000000079
 10
-9.13178543649624
 20
-84.5985251549486
 30
-0.0000000000000079
 10
-9.13288651664255
 20
-84.59830907748803
 30
-0.0000000000000078
  0
SPLINE
  5
1D9
330
1F
100
AcDbEntity
  8
0
 62
     7
370
    -3
100
AcDbSpline
210
0.0
220
0.0
230
1.0
 70
     8
 71
     3
 72
    14
 73
    10
 74
     0
 42
0.0000000001
 43
0.00000001
 40
0.0
 40
0.0
 40
0.0
 40
0.0
 40
0.0858628456928735
 40
0.1705605506522451
 40
0.254296319308588
 40
0.3785409417021383
 40
0.5018275895522892
 40
0.7483417930730102
 40
1.0
 40
1.0
 40
1.0
 40
1.0
 10
-9.132886516629549
 20
-85.23636446987453
 30
0.0000000000000032
 10
-9.131788096130615
 20
-85.23615112030139
 30
0.0000000000000032
 10
-9.129606160467587
 20
-85.23572731626389
 30
0.0000000000000031
 10
-9.126396068995707
 20
-85.23489846157749
 30
0.0000000000000031
 10
-9.122751072911594
 20
-85.23377445504555
 30
0.0000000000000031
 10
-9.118710613505913
 20
-85.23224059863291
 30
0.0000000000000031
 10
-9.112889896296176
 20
-85.22948691699956
 30
0.0000000000000031
 10
-9.105943679647641
 20
-85.2252238423235
 30
0.000000000000003
 10
-9.101161131682645
 20
-85.22081751875704
 30
0.000000000000003
 10
-9.09874516600455
 20
-85.21859160767761
 30
0.000000000000003
  0
SPLINE
  5
1DA
330
1F
100
AcDbEntity
  8
0
 62
     7
370
    -3
100
AcDbSpline
210
0.0
220
0.0
230
1.0
 70
     8
 71
     3
 72
    14
 73
    10
 74
     0
 42
0.0000000001
 43
0.00000001
 40
0.0
 40
0.0
 40
0.0
 40
0.0
 40
0.2509808695238279
 40
0.497293018426419
 40
0.6206490402101896
 40
0.7450690366611349
 40
0.8289765248132993
 40
0.9138867474671266
 40
1.0
 40
1.0
 40
1.0
 40
1.0
 10
-9.70125483399655
 20
-85.21859160767761
 30
0.0000000000000074
 10
-9.698845175667854
 20
-85.2208108039222
 30
0.0000000000000073
 10
-9.69407068322974
 20
-85.22520791514845
 30
0.0000000000000073
 10
-9.687132585098563
 20
-85.22946205997451
 30
0.0000000000000072
 10
-9.681312474894996
 20
-85.23221643576585
 30
0.0000000000000071
 10
-9.677268286853861
 20
-85.2337542498096
 30
0.0000000000000071
 10
-9.67361789726598
 20
-85.23488398825933
 30
0.0000000000000071
 10
-9.67040134136711
 20
-85.23571925616169
 30
0.0000000000000071
 10
-9.66821456351819
 20
-85.23614839241301
 30
0.000000000000007
 10
-9.667113483371551
 20
-85.23636446987453
 30
0.000000000000007
  0
SPLINE
  5
1DB
330
1F
100
AcDbEntity
  8
0
 62
     7
370
    -3
100
AcDbSpline
210
0.0
220
0.0
230
1.0
 70
     8
 71
     3
 72
     9
 73
     5
 74
     0
 42
0.0000000001
 43
0.00000001
 40
0.0
 40
0.0
 40
0.0
 40
0.0
 40
0.5599400502688326
 40
1.0
 40
1.0
 40
1.0
 40
1.0
 10
-9.14400000000055
 20
-85.23733677368129
 30
0.0000000000000032
 10
-9.141913612620105
 20
-85.2372856530991
 30
0.0000000000000032
 10
-9.138187521979791
 20
-85.23719435657158
 30
0.0000000000000032
 10
-9.134506421515031
 20
-85.23661807035695
 30
0.0000000000000032
 10
-9.13288651662955
 20
-85.2363644698743
 30
0.0000000000000032
  0
LINE
  5
1DC
330
1F
100
AcDbEntity
  8
0
 62
     7
370
    -3
100
AcDbLine
 10
-9.720085036474075
 20
-84.65667109535892
 30
-0.0000000000000039
 11
-9.720255329292987
 21
-84.6613367736786
 31
-0.0000000000000039
  0
SPLINE
  5
1DD
330
1F
100
AcDbEntity
  8
0
 62
     7
370
    -3
100
AcDbSpline
210
0.0
220
0.0
230
1.0
 70
     8
 71
     3
 72
     9
 73
     5
 74
     0
 42
0.0000000001
 43
0.00000001
 40
0.0
 40
0.0
 40
0.0
 40
0.0
 40
0.55994005028847
 40
1.0
 40
1.0
 40
1.0
 40
1.0
 10
-9.65600000000055
 20
-84.59733677368128
 30
-0.0000000000000041
 10
-9.658086387383747
 20
-84.59738789426352
 30
-0.0000000000000041
 10
-9.661812478028857
 20
-84.5974791907911
 30
-0.000000000000004
 10
-9.66549357849815
 20
-84.59805547700778
 30
-0.000000000000004
 10
-9.66711348338555
 20
-84.59830907749128
 30
-0.000000000000004
  0
SPLINE
  5
1DE
330
1F
100
AcDbEntity
  8
0
 62
     7
370
    -3
100
AcDbSpline
210
0.0
220
0.0
230
1.0
 70
     8
 71
     3
 72
    10
 73
     6
 74
     0
 42
0.0000000001
 43
0.00000001
 40
0.0
 40
0.0
 40
0.0
 40
0.0
 40
0.0856512290425693
 40
0.5834428912474298
 40
1.0
 40
1.0
 40
1.0
 40
1.0
 10
-9.71103486659363
 20
-85.20643773511833
 30
0.0000000000000075
 10
-9.71063612755989
 20
-85.20708004194975
 30
0.0000000000000075
 10
-9.707919979090116
 20
-85.21145533649002
 30
0.0000000000000074
 10
-9.702343303087329
 20
-85.21844085096689
 30
0.0000000000000074
 10
-9.695970282695438
 20
-85.22342212683625
 30
0.0000000000000073
 10
-9.693066875338436
 20
-85.22569148612229
 30
0.0000000000000073
  0
SPLINE
  5
1DF
330
1F
100
AcDbEntity
  8
0
 62
     7
370
    -3
100
AcDbSpline
210
0.0
220
0.0
230
1.0
 70
     8
 71
     3
 72
     9
 73
     5
 74
     0
 42
0.0000000001
 43
0.00000001
 40
0.0
 40
0.0
 40
0.0
 40
0.0
 40
0.5599400502564772
 40
1.0
 40
1.0
 40
1.0
 40
1.0
 10
-9.65600000000055
 20
-85.23733677368128
 30
0.0000000000000069
 10
-9.658086387380944
 20
-85.23728565309905
 30
0.000000000000007
 10
-9.661812478021254
 20
-85.23719435657151
 30
0.000000000000007
 10
-9.665493578486023
 20
-85.23661807035691
 30
0.000000000000007
 10
-9.667113483371551
 20
-85.23636446987429
 30
0.000000000000007
  0
SPLINE
  5
1E0
330
1F
100
AcDbEntity
  8
0
 62
     7
370
    -3
100
AcDbSpline
210
0.0
220
0.0
230
1.0
 70
     8
 71
     3
 72
     9
 73
     5
 74
     0
 42
0.0000000001
 43
0.00000001
 40
0.0
 40
0.0
 40
0.0
 40
0.0
 40
0.5599400504211551
 40
1.0
 40
1.0
 40
1.0
 40
1.0
 10
-9.144000000000549
 20
-84.59733677368128
 30
-0.0000000000000078
 10
-9.141913612621918
 20
-84.59738789426319
 30
-0.0000000000000078
 10
-9.138187521985852
 20
-84.59747919079012
 30
-0.0000000000000078
 10
-9.13450642152552
 20
-84.59805547700543
 30
-0.0000000000000078
 10
-9.13288651664255
 20
-84.59830907748828
 30
-0.0000000000000078
  0
LINE
  5
1E1
330
1F
100
AcDbEntity
  8
0
 62
     7
370
    -3
100
AcDbLine
 10
-1.518453648193103
 20
-84.66133677368124
 30
-0.0000000000000076
 11
-1.999999999999887
 21
-84.66133677368124
 31
-0.0000000000000041
  0
LINE
  5
1E2
330
1F
100
AcDbEntity
  8
0
 62
     7
370
    -3
100
AcDbLine
 10
-6.367999076129456
 20
-84.66133677368126
 30
-0.0000000000000003
 11
-8.439993335208595
 21
-84.66133677368124
 31
0.0000000000000007
  0
LINE
  5
1E3
330
1F
100
AcDbEntity
  8
0
 62
     7
370
    -3
100
AcDbLine
 10
-8.440000000000596
 20
-85.17333677368126
 30
0.0000000000000123
 11
-6.367999076128742
 21
-85.17333677368126
 31
0.0000000000000113
  0
LINE
  5
1E4
330
1F
100
AcDbEntity
  8
0
 62
     7
370
    -3
100
AcDbLine
 10
-1.999999999999884
 20
-85.17333677368126
 30
0.0000000000000075
 11
-1.872944556094257
 21
-85.17333677368126
 31
0.0000000000000066
  0
LINE
  5
1E5
330
1F
100
AcDbEntity
  8
0
 62
     7
370
    -3
100
AcDbLine
 10
-9.058764286159597
 20
-85.17333677368126
 30
0.0000000000000029
 11
-8.440000000000595
 21
-85.17333677368124
 31
0.0000000000000123
  0
LINE
  5
1E6
330
1F
100
AcDbEntity
  8
0
 62
     7
370
    -3
100
AcDbLine
 10
-8.439993335208595
 20
-84.66133677368124
 30
0.0000000000000007
 11
-9.080000001389381
 21
-84.66133677368126
 31
-0.0000000000000085
  0
LINE
  5
1E7
330
1F
100
AcDbEntity
  8
0
 62
     7
370
    -3
100
AcDbLine
 10
-8.440000000000595
 20
-84.59733677368125
 30
0.000000000000001
 11
-6.367999076222989
 21
-84.59733677368125
 31
0.0
  0
LINE
  5
1E8
330
1F
100
AcDbEntity
  8
0
 62
     7
370
    -3
100
AcDbLine
 10
-2.000000000000586
 20
-84.59733677368125
 30
-0.0000000000000038
 11
-1.523234129484286
 21
-84.59733677368125
 31
-0.0000000000000073
  0
LINE
  5
1E9
330
1F
100
AcDbEntity
  8
0
 62
     7
370
    -3
100
AcDbLine
 10
-9.133953185555947
 20
-84.59733677368126
 30
-0.0000000000000078
 11
-9.10272122140275
 21
-84.59733677368126
 31
-0.0000000000000081
  0
LINE
  5
1EA
330
1F
100
AcDbEntity
  8
0
 62
     7
370
    -3
100
AcDbLine
 10
-9.10272122140275
 20
-84.59733677368126
 30
-0.0000000000000081
 11
-8.440000000000595
 21
-84.59733677368125
 31
0.000000000000001
  0
LINE
  5
1EB
330
1F
100
AcDbEntity
  8
0
 62
     7
370
    -3
100
AcDbLine
 10
-8.440013333159595
 20
-85.23733677368125
 30
0.000000000000012
 11
-9.14399999861159
 21
-85.23733677368126
 31
0.0000000000000032
  0
LINE
  5
1EC
330
1F
100
AcDbEntity
  8
0
 62
     7
370
    -3
100
AcDbLine
 10
-6.367999077376991
 20
-85.23733677368125
 30
0.000000000000011
 11
-8.440013333159596
 21
-85.23733677368126
 31
0.000000000000012
  0
SPLINE
  5
1ED
330
1F
100
AcDbEntity
  8
0
 62
     7
370
    -3
100
AcDbSpline
210
0.0
220
0.0
230
1.0
 70
     8
 71
     3
 72
    18
 73
    14
 74
     0
 42
0.0000000001
 43
0.00000001
 40
0.0
 40
0.0
 40
0.0
 40
0.0
 40
0.3378584477128192
 40
0.4464996810774494
 40
0.5755023641997158
 40
0.6526757669591344
 40
0.7436446583618906
 40
0.7783547184843067
 40
0.8159664528401563
 40
0.8569354163437256
 40
0.9014657076836093
 40
0.9494983749829214
 40
1.0
 40
1.0
 40
1.0
 40
1.0
 10
-9.09874516600455
 20
-87.75859160767729
 30
-0.0000000000000084
 10
-9.095020165757544
 20
-87.75428853585049
 30
-0.0000000000000084
 10
-9.090097360264407
 20
-87.74860177498559
 30
-0.0000000000000084
 10
-9.085722242822776
 20
-87.73998991988198
 30
-0.0000000000000084
 10
-9.08373263482041
 20
-87.73510423329495
 30
-0.0000000000000084
 10
-9.082257104812575
 20
-87.73035164155793
 30
-0.0000000000000084
 10
-9.08145592802178
 20
-87.72704927835909
 30
-0.0000000000000084
 10
-9.080948695486068
 20
-87.72436358981005
 30
-0.0000000000000084
 10
-9.080647667612014
 20
-87.72249128989816
 30
-0.0000000000000083
 10
-9.08038382829585
 20
-87.72044740966246
 30
-0.0000000000000083
 10
-9.08017398214271
 20
-87.71822210901439
 30
-0.0000000000000083
 10
-9.080028363224331
 20
-87.7158312712707
 30
-0.0000000000000083
 10
-9.080009611032017
 20
-87.71418204765362
 30
-0.0000000000000083
 10
-9.080000000000549
 20
-87.71333677368129
 30
-0.0000000000000083
  0
SPLINE
  5
1EE
330
1F
100
AcDbEntity
  8
0
 62
     7
370
    -3
100
AcDbSpline
210
0.0
220
0.0
230
1.0
 70
     8
 71
     3
 72
    21
 73
    17
 74
     0
 42
0.0000000001
 43
0.00000001
 40
0.0
 40
0.0
 40
0.0
 40
0.0
 40
0.0331414621465035
 40
0.0659822778584839
 40
0.0985382024785211
 40
0.130825408412021
 40
0.1734849860061041
 40
0.2157367228342863
 40
0.2576221827321562
 40
0.3198537748659352
 40
0.3815054763188458
 40
0.4427296196799222
 40
0.5036817433028872
 40
0.6659843706799169
 40
0.830465433509645
 40
1.0
 40
1.0
 40
1.0
 40
1.0
 10
-9.080000000000078
 20
-87.20133677368128
 30
-0.000000000000006
 10
-9.080009244293123
 20
-87.20078125734094
 30
-0.000000000000006
 10
-9.080027649018595
 20
-87.1996752640881
 30
-0.000000000000006
 10
-9.080100364880295
 20
-87.19802480896917
 30
-0.000000000000006
 10
-9.080206110149875
 20
-87.19639057808655
 30
-0.000000000000006
 10
-9.08036360037354
 20
-87.19459517922893
 30
-0.000000000000006
 10
-9.08058713747795
 20
-87.19264294558569
 30
-0.000000000000006
 10
-9.080894579468996
 20
-87.19053936092861
 30
-0.000000000000006
 10
-9.081326124835028
 20
-87.18812355232886
 30
-0.0000000000000059
 10
-9.081924520753224
 20
-87.18540866335472
 30
-0.0000000000000059
 10
-9.082741322259125
 20
-87.18241370869814
 30
-0.0000000000000059
 10
-9.083700859127342
 20
-87.17948388601818
 30
-0.0000000000000059
 10
-9.085412091031701
 20
-87.17503050459553
 30
-0.0000000000000059
 10
-9.088322379955333
 20
-87.16919800318422
 30
-0.0000000000000058
 10
-9.09297394924499
 20
-87.1622578428904
 30
-0.0000000000000057
 10
-9.096802120922447
 20
-87.15816123402631
 30
-0.0000000000000057
 10
-9.098745166004226
 20
-87.1560819396853
 30
-0.0000000000000057
  0
SPLINE
  5
1EF
330
1F
100
AcDbEntity
  8
0
 62
     7
370
    -3
100
AcDbSpline
210
0.0
220
0.0
230
1.0
 70
     8
 71
     3
 72
    14
 73
    10
 74
     0
 42
0.0000000001
 43
0.00000001
 40
0.0
 40
0.0
 40
0.0
 40
0.0
 40
0.0858628456929603
 40
0.1705605506521868
 40
0.2542963193084753
 40
0.3785409417022603
 40
0.5018275895520907
 40
0.7483417930728142
 40
1.0
 40
1.0
 40
1.0
 40
1.0
 10
-9.13288651662955
 20
-87.77636446987457
 30
-0.0000000000000082
 10
-9.131788096130617
 20
-87.77615112030139
 30
-0.0000000000000082
 10
-9.129606160467594
 20
-87.77572731626381
 30
-0.0000000000000082
 10
-9.126396068995708
 20
-87.77489846157756
 30
-0.0000000000000083
 10
-9.122751072911589
 20
-87.77377445504554
 30
-0.0000000000000083
 10
-9.11871061350593
 20
-87.7722405986329
 30
-0.0000000000000083
 10
-9.112889896296164
 20
-87.76948691699958
 30
-0.0000000000000083
 10
-9.105943679647643
 20
-87.76522384232354
 30
-0.0000000000000084
 10
-9.101161131682643
 20
-87.76081751875704
 30
-0.0000000000000084
 10
-9.09874516600455
 20
-87.75859160767762
 30
-0.0000000000000084
  0
SPLINE
  5
1F0
330
1F
100
AcDbEntity
  8
0
 62
     7
370
    -3
100
AcDbSpline
210
0.0
220
0.0
230
1.0
 70
     8
 71
     3
 72
    14
 73
    10
 74
     0
 42
0.0000000001
 43
0.00000001
 40
0.0
 40
0.0
 40
0.0
 40
0.0
 40
0.2509808695235884
 40
0.4972930184261721
 40
0.6206490402102018
 40
0.7450690366609322
 40
0.8289765248133045
 40
0.9138867474671293
 40
1.0
 40
1.0
 40
1.0
 40
1.0
 10
-9.70125483399655
 20
-87.75859160767762
 30
-0.000000000000004
 10
-9.698845175667854
 20
-87.7608108039222
 30
-0.0000000000000041
 10
-9.694070683229741
 20
-87.76520791514847
 30
-0.0000000000000041
 10
-9.687132585098544
 20
-87.76946205997442
 30
-0.0000000000000042
 10
-9.681312474895016
 20
-87.77221643576594
 30
-0.0000000000000042
 10
-9.677268286853847
 20
-87.77375424980954
 30
-0.0000000000000043
 10
-9.673617897265991
 20
-87.7748839882594
 30
-0.0000000000000043
 10
-9.670401341367107
 20
-87.7757192561617
 30
-0.0000000000000043
 10
-9.66821456351819
 20
-87.77614839241302
 30
-0.0000000000000043
 10
-9.667113483371551
 20
-87.77636446987455
 30
-0.0000000000000044
  0
SPLINE
  5
1F1
330
1F
100
AcDbEntity
  8
0
 62
     7
370
    -3
100
AcDbSpline
210
0.0
220
0.0
230
1.0
 70
     8
 71
     3
 72
    14
 73
    10
 74
     0
 42
0.0000000001
 43
0.00000001
 40
0.0
 40
0.0
 40
0.0
 40
0.0
 40
0.0858628456812212
 40
0.1705605506315596
 40
0.2542963192816913
 40
0.3785409416704954
 40
0.5018275895202128
 40
0.7483417930524192
 40
1.0
 40
1.0
 40
1.0
 40
1.0
 10
-9.66711348338555
 20
-87.1383090774905
 30
-0.0000000000000015
 10
-9.668211903883881
 20
-87.13852242706379
 30
-0.0000000000000015
 10
-9.67039383954574
 20
-87.13894623110164
 30
-0.0000000000000015
 10
-9.673603931015919
 20
-87.13977508578823
 30
-0.0000000000000015
 10
-9.677248927098216
 20
-87.14089909232048
 30
-0.0000000000000014
 10
-9.681289386501987
 20
-87.14243294873322
 30
-0.0000000000000014
 10
-9.687110103709317
 20
-87.14518663036627
 30
-0.0000000000000014
 10
-9.694056320355243
 20
-87.14944970504148
 30
-0.0000000000000014
 10
-9.69883886831903
 20
-87.15385602860633
 30
-0.0000000000000013
 10
-9.70125483399655
 20
-87.15608193968497
 30
-0.0000000000000013
  0
SPLINE
  5
1F2
330
1F
100
AcDbEntity
  8
0
 62
     7
370
    -3
100
AcDbSpline
210
0.0
220
0.0
230
1.0
 70
     8
 71
     3
 72
    14
 73
    10
 74
     0
 42
0.0000000001
 43
0.00000001
 40
0.0
 40
0.0
 40
0.0
 40
0.0
 40
0.2509808697128772
 40
0.4972930186698034
 40
0.6206490404333923
 40
0.7450690368349134
 40
0.8289765249396521
 40
0.9138867475352376
 40
1.0
 40
1.0
 40
1.0
 40
1.0
 10
-9.09874516600455
 20
-87.15608193968497
 30
-0.0000000000000057
 10
-9.101154824335929
 20
-87.15386274343798
 30
-0.0000000000000057
 10
-9.1059293167781
 20
-87.1494656322082
 30
-0.0000000000000056
 10
-9.112867414914248
 20
-87.1452114873793
 30
-0.0000000000000055
 10
-9.118687525120187
 20
-87.14245711158826
 30
-0.0000000000000055
 10
-9.122731713161832
 20
-87.14091929754596
 30
-0.0000000000000054
 10
-9.126382102749574
 20
-87.13978955909819
 30
-0.0000000000000054
 10
-9.12959865864786
 20
-87.13895429119805
 30
-0.0000000000000054
 10
-9.131785436496239
 20
-87.13852515494858
 30
-0.0000000000000054
 10
-9.13288651664255
 20
-87.13830907748802
 30
-0.0000000000000054
  0
SPLINE
  5
1F3
330
1F
100
AcDbEntity
  8
0
 62
     7
370
    -3
100
AcDbSpline
210
0.0
220
0.0
230
1.0
 70
     8
 71
     3
 72
    21
 73
    17
 74
     0
 42
0.0000000001
 43
0.00000001
 40
0.0
 40
0.0
 40
0.0
 40
0.0
 40
0.0331414621470418
 40
0.0659822778590104
 40
0.0985382024790343
 40
0.1308254084119684
 40
0.1734849860060341
 40
0.2157367228342041
 40
0.2576221827320571
 40
0.3198537748658034
 40
0.3815054763186979
 40
0.4427296196797387
 40
0.5036817433026788
 40
0.6659843706796427
 40
0.8304654335093231
 40
1.0
 40
1.0
 40
1.0
 40
1.0
 10
-9.720000000001024
 20
-87.71333677368129
 30
-0.0000000000000037
 10
-9.719990755707977
 20
-87.71389229002163
 30
-0.0000000000000037
 10
-9.719972350982504
 20
-87.71499828327445
 30
-0.0000000000000037
 10
-9.719899635120807
 20
-87.71664873839343
 30
-0.0000000000000037
 10
-9.719793889851221
 20
-87.718282969276
 30
-0.0000000000000037
 10
-9.719636399627564
 20
-87.72007836813367
 30
-0.0000000000000037
 10
-9.719412862523148
 20
-87.72203060177682
 30
-0.0000000000000037
 10
-9.719105420532108
 20
-87.72413418643399
 30
-0.0000000000000037
 10
-9.71867387516607
 20
-87.72654999503371
 30
-0.0000000000000038
 10
-9.718075479247876
 20
-87.72926488400785
 30
-0.0000000000000038
 10
-9.717258677741981
 20
-87.73225983866446
 30
-0.0000000000000038
 10
-9.716299140873756
 20
-87.73518966134439
 30
-0.0000000000000038
 10
-9.714587908969396
 20
-87.73964304276699
 30
-0.0000000000000038
 10
-9.711677620045771
 20
-87.74547554417838
 30
-0.0000000000000039
 10
-9.707026050756099
 20
-87.75241570447214
 30
-0.000000000000004
 10
-9.703197879078653
 20
-87.75651231333627
 30
-0.000000000000004
 10
-9.701254833996874
 20
-87.75859160767729
 30
-0.000000000000004
  0
SPLINE
  5
1F4
330
1F
100
AcDbEntity
  8
0
 62
     7
370
    -3
100
AcDbSpline
210
0.0
220
0.0
230
1.0
 70
     8
 71
     3
 72
    18
 73
    14
 74
     0
 42
0.0000000001
 43
0.00000001
 40
0.0
 40
0.0
 40
0.0
 40
0.0
 40
0.337858447712447
 40
0.4464996810771324
 40
0.5755023641994516
 40
0.6526757669583714
 40
0.7436446583617599
 40
0.7783547184842
 40
0.8159664528406145
 40
0.856935416343652
 40
0.9014657076841153
 40
0.9494983749834478
 40
1.0
 40
1.0
 40
1.0
 40
1.0
 10
-9.70125483399655
 20
-87.1560819396853
 30
-0.0000000000000013
 10
-9.704979834243558
 20
-87.16038501151213
 30
-0.0000000000000013
 10
-9.709902639736692
 20
-87.16607177237704
 30
-0.0000000000000013
 10
-9.714277757178317
 20
-87.17468362748056
 30
-0.0000000000000013
 10
-9.716267365180675
 20
-87.17956931406765
 30
-0.0000000000000013
 10
-9.717742895188525
 20
-87.18432190580462
 30
-0.0000000000000013
 10
-9.718544071979316
 20
-87.18762426900349
 30
-0.0000000000000013
 10
-9.719051304515034
 20
-87.1903099575525
 30
-0.0000000000000014
 10
-9.719352332389086
 20
-87.19218225746447
 30
-0.0000000000000014
 10
-9.719616171705253
 20
-87.19422613770013
 30
-0.0000000000000014
 10
-9.71982601785839
 20
-87.1964514383482
 30
-0.0000000000000014
 10
-9.71997163677677
 20
-87.1988422760919
 30
-0.0000000000000014
 10
-9.719990388969078
 20
-87.20049149970893
 30
-0.0000000000000014
 10
-9.720000000000551
 20
-87.20133677368128
 30
-0.0000000000000014
  0
SPLINE
  5
1F5
330
1F
100
AcDbEntity
  8
0
 62
     7
370
    -3
100
AcDbSpline
210
0.0
220
0.0
230
1.0
 70
     8
 71
     3
 72
     9
 73
     5
 74
     0
 42
0.0000000001
 43
0.00000001
 40
0.0
 40
0.0
 40
0.0
 40
0.0
 40
0.5599400502688862
 40
1.0
 40
1.0
 40
1.0
 40
1.0
 10
-9.144000000000549
 20
-87.7773367736813
 30
-0.0000000000000081
 10
-9.141913612620106
 20
-87.77728565309909
 30
-0.0000000000000082
 10
-9.138187521979795
 20
-87.77719435657157
 30
-0.0000000000000082
 10
-9.13450642151503
 20
-87.77661807035692
 30
-0.0000000000000082
 10
-9.132886516629549
 20
-87.77636446987428
 30
-0.0000000000000082
  0
LINE
  5
1F6
330
1F
100
AcDbEntity
  8
0
 62
     7
370
    -3
100
AcDbLine
 10
-9.720085036474934
 20
-87.19667109537627
 30
-0.0000000000000014
 11
-9.720255329292987
 21
-87.20133677368705
 31
-0.0000000000000014
  0
SPLINE
  5
1F7
330
1F
100
AcDbEntity
  8
0
 62
     7
370
    -3
100
AcDbSpline
210
0.0
220
0.0
230
1.0
 70
     8
 71
     3
 72
     9
 73
     5
 74
     0
 42
0.0000000001
 43
0.00000001
 40
0.0
 40
0.0
 40
0.0
 40
0.0
 40
0.5599400502882278
 40
1.0
 40
1.0
 40
1.0
 40
1.0
 10
-9.65600000000055
 20
-87.1373367736813
 30
-0.0000000000000016
 10
-9.65808638738375
 20
-87.13738789426354
 30
-0.0000000000000016
 10
-9.66181247802886
 20
-87.1374791907911
 30
-0.0000000000000015
 10
-9.665493578498149
 20
-87.13805547700773
 30
-0.0000000000000015
 10
-9.66711348338555
 20
-87.13830907749129
 30
-0.0000000000000015
  0
SPLINE
  5
1F8
330
1F
100
AcDbEntity
  8
0
 62
     7
370
    -3
100
AcDbSpline
210
0.0
220
0.0
230
1.0
 70
     8
 71
     3
 72
    10
 73
     6
 74
     0
 42
0.0000000001
 43
0.00000001
 40
0.0
 40
0.0
 40
0.0
 40
0.0
 40
0.0856512278330262
 40
0.583442890093618
 40
1.0
 40
1.0
 40
1.0
 40
1.0
 10
-9.711034866575073
 20
-87.74643773514198
 30
-0.0000000000000039
 10
-9.710636127546762
 20
-87.74708004196417
 30
-0.0000000000000039
 10
-9.707919979080977
 20
-87.75145533649452
 30
-0.0000000000000039
 10
-9.702343303079065
 20
-87.75844085097133
 30
-0.000000000000004
 10
-9.695970282677578
 20
-87.76342212684504
 30
-0.0000000000000041
 10
-9.693066875311999
 20
-87.76569148613636
 30
-0.0000000000000041
  0
SPLINE
  5
1F9
330
1F
100
AcDbEntity
  8
0
 62
     7
370
    -3
100
AcDbSpline
210
0.0
220
0.0
230
1.0
 70
     8
 71
     3
 72
     9
 73
     5
 74
     0
 42
0.0000000001
 43
0.00000001
 40
0.0
 40
0.0
 40
0.0
 40
0.0
 40
0.5599400502565306
 40
1.0
 40
1.0
 40
1.0
 40
1.0
 10
-9.65600000000055
 20
-87.7773367736813
 30
-0.0000000000000044
 10
-9.658086387380942
 20
-87.77728565309906
 30
-0.0000000000000044
 10
-9.661812478021256
 20
-87.7771943565715
 30
-0.0000000000000044
 10
-9.665493578486023
 20
-87.7766180703569
 30
-0.0000000000000044
 10
-9.667113483371551
 20
-87.77636446987428
 30
-0.0000000000000044
  0
SPLINE
  5
1FA
330
1F
100
AcDbEntity
  8
0
 62
     7
370
    -3
100
AcDbSpline
210
0.0
220
0.0
230
1.0
 70
     8
 71
     3
 72
     9
 73
     5
 74
     0
 42
0.0000000001
 43
0.00000001
 40
0.0
 40
0.0
 40
0.0
 40
0.0
 40
0.5599400504211551
 40
1.0
 40
1.0
 40
1.0
 40
1.0
 10
-9.144000000000549
 20
-87.1373367736813
 30
-0.0000000000000053
 10
-9.141913612621918
 20
-87.13738789426318
 30
-0.0000000000000053
 10
-9.138187521985852
 20
-87.13747919079012
 30
-0.0000000000000053
 10
-9.13450642152552
 20
-87.13805547700544
 30
-0.0000000000000053
 10
-9.13288651664255
 20
-87.13830907748829
 30
-0.0000000000000054
  0
LINE
  5
1FB
330
1F
100
AcDbEntity
  8
0
 62
     7
370
    -3
100
AcDbLine
 10
-6.367999076129456
 20
-87.20133677368126
 30
0.0000000000000022
 11
-8.439993335208595
 21
-87.20133677368126
 31
0.0000000000000032
  0
LINE
  5
1FC
330
1F
100
AcDbEntity
  8
0
 62
     7
370
    -3
100
AcDbLine
 10
-8.440000000000598
 20
-87.71333677368126
 30
0.0000000000000009
 11
-6.367999076128742
 21
-87.71333677368125
 31
-0.0000000000000001
  0
SPLINE
  5
1FD
330
1F
100
AcDbEntity
  8
0
 62
     7
370
    -3
100
AcDbSpline
210
0.0
220
0.0
230
1.0
 70
    24
 71
     3
 72
    18
 73
    14
 74
     0
 42
0.0000000001
 43
0.00000001
 40
0.0
 40
0.0
 40
0.0
 40
0.0
 40
0.0009631749472417
 40
0.0444133347148247
 40
0.1043135716026555
 40
0.1794701160574509
 40
0.2686256300155725
 40
0.3703525803163296
 40
0.4828239206482617
 40
0.6041830432215334
 40
0.7248308564543388
 40
0.8499818971295569
 40
1.0
 40
1.0
 40
1.0
 40
1.0
 10
-9.058764286159597
 20
-87.71333677368126
 30
-0.0000000000000085
 10
-9.05856562674004
 20
-87.71333677368128
 30
-0.0000000000000085
 10
-9.049405164956445
 20
-87.713336773681
 30
-0.0000000000000085
 10
-9.027889994066655
 20
-87.71333677368143
 30
-0.0000000000000087
 10
-8.991072087403152
 20
-87.7133367736812
 30
-0.000000000000009
 10
-8.944827233786542
 20
-87.71333677368129
 30
-0.0000000000000093
 10
-8.889955421347482
 20
-87.71333677368123
 30
-0.0000000000000097
 10
-8.827387254563737
 20
-87.71333677368128
 30
-0.0000000000000101
 10
-8.75817694014782
 20
-87.71333677368129
 30
-0.0000000000000106
 10
-8.68506410765002
 20
-87.71333677368126
 30
-0.0000000000000112
 10
-8.609336026575004
 20
-87.7133367736812
 30
0.0000000000000022
 10
-8.527696894338122
 20
-87.71333677368129
 30
0.0000000000000016
 10
-8.470941948111783
 20
-87.71333677368125
 30
0.0000000000000012
 10
-8.440000000000596
 20
-87.71333677368125
 30
0.0000000000000009
  0
LINE
  5
1FE
330
1F
100
AcDbEntity
  8
0
 62
     7
370
    -3
100
AcDbLine
 10
-8.439993335208595
 20
-87.20133677368126
 30
0.0000000000000032
 11
-9.080000001389381
 21
-87.20133677368128
 31
-0.000000000000006
  0
LINE
  5
1FF
330
1F
100
AcDbEntity
  8
0
 62
     7
370
    -3
100
AcDbLine
 10
-8.440000000000595
 20
-87.13733677368126
 30
0.0000000000000035
 11
-6.367999076222989
 21
-87.13733677368126
 31
0.0000000000000025
  0
LINE
  5
200
330
1F
100
AcDbEntity
  8
0
 62
     7
370
    -3
100
AcDbLine
 10
-9.133953185555947
 20
-87.13733677368127
 30
-0.0000000000000053
 11
-9.102721221402748
 21
-87.13733677368127
 31
-0.0000000000000056
  0
LINE
  5
201
330
1F
100
AcDbEntity
  8
0
 62
     7
370
    -3
100
AcDbLine
 10
-9.102721221402748
 20
-87.13733677368127
 30
-0.0000000000000056
 11
-8.440000000000595
 21
-87.13733677368126
 31
0.0000000000000035
  0
LINE
  5
202
330
1F
100
AcDbEntity
  8
0
 62
     7
370
    -3
100
AcDbLine
 10
-8.440013333159595
 20
-87.77733677368126
 30
0.0000000000000007
 11
-9.14399999861159
 21
-87.77733677368127
 31
-0.0000000000000081
  0
LINE
  5
203
330
1F
100
AcDbEntity
  8
0
 62
     7
370
    -3
100
AcDbLine
 10
-1.765671904984372
 20
-87.77733677368126
 30
-0.0000000000000059
 11
-2.000000000000523
 21
-87.77733677368126
 31
-0.0000000000000042
  0
LINE
  5
204
330
1F
100
AcDbEntity
  8
0
 62
     7
370
    -3
100
AcDbLine
 10
-6.367999077376991
 20
-87.77733677368126
 30
-0.0000000000000004
 11
-8.440013333159596
 21
-87.77733677368127
 31
0.0000000000000007
  0
SPLINE
  5
205
330
1F
100
AcDbEntity
  8
0
 62
     7
370
    -3
100
AcDbSpline
210
0.0
220
0.0
230
1.0
 70
     8
 71
     3
 72
    14
 73
    10
 74
     0
 42
0.0000000001
 43
0.00000001
 40
0.0
 40
0.0
 40
0.0
 40
0.0
 40
0.0858628456929365
 40
0.1705605506522121
 40
0.2542963193085046
 40
0.3785409417020431
 40
0.5018275895518792
 40
0.7483417930728024
 40
1.0
 40
1.0
 40
1.0
 40
1.0
 10
-9.13288651662955
 20
-90.31636446987456
 30
-0.0000000000000057
 10
-9.131788096130615
 20
-90.31615112030138
 30
-0.0000000000000057
 10
-9.129606160467585
 20
-90.31572731626382
 30
-0.0000000000000057
 10
-9.126396068995707
 20
-90.3148984615775
 30
-0.0000000000000058
 10
-9.122751072911596
 20
-90.31377445504555
 30
-0.0000000000000058
 10
-9.118710613505918
 20
-90.3122405986329
 30
-0.0000000000000058
 10
-9.112889896296164
 20
-90.30948691699959
 30
-0.0000000000000058
 10
-9.105943679647647
 20
-90.3052238423235
 30
-0.0000000000000059
 10
-9.101161131682645
 20
-90.30081751875706
 30
-0.0000000000000059
 10
-9.09874516600455
 20
-90.29859160767761
 30
-0.0000000000000059
  0
SPLINE
  5
206
330
1F
100
AcDbEntity
  8
0
 62
     7
370
    -3
100
AcDbSpline
210
0.0
220
0.0
230
1.0
 70
     8
 71
     3
 72
    14
 73
    10
 74
     0
 42
0.0000000001
 43
0.00000001
 40
0.0
 40
0.0
 40
0.0
 40
0.0
 40
0.2509808695238382
 40
0.4972930184264394
 40
0.6206490402101749
 40
0.745069036660914
 40
0.8289765248132923
 40
0.9138867474671231
 40
1.0
 40
1.0
 40
1.0
 40
1.0
 10
-9.70125483399655
 20
-90.29859160767761
 30
-0.0000000000000015
 10
-9.698845175667854
 20
-90.30081080392222
 30
-0.0000000000000016
 10
-9.69407068322974
 20
-90.30520791514847
 30
-0.0000000000000016
 10
-9.687132585098556
 20
-90.30946205997448
 30
-0.0000000000000017
 10
-9.681312474895009
 20
-90.31221643576588
 30
-0.0000000000000017
 10
-9.677268286853845
 20
-90.31375424980955
 30
-0.0000000000000018
 10
-9.673617897265993
 20
-90.31488398825938
 30
-0.0000000000000018
 10
-9.670401341367109
 20
-90.31571925616169
 30
-0.0000000000000018
 10
-9.66821456351819
 20
-90.316148392413
 30
-0.0000000000000019
 10
-9.667113483371551
 20
-90.31636446987454
 30
-0.0000000000000019
  0
SPLINE
  5
207
330
1F
100
AcDbEntity
  8
0
 62
     7
370
    -3
100
AcDbSpline
210
0.0
220
0.0
230
1.0
 70
     8
 71
     3
 72
    18
 73
    14
 74
     0
 42
0.0000000001
 43
0.00000001
 40
0.0
 40
0.0
 40
0.0
 40
0.0
 40
0.3378584477124972
 40
0.4464996810770944
 40
0.5755023641998342
 40
0.6526757669589657
 40
0.7436446583616942
 40
0.7783547184840999
 40
0.8159664528402111
 40
0.8569354163434938
 40
0.9014657076836392
 40
0.9494983749829368
 40
1.0
 40
1.0
 40
1.0
 40
1.0
 10
-9.09874516600455
 20
-90.2985916076773
 30
-0.0000000000000059
 10
-9.095020165757543
 20
-90.29428853585047
 30
-0.0000000000000059
 10
-9.090097360264405
 20
-90.2886017749856
 30
-0.0000000000000059
 10
-9.085722242822769
 20
-90.27998991988197
 30
-0.0000000000000059
 10
-9.083732634820416
 20
-90.2751042332949
 30
-0.0000000000000059
 10
-9.082257104812568
 20
-90.27035164155794
 30
-0.0000000000000059
 10
-9.081455928021782
 20
-90.26704927835908
 30
-0.0000000000000059
 10
-9.080948695486066
 20
-90.26436358981005
 30
-0.0000000000000059
 10
-9.080647667612014
 20
-90.26249128989815
 30
-0.0000000000000059
 10
-9.080383828295844
 20
-90.26044740966242
 30
-0.0000000000000058
 10
-9.080173982142714
 20
-90.25822210901438
 30
-0.0000000000000058
 10
-9.080028363224327
 20
-90.25583127127065
 30
-0.0000000000000058
 10
-9.080009611032018
 20
-90.2541820476536
 30
-0.0000000000000058
 10
-9.080000000000549
 20
-90.25333677368127
 30
-0.0000000000000058
  0
SPLINE
  5
208
330
1F
100
AcDbEntity
  8
0
 62
     7
370
    -3
100
AcDbSpline
210
0.0
220
0.0
230
1.0
 70
     8
 71
     3
 72
    21
 73
    17
 74
     0
 42
0.0000000001
 43
0.00000001
 40
0.0
 40
0.0
 40
0.0
 40
0.0
 40
0.0331414621470561
 40
0.0659822778590373
 40
0.0985382024790752
 40
0.1308254084120262
 40
0.1734849860061103
 40
0.2157367228342936
 40
0.2576221827321645
 40
0.3198537748659451
 40
0.3815054763191233
 40
0.4427296196799389
 40
0.5036817433031628
 40
0.6659843706797022
 40
0.8304654335094341
 40
1.0
 40
1.0
 40
1.0
 40
1.0
 10
-9.080000000000078
 20
-89.74133677368128
 30
-0.0000000000000035
 10
-9.080009244293125
 20
-89.74078125734093
 30
-0.0000000000000035
 10
-9.080027649018595
 20
-89.73967526408805
 30
-0.0000000000000035
 10
-9.08010036488029
 20
-89.73802480896912
 30
-0.0000000000000035
 10
-9.080206110149879
 20
-89.73639057808657
 30
-0.0000000000000035
 10
-9.080363600373538
 20
-89.73459517922888
 30
-0.0000000000000035
 10
-9.080587137477956
 20
-89.73264294558578
 30
-0.0000000000000035
 10
-9.080894579468993
 20
-89.73053936092856
 30
-0.0000000000000035
 10
-9.08132612483503
 20
-89.72812355232888
 30
-0.0000000000000035
 10
-9.081924520753228
 20
-89.72540866335473
 30
-0.0000000000000034
 10
-9.082741322259118
 20
-89.72241370869813
 30
-0.0000000000000034
 10
-9.083700859127346
 20
-89.71948388601817
 30
-0.0000000000000034
 10
-9.08541209103169
 20
-89.71503050459552
 30
-0.0000000000000034
 10
-9.088322379955342
 20
-89.70919800318424
 30
-0.0000000000000033
 10
-9.092973949244996
 20
-89.70225784289045
 30
-0.0000000000000033
 10
-9.096802120922446
 20
-89.69816123402632
 30
-0.0000000000000032
 10
-9.098745166004226
 20
-89.6960819396853
 30
-0.0000000000000032
  0
SPLINE
  5
209
330
1F
100
AcDbEntity
  8
0
 62
     7
370
    -3
100
AcDbSpline
210
0.0
220
0.0
230
1.0
 70
     8
 71
     3
 72
    21
 73
    17
 74
     0
 42
0.0000000001
 43
0.00000001
 40
0.0
 40
0.0
 40
0.0
 40
0.0
 40
0.0331414621470318
 40
0.0659822778589903
 40
0.0985382024790043
 40
0.1308254084122034
 40
0.173484986005982
 40
0.2157367228341392
 40
0.257622182732251
 40
0.3198537748659783
 40
0.3815054763188542
 40
0.4427296196798763
 40
0.5036817433030554
 40
0.6659843706797226
 40
0.8304654335095816
 40
1.0
 40
1.0
 40
1.0
 40
1.0
 10
-9.720000000001024
 20
-90.25333677368127
 30
-0.0000000000000012
 10
-9.719990755707977
 20
-90.25389229002164
 30
-0.0000000000000012
 10
-9.719972350982506
 20
-90.25499828327447
 30
-0.0000000000000012
 10
-9.719899635120802
 20
-90.25664873839338
 30
-0.0000000000000012
 10
-9.719793889851225
 20
-90.25828296927601
 30
-0.0000000000000012
 10
-9.71963639962756
 20
-90.26007836813365
 30
-0.0000000000000012
 10
-9.719412862523148
 20
-90.26203060177684
 30
-0.0000000000000012
 10
-9.719105420532102
 20
-90.26413418643395
 30
-0.0000000000000012
 10
-9.71867387516607
 20
-90.26654999503369
 30
-0.0000000000000013
 10
-9.718075479247876
 20
-90.26926488400784
 30
-0.0000000000000013
 10
-9.71725867774198
 20
-90.27225983866445
 30
-0.0000000000000013
 10
-9.71629914087376
 20
-90.27518966134443
 30
-0.0000000000000013
 10
-9.714587908969406
 20
-90.27964304276702
 30
-0.0000000000000014
 10
-9.71167762004576
 20
-90.28547554417835
 30
-0.0000000000000014
 10
-9.70702605075611
 20
-90.29241570447218
 30
-0.0000000000000015
 10
-9.703197879078656
 20
-90.29651231333627
 30
-0.0000000000000015
 10
-9.701254833996876
 20
-90.29859160767731
 30
-0.0000000000000015
  0
SPLINE
  5
20A
330
1F
100
AcDbEntity
  8
0
 62
     7
370
    -3
100
AcDbSpline
210
0.0
220
0.0
230
1.0
 70
     8
 71
     3
 72
    18
 73
    14
 74
     0
 42
0.0000000001
 43
0.00000001
 40
0.0
 40
0.0
 40
0.0
 40
0.0
 40
0.3378584477122059
 40
0.4464996810768844
 40
0.575502364198939
 40
0.6526757669581178
 40
0.7436446583615005
 40
0.7783547184842101
 40
0.8159664528400765
 40
0.8569354163436597
 40
0.9014657076838448
 40
0.9494983749828984
 40
1.0
 40
1.0
 40
1.0
 40
1.0
 10
-9.70125483399655
 20
-89.6960819396853
 30
0.0000000000000012
 10
-9.704979834243558
 20
-89.7003850115121
 30
0.0000000000000012
 10
-9.709902639736693
 20
-89.70607177237699
 30
0.0000000000000012
 10
-9.714277757178314
 20
-89.71468362748055
 30
0.0000000000000012
 10
-9.716267365180682
 20
-89.71956931406764
 30
0.0000000000000012
 10
-9.717742895188518
 20
-89.72432190580459
 30
0.0000000000000012
 10
-9.718544071979315
 20
-89.72762426900347
 30
0.0000000000000012
 10
-9.719051304515032
 20
-89.73030995755252
 30
0.0000000000000011
 10
-9.719352332389091
 20
-89.73218225746444
 30
0.0000000000000011
 10
-9.719616171705253
 20
-89.73422613770013
 30
0.0000000000000011
 10
-9.71982601785839
 20
-89.73645143834817
 30
0.0000000000000011
 10
-9.719971636776767
 20
-89.73884227609187
 30
0.0000000000000011
 10
-9.71999038896908
 20
-89.74049149970895
 30
0.0000000000000011
 10
-9.720000000000553
 20
-89.7413367736813
 30
0.0000000000000011
  0
SPLINE
  5
20B
330
1F
100
AcDbEntity
  8
0
 62
     7
370
    -3
100
AcDbSpline
210
0.0
220
0.0
230
1.0
 70
     8
 71
     3
 72
    14
 73
    10
 74
     0
 42
0.0000000001
 43
0.00000001
 40
0.0
 40
0.0
 40
0.0
 40
0.0
 40
0.0858628456812854
 40
0.1705605506316168
 40
0.2542963192816366
 40
0.378540941670472
 40
0.5018275895204419
 40
0.74834179305244
 40
1.0
 40
1.0
 40
1.0
 40
1.0
 10
-9.66711348338555
 20
-89.6783090774905
 30
0.000000000000001
 10
-9.668211903883881
 20
-89.67852242706378
 30
0.000000000000001
 10
-9.670393839545737
 20
-89.67894623110162
 30
0.000000000000001
 10
-9.673603931015919
 20
-89.67977508578824
 30
0.000000000000001
 10
-9.677248927098217
 20
-89.68089909232043
 30
0.0000000000000011
 10
-9.681289386501994
 20
-89.68243294873318
 30
0.0000000000000011
 10
-9.687110103709301
 20
-89.68518663036632
 30
0.0000000000000011
 10
-9.69405632035525
 20
-89.68944970504147
 30
0.0000000000000011
 10
-9.698838868319031
 20
-89.69385602860635
 30
0.0000000000000012
 10
-9.70125483399655
 20
-89.69608193968496
 30
0.0000000000000012
  0
SPLINE
  5
20C
330
1F
100
AcDbEntity
  8
0
 62
     7
370
    -3
100
AcDbSpline
210
0.0
220
0.0
230
1.0
 70
     8
 71
     3
 72
    14
 73
    10
 74
     0
 42
0.0000000001
 43
0.00000001
 40
0.0
 40
0.0
 40
0.0
 40
0.0
 40
0.2509808697128522
 40
0.4972930186695987
 40
0.6206490404331516
 40
0.7450690368348449
 40
0.8289765249396919
 40
0.9138867475352347
 40
1.0
 40
1.0
 40
1.0
 40
1.0
 10
-9.09874516600455
 20
-89.69608193968496
 30
-0.0000000000000032
 10
-9.101154824335927
 20
-89.69386274343799
 30
-0.0000000000000032
 10
-9.105929316778093
 20
-89.68946563220821
 30
-0.0000000000000031
 10
-9.112867414914252
 20
-89.68521148737933
 30
-0.000000000000003
 10
-9.118687525120183
 20
-89.68245711158826
 30
-0.000000000000003
 10
-9.122731713161835
 20
-89.68091929754598
 30
-0.0000000000000029
 10
-9.126382102749565
 20
-89.67978955909815
 30
-0.0000000000000029
 10
-9.129598658647861
 20
-89.67895429119804
 30
-0.0000000000000029
 10
-9.13178543649624
 20
-89.67852515494859
 30
-0.0000000000000029
 10
-9.13288651664255
 20
-89.67830907748801
 30
-0.0000000000000029
  0
SPLINE
  5
20D
330
1F
100
AcDbEntity
  8
0
 62
     7
370
    -3
100
AcDbSpline
210
0.0
220
0.0
230
1.0
 70
     8
 71
     3
 72
     9
 73
     5
 74
     0
 42
0.0000000001
 43
0.00000001
 40
0.0
 40
0.0
 40
0.0
 40
0.0
 40
0.5599400502689806
 40
1.0
 40
1.0
 40
1.0
 40
1.0
 10
-9.144000000000549
 20
-90.31733677368129
 30
-0.0000000000000056
 10
-9.141913612620108
 20
-90.31728565309909
 30
-0.0000000000000057
 10
-9.138187521979797
 20
-90.31719435657155
 30
-0.0000000000000057
 10
-9.134506421515031
 20
-90.31661807035692
 30
-0.0000000000000057
 10
-9.13288651662955
 20
-90.31636446987429
 30
-0.0000000000000057
  0
LINE
  5
20E
330
1F
100
AcDbEntity
  8
0
 62
     7
370
    -3
100
AcDbLine
 10
-9.72008503647443
 20
-89.73667109536729
 30
0.0000000000000011
 11
-9.720255329292987
 21
-89.74133677368013
 31
0.0000000000000011
  0
SPLINE
  5
20F
330
1F
100
AcDbEntity
  8
0
 62
     7
370
    -3
100
AcDbSpline
210
0.0
220
0.0
230
1.0
 70
     8
 71
     3
 72
     9
 73
     5
 74
     0
 42
0.0000000001
 43
0.00000001
 40
0.0
 40
0.0
 40
0.0
 40
0.0
 40
0.5599400502882278
 40
1.0
 40
1.0
 40
1.0
 40
1.0
 10
-9.65600000000055
 20
-89.67733677368128
 30
0.0000000000000009
 10
-9.65808638738375
 20
-89.67738789426352
 30
0.0000000000000009
 10
-9.66181247802886
 20
-89.67747919079108
 30
0.000000000000001
 10
-9.665493578498149
 20
-89.67805547700773
 30
0.000000000000001
 10
-9.66711348338555
 20
-89.67830907749128
 30
0.000000000000001
  0
SPLINE
  5
210
330
1F
100
AcDbEntity
  8
0
 62
     7
370
    -3
100
AcDbSpline
210
0.0
220
0.0
230
1.0
 70
     8
 71
     3
 72
     9
 73
     5
 74
     0
 42
0.0000000001
 43
0.00000001
 40
0.0
 40
0.0
 40
0.0
 40
0.0
 40
0.559940050256504
 40
1.0
 40
1.0
 40
1.0
 40
1.0
 10
-9.65600000000055
 20
-90.31733677368129
 30
-0.0000000000000019
 10
-9.658086387380946
 20
-90.31728565309906
 30
-0.0000000000000019
 10
-9.661812478021256
 20
-90.31719435657149
 30
-0.0000000000000019
 10
-9.665493578486021
 20
-90.3166180703569
 30
-0.0000000000000019
 10
-9.667113483371551
 20
-90.31636446987427
 30
-0.0000000000000019
  0
SPLINE
  5
211
330
1F
100
AcDbEntity
  8
0
 62
     7
370
    -3
100
AcDbSpline
210
0.0
220
0.0
230
1.0
 70
     8
 71
     3
 72
     9
 73
     5
 74
     0
 42
0.0000000001
 43
0.00000001
 40
0.0
 40
0.0
 40
0.0
 40
0.0
 40
0.5599400504211551
 40
1.0
 40
1.0
 40
1.0
 40
1.0
 10
-9.144000000000549
 20
-89.67733677368128
 30
-0.0000000000000028
 10
-9.141913612621918
 20
-89.67738789426319
 30
-0.0000000000000028
 10
-9.138187521985852
 20
-89.67747919079011
 30
-0.0000000000000028
 10
-9.13450642152552
 20
-89.67805547700543
 30
-0.0000000000000028
 10
-9.13288651664255
 20
-89.67830907748828
 30
-0.0000000000000029
  0
LINE
  5
212
330
1F
100
AcDbEntity
  8
0
 62
     7
370
    -3
100
AcDbLine
 10
-6.367999076129456
 20
-89.74133677368128
 30
0.0000000000000047
 11
-8.439993335208595
 21
-89.74133677368127
 31
0.0000000000000057
  0
LINE
  5
213
330
1F
100
AcDbEntity
  8
0
 62
     7
370
    -3
100
AcDbLine
 10
-8.440000000000598
 20
-90.25333677368126
 30
0.0000000000000034
 11
-6.367999076128742
 21
-90.25333677368126
 31
0.0000000000000024
  0
SPLINE
  5
214
330
1F
100
AcDbEntity
  8
0
 62
     7
370
    -3
100
AcDbSpline
210
0.0
220
0.0
230
1.0
 70
    24
 71
     3
 72
    18
 73
    14
 74
     0
 42
0.0000000001
 43
0.00000001
 40
0.0
 40
0.0
 40
0.0
 40
0.0
 40
0.0009631749472417
 40
0.0444133347148247
 40
0.1043135716026555
 40
0.1794701160574509
 40
0.2686256300155725
 40
0.3703525803163296
 40
0.4828239206482617
 40
0.6041830432215334
 40
0.7248308564543388
 40
0.8499818971295569
 40
1.0
 40
1.0
 40
1.0
 40
1.0
 10
-9.058764286159597
 20
-90.25333677368126
 30
-0.000000000000006
 10
-9.05856562674004
 20
-90.25333677368126
 30
-0.000000000000006
 10
-9.049405164956445
 20
-90.25333677368087
 30
-0.000000000000006
 10
-9.027889994066655
 20
-90.25333677368153
 30
-0.0000000000000062
 10
-8.991072087403152
 20
-90.25333677368118
 30
-0.0000000000000065
 10
-8.944827233786542
 20
-90.2533367736813
 30
-0.0000000000000068
 10
-8.889955421347482
 20
-90.25333677368123
 30
-0.0000000000000072
 10
-8.827387254563737
 20
-90.25333677368131
 30
-0.0000000000000076
 10
-8.75817694014782
 20
-90.25333677368126
 30
-0.0000000000000081
 10
-8.68506410765002
 20
-90.25333677368126
 30
-0.0000000000000087
 10
-8.609336026575004
 20
-90.25333677368123
 30
0.0000000000000047
 10
-8.527696894338122
 20
-90.25333677368128
 30
0.0000000000000041
 10
-8.470941948111783
 20
-90.25333677368126
 30
0.0000000000000037
 10
-8.440000000000596
 20
-90.25333677368126
 30
0.0000000000000034
  0
LINE
  5
215
330
1F
100
AcDbEntity
  8
0
 62
     7
370
    -3
100
AcDbLine
 10
-8.439993335208595
 20
-89.74133677368125
 30
0.0000000000000057
 11
-9.080000001389381
 21
-89.74133677368127
 31
-0.0000000000000035
  0
LINE
  5
216
330
1F
100
AcDbEntity
  8
0
 62
     7
370
    -3
100
AcDbLine
 10
-8.440000000000595
 20
-89.67733677368125
 30
0.000000000000006
 11
-6.367999076222989
 21
-89.67733677368125
 31
0.0000000000000049
  0
LINE
  5
217
330
1F
100
AcDbEntity
  8
0
 62
     7
370
    -3
100
AcDbLine
 10
-9.133953185555947
 20
-89.67733677368126
 30
-0.0000000000000028
 11
-9.10272122140275
 21
-89.67733677368126
 31
-0.0000000000000031
  0
LINE
  5
218
330
1F
100
AcDbEntity
  8
0
 62
     7
370
    -3
100
AcDbLine
 10
-9.10272122140275
 20
-89.67733677368126
 30
-0.0000000000000031
 11
-8.440000000000595
 21
-89.67733677368125
 31
0.000000000000006
  0
LINE
  5
219
330
1F
100
AcDbEntity
  8
0
 62
     7
370
    -3
100
AcDbLine
 10
-8.440013333159595
 20
-90.31733677368126
 30
0.0000000000000032
 11
-9.14399999861159
 21
-90.31733677368128
 31
-0.0000000000000056
  0
LINE
  5
21A
330
1F
100
AcDbEntity
  8
0
 62
     7
370
    -3
100
AcDbLine
 10
-6.367999077376991
 20
-90.31733677368126
 30
0.0000000000000021
 11
-8.440013333159596
 21
-90.31733677368128
 31
0.0000000000000032
  0
SPLINE
  5
21B
330
1F
100
AcDbEntity
  8
0
 62
     7
370
    -3
100
AcDbSpline
210
0.0
220
0.0
230
1.0
 70
     8
 71
     3
 72
    21
 73
    17
 74
     0
 42
0.0000000001
 43
0.00000001
 40
0.0
 40
0.0
 40
0.0
 40
0.0
 40
0.0331414621470414
 40
0.0659822778590094
 40
0.0985382024790329
 40
0.1308254084119664
 40
0.1734849860060316
 40
0.215736722834201
 40
0.2576221827320533
 40
0.3198537748658061
 40
0.3815054763186908
 40
0.4427296196797414
 40
0.5036817433031957
 40
0.6659843706796477
 40
0.8304654335093258
 40
1.0
 40
1.0
 40
1.0
 40
1.0
 10
-9.720000000001024
 20
-92.79333677368129
 30
0.0000000000000013
 10
-9.719990755707975
 20
-92.79389229002163
 30
0.0000000000000013
 10
-9.719972350982506
 20
-92.79499828327451
 30
0.0000000000000013
 10
-9.719899635120806
 20
-92.79664873839339
 30
0.0000000000000013
 10
-9.719793889851223
 20
-92.79828296927603
 30
0.0000000000000013
 10
-9.71963639962756
 20
-92.80007836813364
 30
0.0000000000000013
 10
-9.71941286252315
 20
-92.80203060177685
 30
0.0000000000000013
 10
-9.719105420532106
 20
-92.804134186434
 30
0.0000000000000012
 10
-9.718673875166068
 20
-92.80654999503366
 30
0.0000000000000012
 10
-9.718075479247874
 20
-92.80926488400786
 30
0.0000000000000012
 10
-9.717258677741981
 20
-92.81225983866446
 30
0.0000000000000012
 10
-9.716299140873751
 20
-92.81518966134442
 30
0.0000000000000012
 10
-9.714587908969415
 20
-92.81964304276704
 30
0.0000000000000011
 10
-9.71167762004576
 20
-92.82547554417836
 30
0.0000000000000011
 10
-9.707026050756097
 20
-92.83241570447213
 30
0.000000000000001
 10
-9.703197879078655
 20
-92.83651231333626
 30
0.000000000000001
 10
-9.701254833996874
 20
-92.8385916076773
 30
0.000000000000001
  0
SPLINE
  5
21C
330
1F
100
AcDbEntity
  8
0
 62
     7
370
    -3
100
AcDbSpline
210
0.0
220
0.0
230
1.0
 70
     8
 71
     3
 72
    18
 73
    14
 74
     0
 42
0.0000000001
 43
0.00000001
 40
0.0
 40
0.0
 40
0.0
 40
0.0
 40
0.3378584477124467
 40
0.4464996810771321
 40
0.5755023641994511
 40
0.6526757669583709
 40
0.7436446583617593
 40
0.7783547184841993
 40
0.8159664528406139
 40
0.8569354163436513
 40
0.9014657076841145
 40
0.9494983749828951
 40
1.0
 40
1.0
 40
1.0
 40
1.0
 10
-9.701254833996552
 20
-92.23608193968532
 30
0.0000000000000037
 10
-9.704979834243558
 20
-92.2403850115121
 30
0.0000000000000037
 10
-9.709902639736686
 20
-92.24607177237696
 30
0.0000000000000037
 10
-9.71427775717832
 20
-92.25468362748059
 30
0.0000000000000037
 10
-9.716267365180677
 20
-92.25956931406765
 30
0.0000000000000037
 10
-9.71774289518852
 20
-92.26432190580461
 30
0.0000000000000037
 10
-9.718544071979315
 20
-92.26762426900346
 30
0.0000000000000036
 10
-9.719051304515038
 20
-92.27030995755256
 30
0.0000000000000036
 10
-9.719352332389082
 20
-92.27218225746442
 30
0.0000000000000036
 10
-9.719616171705256
 20
-92.27422613770018
 30
0.0000000000000036
 10
-9.719826017858392
 20
-92.27645143834818
 30
0.0000000000000036
 10
-9.719971636776767
 20
-92.27884227609188
 30
0.0000000000000036
 10
-9.719990388969078
 20
-92.28049149970894
 30
0.0000000000000036
 10
-9.720000000000551
 20
-92.28133677368128
 30
0.0000000000000036
  0
SPLINE
  5
21D
330
1F
100
AcDbEntity
  8
0
 62
     7
370
    -3
100
AcDbSpline
210
0.0
220
0.0
230
1.0
 70
     8
 71
     3
 72
    14
 73
    10
 74
     0
 42
0.0000000001
 43
0.00000001
 40
0.0
 40
0.0
 40
0.0
 40
0.0
 40
0.0858628456930025
 40
0.1705605506522278
 40
0.2542963193085575
 40
0.3785409417023406
 40
0.5018275895521692
 40
0.7483417930728514
 40
1.0
 40
1.0
 40
1.0
 40
1.0
 10
-9.132886516629549
 20
-92.85636446987455
 30
-0.0000000000000032
 10
-9.131788096130615
 20
-92.85615112030139
 30
-0.0000000000000032
 10
-9.129606160467592
 20
-92.85572731626385
 30
-0.0000000000000032
 10
-9.126396068995703
 20
-92.85489846157755
 30
-0.0000000000000033
 10
-9.122751072911587
 20
-92.85377445504554
 30
-0.0000000000000033
 10
-9.118710613505923
 20
-92.85224059863287
 30
-0.0000000000000033
 10
-9.112889896296158
 20
-92.84948691699958
 30
-0.0000000000000033
 10
-9.10594367964764
 20
-92.84522384232353
 30
-0.0000000000000034
 10
-9.101161131682645
 20
-92.84081751875706
 30
-0.0000000000000034
 10
-9.09874516600455
 20
-92.83859160767761
 30
-0.0000000000000034
  0
SPLINE
  5
21E
330
1F
100
AcDbEntity
  8
0
 62
     7
370
    -3
100
AcDbSpline
210
0.0
220
0.0
230
1.0
 70
     8
 71
     3
 72
    14
 73
    10
 74
     0
 42
0.0000000001
 43
0.00000001
 40
0.0
 40
0.0
 40
0.0
 40
0.0
 40
0.2509808695235528
 40
0.4972930184261345
 40
0.6206490402102034
 40
0.7450690366608912
 40
0.8289765248132629
 40
0.91388674746713
 40
1.0
 40
1.0
 40
1.0
 40
1.0
 10
-9.70125483399655
 20
-92.83859160767761
 30
0.000000000000001
 10
-9.698845175667856
 20
-92.84081080392221
 30
0.0000000000000009
 10
-9.694070683229741
 20
-92.84520791514846
 30
0.0000000000000009
 10
-9.68713258509855
 20
-92.84946205997446
 30
0.0000000000000008
 10
-9.681312474895016
 20
-92.85221643576591
 30
0.0000000000000008
 10
-9.677268286853847
 20
-92.85375424980955
 30
0.0000000000000007
 10
-9.673617897265991
 20
-92.85488398825939
 30
0.0000000000000007
 10
-9.67040134136711
 20
-92.8557192561617
 30
0.0000000000000007
 10
-9.668214563518188
 20
-92.85614839241302
 30
0.0000000000000006
 10
-9.667113483371551
 20
-92.85636446987455
 30
0.0000000000000006
  0
SPLINE
  5
21F
330
1F
100
AcDbEntity
  8
0
 62
     7
370
    -3
100
AcDbSpline
210
0.0
220
0.0
230
1.0
 70
     8
 71
     3
 72
    14
 73
    10
 74
     0
 42
0.0000000001
 43
0.00000001
 40
0.0
 40
0.0
 40
0.0
 40
0.0
 40
0.0858628456812212
 40
0.1705605506315596
 40
0.2542963192816913
 40
0.3785409416704954
 40
0.5018275895202128
 40
0.7483417930524192
 40
1.0
 40
1.0
 40
1.0
 40
1.0
 10
-9.66711348338555
 20
-92.21830907749052
 30
0.0000000000000035
 10
-9.668211903883881
 20
-92.2185224270638
 30
0.0000000000000035
 10
-9.67039383954574
 20
-92.21894623110165
 30
0.0000000000000035
 10
-9.673603931015919
 20
-92.21977508578823
 30
0.0000000000000035
 10
-9.677248927098216
 20
-92.22089909232048
 30
0.0000000000000036
 10
-9.681289386501987
 20
-92.22243294873323
 30
0.0000000000000036
 10
-9.687110103709317
 20
-92.22518663036628
 30
0.0000000000000036
 10
-9.694056320355243
 20
-92.22944970504146
 30
0.0000000000000036
 10
-9.69883886831903
 20
-92.23385602860633
 30
0.0000000000000037
 10
-9.70125483399655
 20
-92.23608193968496
 30
0.0000000000000037
  0
SPLINE
  5
220
330
1F
100
AcDbEntity
  8
0
 62
     7
370
    -3
100
AcDbSpline
210
0.0
220
0.0
230
1.0
 70
     8
 71
     3
 72
    14
 73
    10
 74
     0
 42
0.0000000001
 43
0.00000001
 40
0.0
 40
0.0
 40
0.0
 40
0.0
 40
0.2509808697128772
 40
0.4972930186698034
 40
0.6206490404333923
 40
0.7450690368349134
 40
0.8289765249396521
 40
0.9138867475352376
 40
1.0
 40
1.0
 40
1.0
 40
1.0
 10
-9.09874516600455
 20
-92.23608193968496
 30
-0.0000000000000007
 10
-9.101154824335929
 20
-92.233862743438
 30
-0.0000000000000007
 10
-9.1059293167781
 20
-92.22946563220823
 30
-0.0000000000000006
 10
-9.112867414914248
 20
-92.22521148737931
 30
-0.0000000000000005
 10
-9.118687525120187
 20
-92.22245711158826
 30
-0.0000000000000005
 10
-9.122731713161832
 20
-92.22091929754595
 30
-0.0000000000000004
 10
-9.126382102749574
 20
-92.21978955909817
 30
-0.0000000000000004
 10
-9.12959865864786
 20
-92.21895429119805
 30
-0.0000000000000004
 10
-9.131785436496239
 20
-92.2185251549486
 30
-0.0000000000000004
 10
-9.13288651664255
 20
-92.21830907748802
 30
-0.0000000000000004
  0
SPLINE
  5
221
330
1F
100
AcDbEntity
  8
0
 62
     7
370
    -3
100
AcDbSpline
210
0.0
220
0.0
230
1.0
 70
     8
 71
     3
 72
    18
 73
    14
 74
     0
 42
0.0000000001
 43
0.00000001
 40
0.0
 40
0.0
 40
0.0
 40
0.0
 40
0.3378584477128192
 40
0.4464996810774494
 40
0.5755023641997158
 40
0.6526757669591344
 40
0.7436446583618906
 40
0.7783547184843067
 40
0.8159664528401563
 40
0.8569354163437256
 40
0.9014657076836093
 40
0.9494983749829214
 40
1.0
 40
1.0
 40
1.0
 40
1.0
 10
-9.09874516600455
 20
-92.8385916076773
 30
-0.0000000000000034
 10
-9.095020165757544
 20
-92.83428853585048
 30
-0.0000000000000034
 10
-9.090097360264407
 20
-92.82860177498557
 30
-0.0000000000000034
 10
-9.085722242822776
 20
-92.81998991988199
 30
-0.0000000000000034
 10
-9.08373263482041
 20
-92.81510423329492
 30
-0.0000000000000034
 10
-9.082257104812575
 20
-92.81035164155794
 30
-0.0000000000000034
 10
-9.08145592802178
 20
-92.80704927835909
 30
-0.0000000000000034
 10
-9.080948695486068
 20
-92.80436358981004
 30
-0.0000000000000034
 10
-9.080647667612014
 20
-92.80249128989819
 30
-0.0000000000000034
 10
-9.08038382829585
 20
-92.80044740966243
 30
-0.0000000000000033
 10
-9.08017398214271
 20
-92.7982221090144
 30
-0.0000000000000033
 10
-9.080028363224331
 20
-92.7958312712707
 30
-0.0000000000000033
 10
-9.080009611032017
 20
-92.79418204765362
 30
-0.0000000000000033
 10
-9.080000000000549
 20
-92.79333677368129
 30
-0.0000000000000033
  0
SPLINE
  5
222
330
1F
100
AcDbEntity
  8
0
 62
     7
370
    -3
100
AcDbSpline
210
0.0
220
0.0
230
1.0
 70
     8
 71
     3
 72
    21
 73
    17
 74
     0
 42
0.0000000001
 43
0.00000001
 40
0.0
 40
0.0
 40
0.0
 40
0.0
 40
0.0331414621465037
 40
0.0659822778584843
 40
0.0985382024785216
 40
0.1308254084120217
 40
0.1734849860055567
 40
0.2157367228337392
 40
0.2576221827321525
 40
0.3198537748659319
 40
0.3815054763188428
 40
0.4427296196799195
 40
0.5036817433028847
 40
0.6659843706799152
 40
0.8304654335096441
 40
1.0
 40
1.0
 40
1.0
 40
1.0
 10
-9.080000000000078
 20
-92.28133677368128
 30
-0.000000000000001
 10
-9.080009244293125
 20
-92.28078125734095
 30
-0.000000000000001
 10
-9.080027649018595
 20
-92.27967526408808
 30
-0.000000000000001
 10
-9.080100364880295
 20
-92.27802480896918
 30
-0.000000000000001
 10
-9.080206110149879
 20
-92.27639057808659
 30
-0.000000000000001
 10
-9.080363600373536
 20
-92.27459517922891
 30
-0.000000000000001
 10
-9.080587137477956
 20
-92.27264294558577
 30
-0.000000000000001
 10
-9.080894579469
 20
-92.27053936092862
 30
-0.000000000000001
 10
-9.081326124835023
 20
-92.26812355232887
 30
-0.000000000000001
 10
-9.081924520753226
 20
-92.26540866335473
 30
-0.0000000000000009
 10
-9.082741322259125
 20
-92.26241370869815
 30
-0.0000000000000009
 10
-9.08370085912734
 20
-92.25948388601816
 30
-0.0000000000000009
 10
-9.085412091031705
 20
-92.25503050459555
 30
-0.0000000000000009
 10
-9.08832237995533
 20
-92.2491980031842
 30
-0.0000000000000008
 10
-9.092973949244994
 20
-92.24225784289045
 30
-0.0000000000000008
 10
-9.096802120922447
 20
-92.23816123402631
 30
-0.0000000000000007
 10
-9.098745166004226
 20
-92.2360819396853
 30
-0.0000000000000007
  0
SPLINE
  5
223
330
1F
100
AcDbEntity
  8
0
 62
     7
370
    -3
100
AcDbSpline
210
0.0
220
0.0
230
1.0
 70
     8
 71
     3
 72
     9
 73
     5
 74
     0
 42
0.0000000001
 43
0.00000001
 40
0.0
 40
0.0
 40
0.0
 40
0.0
 40
0.5599400502690751
 40
1.0
 40
1.0
 40
1.0
 40
1.0
 10
-9.144000000000549
 20
-92.8573367736813
 30
-0.0000000000000031
 10
-9.141913612620105
 20
-92.85728565309907
 30
-0.0000000000000032
 10
-9.138187521979795
 20
-92.85719435657154
 30
-0.0000000000000032
 10
-9.134506421515031
 20
-92.85661807035693
 30
-0.0000000000000032
 10
-9.132886516629549
 20
-92.85636446987431
 30
-0.0000000000000032
  0
LINE
  5
224
330
1F
100
AcDbEntity
  8
0
 62
     7
370
    -3
100
AcDbLine
 10
-9.720085036477323
 20
-92.27667109543172
 30
0.0000000000000036
 11
-9.720255329292987
 21
-92.2813367736986
 31
0.0000000000000036
  0
SPLINE
  5
225
330
1F
100
AcDbEntity
  8
0
 62
     7
370
    -3
100
AcDbSpline
210
0.0
220
0.0
230
1.0
 70
     8
 71
     3
 72
     9
 73
     5
 74
     0
 42
0.0000000001
 43
0.00000001
 40
0.0
 40
0.0
 40
0.0
 40
0.0
 40
0.5599400502879188
 40
1.0
 40
1.0
 40
1.0
 40
1.0
 10
-9.65600000000055
 20
-92.2173367736813
 30
0.0000000000000034
 10
-9.658086387383749
 20
-92.21738789426354
 30
0.0000000000000034
 10
-9.661812478028857
 20
-92.21747919079108
 30
0.0000000000000035
 10
-9.665493578498149
 20
-92.21805547700778
 30
0.0000000000000035
 10
-9.66711348338555
 20
-92.21830907749128
 30
0.0000000000000035
  0
SPLINE
  5
226
330
1F
100
AcDbEntity
  8
0
 62
     7
370
    -3
100
AcDbSpline
210
0.0
220
0.0
230
1.0
 70
     8
 71
     3
 72
    10
 73
     6
 74
     0
 42
0.0000000001
 43
0.00000001
 40
0.0
 40
0.0
 40
0.0
 40
0.0
 40
0.0856512305195854
 40
0.5834428926700699
 40
1.0
 40
1.0
 40
1.0
 40
1.0
 10
-9.711034866613332
 20
-92.82643773509375
 30
0.0000000000000011
 10
-9.710636127572933
 20
-92.8270800419364
 30
0.0000000000000011
 10
-9.70791997909803
 20
-92.83145533648839
 30
0.000000000000001
 10
-9.702343303094038
 20
-92.83844085096445
 30
0.000000000000001
 10
-9.695970282714038
 20
-92.84342212682779
 30
0.0000000000000009
 10
-9.693066875367679
 20
-92.84569148610704
 30
0.0000000000000009
  0
SPLINE
  5
227
330
1F
100
AcDbEntity
  8
0
 62
     7
370
    -3
100
AcDbSpline
210
0.0
220
0.0
230
1.0
 70
     8
 71
     3
 72
     9
 73
     5
 74
     0
 42
0.0000000001
 43
0.00000001
 40
0.0
 40
0.0
 40
0.0
 40
0.0
 40
0.5599400502567194
 40
1.0
 40
1.0
 40
1.0
 40
1.0
 10
-9.65600000000055
 20
-92.8573367736813
 30
0.0000000000000006
 10
-9.658086387380946
 20
-92.85728565309907
 30
0.0000000000000006
 10
-9.661812478021254
 20
-92.85719435657148
 30
0.0000000000000006
 10
-9.665493578486025
 20
-92.85661807035693
 30
0.0000000000000006
 10
-9.667113483371551
 20
-92.85636446987431
 30
0.0000000000000006
  0
SPLINE
  5
228
330
1F
100
AcDbEntity
  8
0
 62
     7
370
    -3
100
AcDbSpline
210
0.0
220
0.0
230
1.0
 70
     8
 71
     3
 72
     9
 73
     5
 74
     0
 42
0.0000000001
 43
0.00000001
 40
0.0
 40
0.0
 40
0.0
 40
0.0
 40
0.5599400504211551
 40
1.0
 40
1.0
 40
1.0
 40
1.0
 10
-9.144000000000549
 20
-92.2173367736813
 30
-0.0000000000000003
 10
-9.141913612621918
 20
-92.2173878942632
 30
-0.0000000000000003
 10
-9.138187521985852
 20
-92.21747919079014
 30
-0.0000000000000003
 10
-9.13450642152552
 20
-92.21805547700544
 30
-0.0000000000000003
 10
-9.13288651664255
 20
-92.21830907748829
 30
-0.0000000000000004
  0
LINE
  5
229
330
1F
100
AcDbEntity
  8
0
 62
     7
370
    -3
100
AcDbLine
 10
-1.863845451788695
 20
-92.28133677368128
 30
0.0000000000000024
 11
-1.999999999999887
 21
-92.28133677368126
 31
0.0000000000000034
  0
LINE
  5
22A
330
1F
100
AcDbEntity
  8
0
 62
     7
370
    -3
100
AcDbLine
 10
-6.367999076129456
 20
-92.28133677368129
 30
0.0000000000000072
 11
-8.439993335208595
 21
-92.28133677368128
 31
0.0000000000000082
  0
LINE
  5
22B
330
1F
100
AcDbEntity
  8
0
 62
     7
370
    -3
100
AcDbLine
 10
-8.440000000000596
 20
-92.79333677368126
 30
0.0000000000000059
 11
-6.367999076128742
 21
-92.79333677368126
 31
0.0000000000000049
  0
LINE
  5
22C
330
1F
100
AcDbEntity
  8
0
 62
     7
370
    -3
100
AcDbLine
 10
-9.058764286159597
 20
-92.79333677368126
 30
-0.0000000000000035
 11
-8.440000000000595
 21
-92.79333677368125
 31
0.0000000000000059
  0
LINE
  5
22D
330
1F
100
AcDbEntity
  8
0
 62
     7
370
    -3
100
AcDbLine
 10
-8.439993335208595
 20
-92.28133677368126
 30
0.0000000000000082
 11
-9.080000001389381
 21
-92.28133677368128
 31
-0.000000000000001
  0
LINE
  5
22E
330
1F
100
AcDbEntity
  8
0
 62
     7
370
    -3
100
AcDbLine
 10
-8.440013333159595
 20
-92.85733677368125
 30
0.0000000000000057
 11
-9.14399999861159
 21
-92.85733677368127
 31
-0.0000000000000031
  0
LINE
  5
22F
330
1F
100
AcDbEntity
  8
0
 62
     7
370
    -3
100
AcDbLine
 10
-6.367999077376991
 20
-92.85733677368125
 30
0.0000000000000046
 11
-8.440013333159596
 21
-92.85733677368127
 31
0.0000000000000057
  0
LINE
  5
230
330
1F
100
AcDbEntity
  8
0
 62
     7
370
    -3
100
AcDbLine
 10
-8.440000000000595
 20
-92.21733677368125
 30
0.0000000000000085
 11
-6.367999076222989
 21
-92.21733677368125
 31
0.0000000000000074
  0
LINE
  5
231
330
1F
100
AcDbEntity
  8
0
 62
     7
370
    -3
100
AcDbLine
 10
-2.000000000000586
 20
-92.21733677368125
 30
0.0000000000000037
 11
-1.743713275476897
 21
-92.21733677368125
 31
0.0000000000000018
  0
LINE
  5
232
330
1F
100
AcDbEntity
  8
0
 62
     7
370
    -3
100
AcDbLine
 10
-9.133953185555947
 20
-92.21733677368127
 30
-0.0000000000000003
 11
-9.102721221402748
 21
-92.21733677368127
 31
-0.0000000000000006
  0
LINE
  5
233
330
1F
100
AcDbEntity
  8
0
 62
     7
370
    -3
100
AcDbLine
 10
-9.102721221402748
 20
-92.21733677368127
 30
-0.0000000000000006
 11
-8.440000000000595
 21
-92.21733677368125
 31
0.0000000000000085
  0
SPLINE
  5
234
330
1F
100
AcDbEntity
  8
0
 62
     7
370
    -3
100
AcDbSpline
210
0.0
220
0.0
230
1.0
 70
     8
 71
     3
 72
    21
 73
    17
 74
     0
 42
0.0000000001
 43
0.00000001
 40
0.0
 40
0.0
 40
0.0
 40
0.0
 40
0.033141462147039
 40
0.0659822778590047
 40
0.0985382024790258
 40
0.1308254084125069
 40
0.1734849860060207
 40
0.2157367228341871
 40
0.2576221827325796
 40
0.3198537748657891
 40
0.3815054763192018
 40
0.4427296196802373
 40
0.5036817433031722
 40
0.6659843706796278
 40
0.8304654335097511
 40
1.0
 40
1.0
 40
1.0
 40
1.0
 10
-9.720000000001024
 20
-95.33333677368131
 30
0.0000000000000038
 10
-9.719990755707977
 20
-95.33389229002165
 30
0.0000000000000038
 10
-9.71997235098251
 20
-95.33499828327452
 30
0.0000000000000038
 10
-9.719899635120802
 20
-95.33664873839338
 30
0.0000000000000038
 10
-9.71979388985122
 20
-95.338282969276
 30
0.0000000000000038
 10
-9.719636399627566
 20
-95.34007836813366
 30
0.0000000000000038
 10
-9.719412862523148
 20
-95.34203060177686
 30
0.0000000000000038
 10
-9.719105420532106
 20
-95.34413418643402
 30
0.0000000000000037
 10
-9.718673875166074
 20
-95.34654999503366
 30
0.0000000000000037
 10
-9.718075479247862
 20
-95.34926488400784
 30
0.0000000000000037
 10
-9.717258677741984
 20
-95.35225983866447
 30
0.0000000000000037
 10
-9.716299140873758
 20
-95.3551896613444
 30
0.0000000000000037
 10
-9.714587908969403
 20
-95.35964304276702
 30
0.0000000000000036
 10
-9.711677620045753
 20
-95.36547554417837
 30
0.0000000000000036
 10
-9.707026050756118
 20
-95.37241570447215
 30
0.0000000000000035
 10
-9.703197879078656
 20
-95.37651231333628
 30
0.0000000000000035
 10
-9.701254833996876
 20
-95.37859160767731
 30
0.0000000000000035
  0
SPLINE
  5
235
330
1F
100
AcDbEntity
  8
0
 62
     7
370
    -3
100
AcDbSpline
210
0.0
220
0.0
230
1.0
 70
     8
 71
     3
 72
    18
 73
    14
 74
     0
 42
0.0000000001
 43
0.00000001
 40
0.0
 40
0.0
 40
0.0
 40
0.0
 40
0.3378584477122618
 40
0.4464996810768877
 40
0.575502364199136
 40
0.6526757669580135
 40
0.7436446583613522
 40
0.7783547184843165
 40
0.8159664528401647
 40
0.856935416343728
 40
0.9014657076836166
 40
0.9494983749829228
 40
1.0
 40
1.0
 40
1.0
 40
1.0
 10
-9.70125483399655
 20
-94.77608193968528
 30
0.0000000000000062
 10
-9.704979834243554
 20
-94.78038501151208
 30
0.0000000000000062
 10
-9.709902639736685
 20
-94.78607177237694
 30
0.0000000000000062
 10
-9.714277757178321
 20
-94.79468362748058
 30
0.0000000000000062
 10
-9.716267365180673
 20
-94.79956931406764
 30
0.0000000000000062
 10
-9.717742895188525
 20
-94.80432190580461
 30
0.0000000000000062
 10
-9.71854407197932
 20
-94.80762426900347
 30
0.0000000000000061
 10
-9.719051304515032
 20
-94.81030995755253
 30
0.0000000000000061
 10
-9.71935233238909
 20
-94.81218225746443
 30
0.0000000000000061
 10
-9.71961617170525
 20
-94.81422613770015
 30
0.0000000000000061
 10
-9.71982601785839
 20
-94.81645143834812
 30
0.0000000000000061
 10
-9.71997163677677
 20
-94.81884227609191
 30
0.0000000000000061
 10
-9.719990388969078
 20
-94.82049149970895
 30
0.0000000000000061
 10
-9.720000000000551
 20
-94.8213367736813
 30
0.0000000000000061
  0
SPLINE
  5
236
330
1F
100
AcDbEntity
  8
0
 62
     7
370
    -3
100
AcDbSpline
210
0.0
220
0.0
230
1.0
 70
     8
 71
     3
 72
    14
 73
    10
 74
     0
 42
0.0000000001
 43
0.00000001
 40
0.0
 40
0.0
 40
0.0
 40
0.0
 40
0.0858628456928673
 40
0.1705605506522329
 40
0.2542963193085698
 40
0.3785409417020696
 40
0.5018275895519488
 40
0.7483417930730283
 40
1.0
 40
1.0
 40
1.0
 40
1.0
 10
-9.132886516629549
 20
-95.39636446987454
 30
-0.0000000000000007
 10
-9.131788096130613
 20
-95.3961511203014
 30
-0.0000000000000007
 10
-9.129606160467585
 20
-95.39572731626387
 30
-0.0000000000000007
 10
-9.126396068995708
 20
-95.39489846157751
 30
-0.0000000000000008
 10
-9.122751072911594
 20
-95.39377445504554
 30
-0.0000000000000008
 10
-9.11871061350592
 20
-95.3922405986329
 30
-0.0000000000000008
 10
-9.112889896296164
 20
-95.38948691699964
 30
-0.0000000000000008
 10
-9.10594367964765
 20
-95.38522384232347
 30
-0.0000000000000009
 10
-9.101161131682645
 20
-95.38081751875701
 30
-0.0000000000000009
 10
-9.09874516600455
 20
-95.37859160767762
 30
-0.0000000000000009
  0
SPLINE
  5
237
330
1F
100
AcDbEntity
  8
0
 62
     7
370
    -3
100
AcDbSpline
210
0.0
220
0.0
230
1.0
 70
     8
 71
     3
 72
    14
 73
    10
 74
     0
 42
0.0000000001
 43
0.00000001
 40
0.0
 40
0.0
 40
0.0
 40
0.0
 40
0.2509808695238386
 40
0.4972930184264401
 40
0.6206490402102158
 40
0.7450690366609136
 40
0.8289765248132921
 40
0.913886747467123
 40
1.0
 40
1.0
 40
1.0
 40
1.0
 10
-9.70125483399655
 20
-95.37859160767762
 30
0.0000000000000035
 10
-9.698845175667858
 20
-95.38081080392224
 30
0.0000000000000034
 10
-9.694070683229745
 20
-95.38520791514851
 30
0.0000000000000034
 10
-9.687132585098555
 20
-95.38946205997446
 30
0.0000000000000033
 10
-9.681312474895009
 20
-95.39221643576593
 30
0.0000000000000033
 10
-9.677268286853849
 20
-95.39375424980956
 30
0.0000000000000032
 10
-9.67361789726599
 20
-95.39488398825937
 30
0.0000000000000032
 10
-9.670401341367112
 20
-95.39571925616171
 30
0.0000000000000032
 10
-9.668214563518188
 20
-95.39614839241301
 30
0.0000000000000031
 10
-9.667113483371551
 20
-95.39636446987454
 30
0.0000000000000031
  0
SPLINE
  5
238
330
1F
100
AcDbEntity
  8
0
 62
     7
370
    -3
100
AcDbSpline
210
0.0
220
0.0
230
1.0
 70
     8
 71
     3
 72
    18
 73
    14
 74
     0
 42
0.0000000001
 43
0.00000001
 40
0.0
 40
0.0
 40
0.0
 40
0.0
 40
0.3378584477123484
 40
0.4464996810769684
 40
0.5755023641997352
 40
0.652675766958619
 40
0.7436446583613666
 40
0.7783547184837795
 40
0.8159664528401714
 40
0.8569354163431886
 40
0.9014657076836186
 40
0.9494983749829262
 40
1.0
 40
1.0
 40
1.0
 40
1.0
 10
-9.09874516600455
 20
-95.37859160767728
 30
-0.0000000000000009
 10
-9.095020165757543
 20
-95.37428853585047
 30
-0.0000000000000009
 10
-9.090097360264402
 20
-95.36860177498554
 30
-0.0000000000000009
 10
-9.085722242822767
 20
-95.35998991988201
 30
-0.0000000000000009
 10
-9.083732634820418
 20
-95.3551042332949
 30
-0.0000000000000009
 10
-9.082257104812568
 20
-95.35035164155796
 30
-0.0000000000000009
 10
-9.081455928021786
 20
-95.34704927835911
 30
-0.0000000000000009
 10
-9.080948695486065
 20
-95.34436358981004
 30
-0.0000000000000009
 10
-9.080647667612018
 20
-95.34249128989815
 30
-0.0000000000000009
 10
-9.080383828295844
 20
-95.34044740966243
 30
-0.0000000000000009
 10
-9.080173982142716
 20
-95.3382221090144
 30
-0.0000000000000008
 10
-9.080028363224327
 20
-95.33583127127066
 30
-0.0000000000000008
 10
-9.080009611032018
 20
-95.33418204765363
 30
-0.0000000000000008
 10
-9.080000000000549
 20
-95.33333677368128
 30
-0.0000000000000008
  0
SPLINE
  5
239
330
1F
100
AcDbEntity
  8
0
 62
     7
370
    -3
100
AcDbSpline
210
0.0
220
0.0
230
1.0
 70
     8
 71
     3
 72
    21
 73
    17
 74
     0
 42
0.0000000001
 43
0.00000001
 40
0.0
 40
0.0
 40
0.0
 40
0.0
 40
0.0331414621470406
 40
0.0659822778590064
 40
0.0985382024790291
 40
0.1308254084119649
 40
0.1734849860060291
 40
0.2157367228341925
 40
0.2576221827320438
 40
0.3198537748657952
 40
0.3815054763192108
 40
0.4427296196797355
 40
0.5036817433031885
 40
0.6659843706796518
 40
0.8304654335093068
 40
1.0
 40
1.0
 40
1.0
 40
1.0
 10
-9.080000000000078
 20
-94.8213367736813
 30
0.0000000000000015
 10
-9.080009244293125
 20
-94.82078125734094
 30
0.0000000000000015
 10
-9.080027649018595
 20
-94.81967526408808
 30
0.0000000000000015
 10
-9.080100364880295
 20
-94.81802480896916
 30
0.0000000000000015
 10
-9.080206110149877
 20
-94.81639057808661
 30
0.0000000000000015
 10
-9.08036360037354
 20
-94.81459517922893
 30
0.0000000000000015
 10
-9.08058713747795
 20
-94.81264294558572
 30
0.0000000000000015
 10
-9.080894579468993
 20
-94.8105393609286
 30
0.0000000000000015
 10
-9.081326124835028
 20
-94.80812355232885
 30
0.0000000000000015
 10
-9.081924520753232
 20
-94.80540866335475
 30
0.0000000000000016
 10
-9.082741322259107
 20
-94.8024137086981
 30
0.0000000000000016
 10
-9.083700859127356
 20
-94.7994838860182
 30
0.0000000000000016
 10
-9.085412091031685
 20
-94.79503050459556
 30
0.0000000000000016
 10
-9.088322379955345
 20
-94.78919800318423
 30
0.0000000000000017
 10
-9.092973949244996
 20
-94.78225784289043
 30
0.0000000000000017
 10
-9.096802120922447
 20
-94.77816123402631
 30
0.0000000000000018
 10
-9.098745166004226
 20
-94.77608193968528
 30
0.0000000000000018
  0
SPLINE
  5
23A
330
1F
100
AcDbEntity
  8
0
 62
     7
370
    -3
100
AcDbSpline
210
0.0
220
0.0
230
1.0
 70
     8
 71
     3
 72
    14
 73
    10
 74
     0
 42
0.0000000001
 43
0.00000001
 40
0.0
 40
0.0
 40
0.0
 40
0.0
 40
0.0858628456813756
 40
0.1705605506317258
 40
0.2542963192816592
 40
0.3785409416705222
 40
0.5018275895205195
 40
0.7483417930523841
 40
1.0
 40
1.0
 40
1.0
 40
1.0
 10
-9.66711348338555
 20
-94.7583090774905
 30
0.000000000000006
 10
-9.668211903883883
 20
-94.75852242706382
 30
0.000000000000006
 10
-9.670393839545739
 20
-94.75894623110169
 30
0.000000000000006
 10
-9.673603931015913
 20
-94.75977508578825
 30
0.000000000000006
 10
-9.67724892709822
 20
-94.7608990923204
 30
0.0000000000000061
 10
-9.681289386501996
 20
-94.76243294873322
 30
0.0000000000000061
 10
-9.6871101037093
 20
-94.7651866303663
 30
0.0000000000000061
 10
-9.694056320355253
 20
-94.76944970504148
 30
0.0000000000000061
 10
-9.698838868319033
 20
-94.77385602860632
 30
0.0000000000000062
 10
-9.70125483399655
 20
-94.77608193968496
 30
0.0000000000000062
  0
SPLINE
  5
23B
330
1F
100
AcDbEntity
  8
0
 62
     7
370
    -3
100
AcDbSpline
210
0.0
220
0.0
230
1.0
 70
     8
 71
     3
 72
    14
 73
    10
 74
     0
 42
0.0000000001
 43
0.00000001
 40
0.0
 40
0.0
 40
0.0
 40
0.0
 40
0.2509808697129629
 40
0.497293018669597
 40
0.6206490404331878
 40
0.7450690368347929
 40
0.8289765249397708
 40
0.9138867475352083
 40
1.0
 40
1.0
 40
1.0
 40
1.0
 10
-9.09874516600455
 20
-94.77608193968496
 30
0.0000000000000018
 10
-9.101154824335927
 20
-94.77386274343799
 30
0.0000000000000018
 10
-9.105929316778093
 20
-94.76946563220822
 30
0.0000000000000019
 10
-9.112867414914254
 20
-94.76521148737932
 30
0.000000000000002
 10
-9.118687525120187
 20
-94.7624571115883
 30
0.000000000000002
 10
-9.12273171316184
 20
-94.76091929754597
 30
0.0000000000000021
 10
-9.126382102749563
 20
-94.7597895590982
 30
0.0000000000000021
 10
-9.129598658647865
 20
-94.75895429119807
 30
0.0000000000000021
 10
-9.131785436496243
 20
-94.75852515494861
 30
0.0000000000000021
 10
-9.13288651664255
 20
-94.75830907748802
 30
0.0000000000000021
  0
SPLINE
  5
23C
330
1F
100
AcDbEntity
  8
0
 62
     7
370
    -3
100
AcDbSpline
210
0.0
220
0.0
230
1.0
 70
     8
 71
     3
 72
     9
 73
     5
 74
     0
 42
0.0000000001
 43
0.00000001
 40
0.0
 40
0.0
 40
0.0
 40
0.0
 40
0.5599400502690751
 40
1.0
 40
1.0
 40
1.0
 40
1.0
 10
-9.144000000000549
 20
-95.39733677368129
 30
-0.0000000000000006
 10
-9.141913612620105
 20
-95.39728565309906
 30
-0.0000000000000007
 10
-9.138187521979795
 20
-95.39719435657152
 30
-0.0000000000000007
 10
-9.134506421515031
 20
-95.39661807035692
 30
-0.0000000000000007
 10
-9.132886516629549
 20
-95.39636446987429
 30
-0.0000000000000007
  0
LINE
  5
23D
330
1F
100
AcDbEntity
  8
0
 62
     7
370
    -3
100
AcDbLine
 10
-9.720085036474982
 20
-94.81667109537837
 30
0.0000000000000061
 11
-9.720255329292987
 21
-94.8213367736857
 31
0.0000000000000061
  0
SPLINE
  5
23E
330
1F
100
AcDbEntity
  8
0
 62
     7
370
    -3
100
AcDbSpline
210
0.0
220
0.0
230
1.0
 70
     8
 71
     3
 72
     9
 73
     5
 74
     0
 42
0.0000000001
 43
0.00000001
 40
0.0
 40
0.0
 40
0.0
 40
0.0
 40
0.5599400502879188
 40
1.0
 40
1.0
 40
1.0
 40
1.0
 10
-9.65600000000055
 20
-94.75733677368129
 30
0.0000000000000059
 10
-9.658086387383749
 20
-94.75738789426352
 30
0.0000000000000059
 10
-9.661812478028857
 20
-94.75747919079107
 30
0.000000000000006
 10
-9.665493578498149
 20
-94.75805547700777
 30
0.000000000000006
 10
-9.66711348338555
 20
-94.75830907749128
 30
0.000000000000006
  0
SPLINE
  5
23F
330
1F
100
AcDbEntity
  8
0
 62
     7
370
    -3
100
AcDbSpline
210
0.0
220
0.0
230
1.0
 70
     8
 71
     3
 72
     9
 73
     5
 74
     0
 42
0.0000000001
 43
0.00000001
 40
0.0
 40
0.0
 40
0.0
 40
0.0
 40
0.559940050259633
 40
1.0
 40
1.0
 40
1.0
 40
1.0
 10
-9.65600000000055
 20
-95.39733677368129
 30
0.000000000000003
 10
-9.658086387380958
 20
-95.39728565309908
 30
0.0000000000000031
 10
-9.66181247802127
 20
-95.39719435657156
 30
0.0000000000000031
 10
-9.66549357848604
 20
-95.39661807035696
 30
0.0000000000000031
 10
-9.667113483371551
 20
-95.39636446987429
 30
0.0000000000000031
  0
SPLINE
  5
240
330
1F
100
AcDbEntity
  8
0
 62
     7
370
    -3
100
AcDbSpline
210
0.0
220
0.0
230
1.0
 70
     8
 71
     3
 72
     9
 73
     5
 74
     0
 42
0.0000000001
 43
0.00000001
 40
0.0
 40
0.0
 40
0.0
 40
0.0
 40
0.5599400504211551
 40
1.0
 40
1.0
 40
1.0
 40
1.0
 10
-9.144000000000549
 20
-94.75733677368129
 30
0.0000000000000022
 10
-9.141913612621918
 20
-94.75738789426319
 30
0.0000000000000022
 10
-9.138187521985852
 20
-94.75747919079014
 30
0.0000000000000022
 10
-9.13450642152552
 20
-94.75805547700541
 30
0.0000000000000021
 10
-9.13288651664255
 20
-94.75830907748828
 30
0.0000000000000021
  0
LINE
  5
241
330
1F
100
AcDbEntity
  8
0
 62
     7
370
    -3
100
AcDbLine
 10
-6.367999076129456
 20
-94.82133677368131
 30
0.0000000000000097
 11
-8.439993335208595
 21
-94.82133677368128
 31
0.0000000000000107
  0
LINE
  5
242
330
1F
100
AcDbEntity
  8
0
 62
     7
370
    -3
100
AcDbLine
 10
-8.440000000000598
 20
-95.33333677368127
 30
0.0000000000000084
 11
-6.367999076128742
 21
-95.33333677368125
 31
0.0000000000000074
  0
LINE
  5
243
330
1F
100
AcDbEntity
  8
0
 62
     7
370
    -3
100
AcDbLine
 10
-1.999999999999884
 20
-95.33333677368125
 30
0.0000000000000036
 11
-1.518441376308296
 21
-95.33333677368125
 31
0.0000000000000001
  0
LINE
  5
244
330
1F
100
AcDbEntity
  8
0
 62
     7
370
    -3
100
AcDbLine
 10
-9.058764286159597
 20
-95.33333677368127
 30
-0.000000000000001
 11
-8.440000000000596
 21
-95.33333677368125
 31
0.0000000000000084
  0
LINE
  5
245
330
1F
100
AcDbEntity
  8
0
 62
     7
370
    -3
100
AcDbLine
 10
-8.439993335208595
 20
-94.82133677368125
 30
0.0000000000000107
 11
-9.080000001389381
 21
-94.82133677368127
 31
0.0000000000000015
  0
LINE
  5
246
330
1F
100
AcDbEntity
  8
0
 62
     7
370
    -3
100
AcDbLine
 10
-8.440013333159595
 20
-95.39733677368126
 30
0.0000000000000081
 11
-9.14399999861159
 21
-95.39733677368127
 31
-0.0000000000000006
  0
LINE
  5
247
330
1F
100
AcDbEntity
  8
0
 62
     7
370
    -3
100
AcDbLine
 10
-1.520974196615303
 20
-95.39733677368126
 30
-0.0000000000000002
 11
-2.000000000000523
 21
-95.39733677368126
 31
0.0000000000000033
  0
LINE
  5
248
330
1F
100
AcDbEntity
  8
0
 62
     7
370
    -3
100
AcDbLine
 10
-6.367999077376991
 20
-95.39733677368126
 30
0.0000000000000071
 11
-8.440013333159596
 21
-95.39733677368129
 31
0.0000000000000081
  0
LINE
  5
249
330
1F
100
AcDbEntity
  8
0
 62
     7
370
    -3
100
AcDbLine
 10
-8.440000000000595
 20
-94.75733677368126
 30
0.000000000000011
 11
-6.367999076222989
 21
-94.75733677368126
 31
0.0000000000000099
  0
LINE
  5
24A
330
1F
100
AcDbEntity
  8
0
 62
     7
370
    -3
100
AcDbLine
 10
-9.133953185555947
 20
-94.75733677368127
 30
0.0000000000000021
 11
-9.102721221402753
 21
-94.7573367736813
 31
0.0000000000000019
  0
LINE
  5
24B
330
1F
100
AcDbEntity
  8
0
 62
     7
370
    -3
100
AcDbLine
 10
-9.102721221402751
 20
-94.75733677368127
 30
0.0000000000000019
 11
-8.440000000000595
 21
-94.75733677368126
 31
0.000000000000011
  0
SPLINE
  5
24C
330
1F
100
AcDbEntity
  8
0
 62
     7
370
    -3
100
AcDbSpline
210
0.0
220
0.0
230
1.0
 70
     8
 71
     3
 72
    18
 73
    14
 74
     0
 42
0.0000000001
 43
0.00000001
 40
0.0
 40
0.0
 40
0.0
 40
0.0
 40
0.3378584477128192
 40
0.4464996810774494
 40
0.5755023641997158
 40
0.6526757669591344
 40
0.7436446583618906
 40
0.7783547184843067
 40
0.8159664528401563
 40
0.8569354163437256
 40
0.9014657076836093
 40
0.9494983749829214
 40
1.0
 40
1.0
 40
1.0
 40
1.0
 10
-9.09874516600455
 20
-97.9185916076773
 30
0.0000000000000016
 10
-9.095020165757544
 20
-97.91428853585049
 30
0.0000000000000016
 10
-9.090097360264407
 20
-97.90860177498558
 30
0.0000000000000016
 10
-9.085722242822776
 20
-97.89998991988199
 30
0.0000000000000016
 10
-9.08373263482041
 20
-97.89510423329493
 30
0.0000000000000016
 10
-9.082257104812575
 20
-97.89035164155794
 30
0.0000000000000016
 10
-9.08145592802178
 20
-97.88704927835907
 30
0.0000000000000016
 10
-9.080948695486068
 20
-97.88436358981005
 30
0.0000000000000016
 10
-9.080647667612014
 20
-97.88249128989818
 30
0.0000000000000016
 10
-9.08038382829585
 20
-97.88044740966244
 30
0.0000000000000016
 10
-9.08017398214271
 20
-97.8782221090144
 30
0.0000000000000017
 10
-9.080028363224331
 20
-97.87583127127071
 30
0.0000000000000017
 10
-9.080009611032017
 20
-97.8741820476536
 30
0.0000000000000017
 10
-9.080000000000549
 20
-97.87333677368129
 30
0.0000000000000017
  0
SPLINE
  5
24D
330
1F
100
AcDbEntity
  8
0
 62
     7
370
    -3
100
AcDbSpline
210
0.0
220
0.0
230
1.0
 70
     8
 71
     3
 72
    21
 73
    17
 74
     0
 42
0.0000000001
 43
0.00000001
 40
0.0
 40
0.0
 40
0.0
 40
0.0
 40
0.0331414621470553
 40
0.0659822778590357
 40
0.0985382024790728
 40
0.1308254084120229
 40
0.173484986006106
 40
0.2157367228342931
 40
0.257622182732157
 40
0.319853774865936
 40
0.3815054763188465
 40
0.4427296196799228
 40
0.5036817433028876
 40
0.6659843706799172
 40
0.8304654335096451
 40
1.0
 40
1.0
 40
1.0
 40
1.0
 10
-9.080000000000078
 20
-97.36133677368127
 30
-0.0000000000000099
 10
-9.080009244293125
 20
-97.36078125734093
 30
-0.0000000000000099
 10
-9.080027649018595
 20
-97.35967526408808
 30
-0.0000000000000099
 10
-9.080100364880295
 20
-97.35802480896915
 30
-0.0000000000000099
 10
-9.080206110149877
 20
-97.35639057808659
 30
-0.0000000000000099
 10
-9.080363600373541
 20
-97.3545951792289
 30
-0.0000000000000099
 10
-9.080587137477949
 20
-97.35264294558573
 30
-0.0000000000000099
 10
-9.080894579468998
 20
-97.35053936092858
 30
-0.0000000000000099
 10
-9.081326124835027
 20
-97.34812355232889
 30
-0.0000000000000098
 10
-9.081924520753228
 20
-97.34540866335475
 30
-0.0000000000000098
 10
-9.082741322259118
 20
-97.34241370869812
 30
-0.0000000000000098
 10
-9.083700859127346
 20
-97.3394838860182
 30
-0.0000000000000098
 10
-9.085412091031698
 20
-97.33503050459551
 30
-0.0000000000000098
 10
-9.088322379955333
 20
-97.32919800318422
 30
-0.0000000000000097
 10
-9.092973949244993
 20
-97.32225784289042
 30
-0.0000000000000096
 10
-9.09680212092245
 20
-97.31816123402632
 30
-0.0000000000000096
 10
-9.098745166004226
 20
-97.3160819396853
 30
-0.0000000000000096
  0
SPLINE
  5
24E
330
1F
100
AcDbEntity
  8
0
 62
     7
370
    -3
100
AcDbSpline
210
0.0
220
0.0
230
1.0
 70
     8
 71
     3
 72
    14
 73
    10
 74
     0
 42
0.0000000001
 43
0.00000001
 40
0.0
 40
0.0
 40
0.0
 40
0.0
 40
0.0858628456812219
 40
0.1705605506315609
 40
0.2542963192816933
 40
0.3785409416704569
 40
0.5018275895201753
 40
0.7483417930523836
 40
1.0
 40
1.0
 40
1.0
 40
1.0
 10
-9.66711348338555
 20
-97.29830907749052
 30
-0.0000000000000054
 10
-9.668211903883881
 20
-97.29852242706383
 30
-0.0000000000000054
 10
-9.67039383954574
 20
-97.29894623110165
 30
-0.0000000000000054
 10
-9.673603931015919
 20
-97.29977508578821
 30
-0.0000000000000053
 10
-9.677248927098221
 20
-97.30089909232052
 30
-0.0000000000000053
 10
-9.681289386501987
 20
-97.30243294873321
 30
-0.0000000000000053
 10
-9.687110103709312
 20
-97.30518663036626
 30
-0.0000000000000053
 10
-9.694056320355244
 20
-97.3094497050415
 30
-0.0000000000000052
 10
-9.698838868319028
 20
-97.31385602860631
 30
-0.0000000000000052
 10
-9.70125483399655
 20
-97.31608193968496
 30
-0.0000000000000052
  0
SPLINE
  5
24F
330
1F
100
AcDbEntity
  8
0
 62
     7
370
    -3
100
AcDbSpline
210
0.0
220
0.0
230
1.0
 70
     8
 71
     3
 72
    14
 73
    10
 74
     0
 42
0.0000000001
 43
0.00000001
 40
0.0
 40
0.0
 40
0.0
 40
0.0
 40
0.2509808697129046
 40
0.4972930186698247
 40
0.6206490404334105
 40
0.7450690368349285
 40
0.8289765249398334
 40
0.9138867475352398
 40
1.0
 40
1.0
 40
1.0
 40
1.0
 10
-9.09874516600455
 20
-97.31608193968496
 30
-0.0000000000000096
 10
-9.10115482433593
 20
-97.31386274343801
 30
-0.0000000000000095
 10
-9.105929316778106
 20
-97.30946563220824
 30
-0.0000000000000095
 10
-9.112867414914247
 20
-97.3052114873793
 30
-0.0000000000000094
 10
-9.118687525120189
 20
-97.30245711158827
 30
-0.0000000000000094
 10
-9.122731713161844
 20
-97.30091929754597
 30
-0.0000000000000093
 10
-9.126382102749563
 20
-97.29978955909816
 30
-0.0000000000000093
 10
-9.129598658647867
 20
-97.29895429119807
 30
-0.0000000000000093
 10
-9.131785436496244
 20
-97.29852515494863
 30
-0.0000000000000093
 10
-9.132886516642552
 20
-97.29830907748804
 30
-0.0000000000000092
  0
SPLINE
  5
250
330
1F
100
AcDbEntity
  8
0
 62
     7
370
    -3
100
AcDbSpline
210
0.0
220
0.0
230
1.0
 70
     8
 71
     3
 72
    21
 73
    17
 74
     0
 42
0.0000000001
 43
0.00000001
 40
0.0
 40
0.0
 40
0.0
 40
0.0
 40
0.0331414621470412
 40
0.0659822778590091
 40
0.0985382024790324
 40
0.1308254084119659
 40
0.1734849860060308
 40
0.2157367228342
 40
0.2576221827320521
 40
0.3198537748658046
 40
0.381505476318689
 40
0.4427296196797286
 40
0.5036817433031827
 40
0.6659843706796491
 40
0.8304654335093266
 40
1.0
 40
1.0
 40
1.0
 40
1.0
 10
-9.720000000001024
 20
-97.87333677368129
 30
0.0000000000000063
 10
-9.719990755707975
 20
-97.87389229002164
 30
0.0000000000000063
 10
-9.719972350982506
 20
-97.87499828327452
 30
0.0000000000000063
 10
-9.719899635120806
 20
-97.87664873839341
 30
0.0000000000000063
 10
-9.719793889851221
 20
-97.87828296927599
 30
0.0000000000000063
 10
-9.719636399627564
 20
-97.88007836813367
 30
0.0000000000000063
 10
-9.71941286252315
 20
-97.88203060177685
 30
0.0000000000000063
 10
-9.719105420532104
 20
-97.88413418643401
 30
0.0000000000000062
 10
-9.718673875166072
 20
-97.88654999503372
 30
0.0000000000000062
 10
-9.718075479247876
 20
-97.88926488400786
 30
0.0000000000000062
 10
-9.71725867774198
 20
-97.89225983866444
 30
0.0000000000000062
 10
-9.716299140873751
 20
-97.89518966134439
 30
0.0000000000000062
 10
-9.714587908969419
 20
-97.8996430427671
 30
0.0000000000000061
 10
-9.711677620045759
 20
-97.90547554417836
 30
0.0000000000000061
 10
-9.707026050756097
 20
-97.9124157044721
 30
0.000000000000006
 10
-9.703197879078655
 20
-97.91651231333627
 30
0.000000000000006
 10
-9.701254833996874
 20
-97.9185916076773
 30
0.000000000000006
  0
SPLINE
  5
251
330
1F
100
AcDbEntity
  8
0
 62
     7
370
    -3
100
AcDbSpline
210
0.0
220
0.0
230
1.0
 70
     8
 71
     3
 72
    18
 73
    14
 74
     0
 42
0.0000000001
 43
0.00000001
 40
0.0
 40
0.0
 40
0.0
 40
0.0
 40
0.3378584477124389
 40
0.4464996810766306
 40
0.5755023641994591
 40
0.6526757669583771
 40
0.7436446583617634
 40
0.7783547184842027
 40
0.8159664528400706
 40
0.8569354163436554
 40
0.9014657076841176
 40
0.949498374983449
 40
1.0
 40
1.0
 40
1.0
 40
1.0
 10
-9.70125483399655
 20
-97.3160819396853
 30
-0.0000000000000052
 10
-9.70497983424355
 20
-97.3203850115121
 30
-0.0000000000000052
 10
-9.709902639736667
 20
-97.32607177237696
 30
-0.0000000000000052
 10
-9.714277757178335
 20
-97.33468362748063
 30
-0.0000000000000052
 10
-9.71626736518067
 20
-97.33956931406763
 30
-0.0000000000000052
 10
-9.717742895188525
 20
-97.3443219058046
 30
-0.0000000000000052
 10
-9.718544071979313
 20
-97.34762426900349
 30
-0.0000000000000052
 10
-9.719051304515034
 20
-97.35030995755251
 30
-0.0000000000000052
 10
-9.71935233238909
 20
-97.35218225746442
 30
-0.0000000000000053
 10
-9.719616171705253
 20
-97.35422613770015
 30
-0.0000000000000053
 10
-9.71982601785839
 20
-97.35645143834817
 30
-0.0000000000000053
 10
-9.719971636776766
 20
-97.35884227609189
 30
-0.0000000000000053
 10
-9.71999038896908
 20
-97.36049149970894
 30
-0.0000000000000053
 10
-9.720000000000551
 20
-97.36133677368127
 30
-0.0000000000000053
  0
SPLINE
  5
252
330
1F
100
AcDbEntity
  8
0
 62
     7
370
    -3
100
AcDbSpline
210
0.0
220
0.0
230
1.0
 70
     8
 71
     3
 72
    14
 73
    10
 74
     0
 42
0.0000000001
 43
0.00000001
 40
0.0
 40
0.0
 40
0.0
 40
0.0
 40
0.0858628456929834
 40
0.1705605506521469
 40
0.254296319308458
 40
0.3785409417022135
 40
0.5018275895520146
 40
0.7483417930726419
 40
1.0
 40
1.0
 40
1.0
 40
1.0
 10
-9.132886516629549
 20
-97.93636446987455
 30
0.0000000000000018
 10
-9.131788096130615
 20
-97.93615112030139
 30
0.0000000000000018
 10
-9.129606160467594
 20
-97.93572731626384
 30
0.0000000000000018
 10
-9.126396068995703
 20
-97.93489846157755
 30
0.0000000000000017
 10
-9.122751072911592
 20
-97.93377445504558
 30
0.0000000000000017
 10
-9.11871061350592
 20
-97.93224059863284
 30
0.0000000000000017
 10
-9.112889896296167
 20
-97.92948691699964
 30
0.0000000000000017
 10
-9.10594367964764
 20
-97.92522384232352
 30
0.0000000000000016
 10
-9.101161131682643
 20
-97.92081751875703
 30
0.0000000000000016
 10
-9.09874516600455
 20
-97.9185916076776
 30
0.0000000000000016
  0
SPLINE
  5
253
330
1F
100
AcDbEntity
  8
0
 62
     7
370
    -3
100
AcDbSpline
210
0.0
220
0.0
230
1.0
 70
     8
 71
     3
 72
    14
 73
    10
 74
     0
 42
0.0000000001
 43
0.00000001
 40
0.0
 40
0.0
 40
0.0
 40
0.0
 40
0.2509808695237992
 40
0.4972930184263668
 40
0.6206490402103697
 40
0.7450690366610313
 40
0.8289765248133854
 40
0.9138867474671916
 40
1.0
 40
1.0
 40
1.0
 40
1.0
 10
-9.70125483399655
 20
-97.9185916076776
 30
0.000000000000006
 10
-9.698845175667854
 20
-97.92081080392221
 30
0.0000000000000059
 10
-9.69407068322974
 20
-97.92520791514843
 30
0.0000000000000059
 10
-9.687132585098546
 20
-97.92946205997447
 30
0.0000000000000058
 10
-9.68131247489501
 20
-97.9322164357659
 30
0.0000000000000058
 10
-9.677268286853847
 20
-97.93375424980958
 30
0.0000000000000057
 10
-9.673617897265988
 20
-97.93488398825937
 30
0.0000000000000057
 10
-9.67040134136711
 20
-97.93571925616172
 30
0.0000000000000057
 10
-9.66821456351819
 20
-97.93614839241305
 30
0.0000000000000056
 10
-9.667113483371553
 20
-97.93636446987458
 30
0.0000000000000056
  0
SPLINE
  5
254
330
1F
100
AcDbEntity
  8
0
 62
     7
370
    -3
100
AcDbSpline
210
0.0
220
0.0
230
1.0
 70
     8
 71
     3
 72
     9
 73
     5
 74
     0
 42
0.0000000001
 43
0.00000001
 40
0.0
 40
0.0
 40
0.0
 40
0.0
 40
0.5599400502688862
 40
1.0
 40
1.0
 40
1.0
 40
1.0
 10
-9.144000000000549
 20
-97.9373367736813
 30
0.0000000000000018
 10
-9.141913612620106
 20
-97.93728565309908
 30
0.0000000000000018
 10
-9.138187521979795
 20
-97.93719435657155
 30
0.0000000000000018
 10
-9.13450642151503
 20
-97.93661807035691
 30
0.0000000000000018
 10
-9.132886516629549
 20
-97.93636446987428
 30
0.0000000000000018
  0
LINE
  5
255
330
1F
100
AcDbEntity
  8
0
 62
     7
370
    -3
100
AcDbLine
 10
-9.720085036475421
 20
-97.35667109538443
 30
-0.0000000000000053
 11
-9.720255329292987
 21
-97.36133677369483
 31
-0.0000000000000053
  0
SPLINE
  5
256
330
1F
100
AcDbEntity
  8
0
 62
     7
370
    -3
100
AcDbSpline
210
0.0
220
0.0
230
1.0
 70
     8
 71
     3
 72
     9
 73
     5
 74
     0
 42
0.0000000001
 43
0.00000001
 40
0.0
 40
0.0
 40
0.0
 40
0.0
 40
0.5599400502879188
 40
1.0
 40
1.0
 40
1.0
 40
1.0
 10
-9.65600000000055
 20
-97.2973367736813
 30
-0.0000000000000055
 10
-9.658086387383749
 20
-97.29738789426354
 30
-0.0000000000000055
 10
-9.661812478028857
 20
-97.29747919079108
 30
-0.0000000000000054
 10
-9.665493578498149
 20
-97.29805547700776
 30
-0.0000000000000054
 10
-9.66711348338555
 20
-97.2983090774913
 30
-0.0000000000000054
  0
SPLINE
  5
257
330
1F
100
AcDbEntity
  8
0
 62
     7
370
    -3
100
AcDbSpline
210
0.0
220
0.0
230
1.0
 70
     8
 71
     3
 72
     9
 73
     5
 74
     0
 42
0.0000000001
 43
0.00000001
 40
0.0
 40
0.0
 40
0.0
 40
0.0
 40
0.5599400502565306
 40
1.0
 40
1.0
 40
1.0
 40
1.0
 10
-9.65600000000055
 20
-97.9373367736813
 30
0.0000000000000055
 10
-9.658086387380942
 20
-97.93728565309905
 30
0.0000000000000056
 10
-9.661812478021256
 20
-97.93719435657151
 30
0.0000000000000056
 10
-9.665493578486023
 20
-97.93661807035691
 30
0.0000000000000056
 10
-9.667113483371551
 20
-97.93636446987428
 30
0.0000000000000056
  0
SPLINE
  5
258
330
1F
100
AcDbEntity
  8
0
 62
     7
370
    -3
100
AcDbSpline
210
0.0
220
0.0
230
1.0
 70
     8
 71
     3
 72
     9
 73
     5
 74
     0
 42
0.0000000001
 43
0.00000001
 40
0.0
 40
0.0
 40
0.0
 40
0.0
 40
0.5599400504211551
 40
1.0
 40
1.0
 40
1.0
 40
1.0
 10
-9.144000000000549
 20
-97.2973367736813
 30
-0.0000000000000092
 10
-9.141913612621918
 20
-97.29738789426322
 30
-0.0000000000000092
 10
-9.138187521985852
 20
-97.29747919079016
 30
-0.0000000000000092
 10
-9.13450642152552
 20
-97.29805547700545
 30
-0.0000000000000092
 10
-9.13288651664255
 20
-97.2983090774883
 30
-0.0000000000000092
  0
LINE
  5
259
330
1F
100
AcDbEntity
  8
0
 62
     7
370
    -3
100
AcDbLine
 10
-6.367999076129456
 20
-97.36133677368127
 30
-0.0000000000000017
 11
-8.439993335208595
 21
-97.36133677368124
 31
-0.0000000000000007
  0
LINE
  5
25A
330
1F
100
AcDbEntity
  8
0
 62
     7
370
    -3
100
AcDbLine
 10
-8.440000000000596
 20
-97.87333677368129
 30
0.0000000000000109
 11
-6.367999076128742
 21
-97.87333677368126
 31
0.0000000000000099
  0
LINE
  5
25B
330
1F
100
AcDbEntity
  8
0
 62
     7
370
    -3
100
AcDbLine
 10
-9.058764286159597
 20
-97.87333677368126
 30
0.0000000000000015
 11
-8.440000000000595
 21
-97.87333677368126
 31
0.0000000000000109
  0
LINE
  5
25C
330
1F
100
AcDbEntity
  8
0
 62
     7
370
    -3
100
AcDbLine
 10
-8.439993335208595
 20
-97.36133677368124
 30
-0.0000000000000007
 11
-9.080000001389381
 21
-97.36133677368127
 31
-0.0000000000000099
  0
LINE
  5
25D
330
1F
100
AcDbEntity
  8
0
 62
     7
370
    -3
100
AcDbLine
 10
-8.440000000000595
 20
-97.29733677368125
 30
-0.0000000000000004
 11
-6.367999076222989
 21
-97.29733677368125
 31
-0.0000000000000014
  0
LINE
  5
25E
330
1F
100
AcDbEntity
  8
0
 62
     7
370
    -3
100
AcDbLine
 10
-9.133953185555947
 20
-97.29733677368127
 30
-0.0000000000000092
 11
-9.102721221402753
 21
-97.2973367736813
 31
-0.0000000000000095
  0
LINE
  5
25F
330
1F
100
AcDbEntity
  8
0
 62
     7
370
    -3
100
AcDbLine
 10
-9.102721221402751
 20
-97.29733677368127
 30
-0.0000000000000095
 11
-8.440000000000595
 21
-97.29733677368125
 31
-0.0000000000000004
  0
LINE
  5
260
330
1F
100
AcDbEntity
  8
0
 62
     7
370
    -3
100
AcDbLine
 10
-8.440013333159595
 20
-97.93733677368127
 30
0.0000000000000106
 11
-9.14399999861159
 21
-97.93733677368127
 31
0.0000000000000018
  0
LINE
  5
261
330
1F
100
AcDbEntity
  8
0
 62
     7
370
    -3
100
AcDbLine
 10
-6.367999077376991
 20
-97.93733677368127
 30
0.0000000000000096
 11
-8.440013333159596
 21
-97.9373367736813
 31
0.0000000000000106
  0
SPLINE
  5
262
330
1F
100
AcDbEntity
  8
0
 62
     7
370
    -3
100
AcDbSpline
210
0.0
220
0.0
230
1.0
 70
     8
 71
     3
 72
    14
 73
    10
 74
     0
 42
0.0000000001
 43
0.00000001
 40
0.0
 40
0.0
 40
0.0
 40
0.0
 40
0.0858628456928672
 40
0.1705605506522326
 40
0.2542963193085694
 40
0.3785409417021107
 40
0.5018275895519495
 40
0.7483417930730286
 40
1.0
 40
1.0
 40
1.0
 40
1.0
 10
-9.132886516629549
 20
-100.4763644698745
 30
-0.0000000000000096
 10
-9.131788096130615
 20
-100.4761511203014
 30
-0.0000000000000096
 10
-9.129606160467585
 20
-100.4757273162639
 30
-0.0000000000000096
 10
-9.126396068995708
 20
-100.4748984615775
 30
-0.0000000000000096
 10
-9.122751072911592
 20
-100.4737744550456
 30
-0.0000000000000097
 10
-9.118710613505918
 20
-100.4722405986329
 30
-0.0000000000000097
 10
-9.112889896296162
 20
-100.4694869169996
 30
-0.0000000000000097
 10
-9.10594367964765
 20
-100.4652238423235
 30
-0.0000000000000098
 10
-9.101161131682645
 20
-100.460817518757
 30
-0.0000000000000098
 10
-9.09874516600455
 20
-100.4585916076776
 30
-0.0000000000000098
  0
SPLINE
  5
263
330
1F
100
AcDbEntity
  8
0
 62
     7
370
    -3
100
AcDbSpline
210
0.0
220
0.0
230
1.0
 70
     8
 71
     3
 72
    14
 73
    10
 74
     0
 42
0.0000000001
 43
0.00000001
 40
0.0
 40
0.0
 40
0.0
 40
0.0
 40
0.2509808695238647
 40
0.4972930184264965
 40
0.6206490402102285
 40
0.7450690366611752
 40
0.8289765248133407
 40
0.913886747467169
 40
1.0
 40
1.0
 40
1.0
 40
1.0
 10
-9.70125483399655
 20
-100.4585916076776
 30
-0.0000000000000054
 10
-9.698845175667852
 20
-100.4608108039222
 30
-0.0000000000000055
 10
-9.694070683229736
 20
-100.4652079151485
 30
-0.0000000000000055
 10
-9.68713258509856
 20
-100.4694620599745
 30
-0.0000000000000056
 10
-9.681312474894996
 20
-100.4722164357659
 30
-0.0000000000000056
 10
-9.677268286853861
 20
-100.4737542498096
 30
-0.0000000000000057
 10
-9.67361789726598
 20
-100.4748839882594
 30
-0.0000000000000057
 10
-9.67040134136711
 20
-100.4757192561617
 30
-0.0000000000000057
 10
-9.66821456351819
 20
-100.476148392413
 30
-0.0000000000000057
 10
-9.667113483371551
 20
-100.4763644698745
 30
-0.0000000000000058
  0
SPLINE
  5
264
330
1F
100
AcDbEntity
  8
0
 62
     7
370
    -3
100
AcDbSpline
210
0.0
220
0.0
230
1.0
 70
     8
 71
     3
 72
    18
 73
    14
 74
     0
 42
0.0000000001
 43
0.00000001
 40
0.0
 40
0.0
 40
0.0
 40
0.0
 40
0.3378584477123517
 40
0.4464996810769727
 40
0.5755023641997408
 40
0.652675766959153
 40
0.7436446583613642
 40
0.7783547184837774
 40
0.8159664528401697
 40
0.8569354163431873
 40
0.9014657076836176
 40
0.9494983749829258
 40
1.0
 40
1.0
 40
1.0
 40
1.0
 10
-9.09874516600455
 20
-100.4585916076773
 30
-0.0000000000000098
 10
-9.095020165757543
 20
-100.4542885358505
 30
-0.0000000000000098
 10
-9.090097360264402
 20
-100.4486017749856
 30
-0.0000000000000098
 10
-9.085722242822769
 20
-100.439989919882
 30
-0.0000000000000098
 10
-9.083732634820414
 20
-100.4351042332949
 30
-0.0000000000000098
 10
-9.082257104812575
 20
-100.4303516415579
 30
-0.0000000000000098
 10
-9.081455928021784
 20
-100.4270492783591
 30
-0.0000000000000098
 10
-9.080948695486063
 20
-100.4243635898101
 30
-0.0000000000000098
 10
-9.080647667612016
 20
-100.4224912898981
 30
-0.0000000000000097
 10
-9.080383828295842
 20
-100.4204474096625
 30
-0.0000000000000097
 10
-9.080173982142714
 20
-100.4182221090144
 30
-0.0000000000000097
 10
-9.080028363224331
 20
-100.4158312712707
 30
-0.0000000000000097
 10
-9.080009611032018
 20
-100.4141820476536
 30
-0.0000000000000097
 10
-9.080000000000549
 20
-100.4133367736813
 30
-0.0000000000000097
  0
SPLINE
  5
265
330
1F
100
AcDbEntity
  8
0
 62
     7
370
    -3
100
AcDbSpline
210
0.0
220
0.0
230
1.0
 70
     8
 71
     3
 72
    21
 73
    17
 74
     0
 42
0.0000000001
 43
0.00000001
 40
0.0
 40
0.0
 40
0.0
 40
0.0
 40
0.0331414621470415
 40
0.0659822778590083
 40
0.0985382024790319
 40
0.1308254084119687
 40
0.1734849860060341
 40
0.2157367228341987
 40
0.2576221827320513
 40
0.3198537748658045
 40
0.3815054763186894
 40
0.4427296196797404
 40
0.50368174330268
 40
0.6659843706796423
 40
0.8304654335093019
 40
1.0
 40
1.0
 40
1.0
 40
1.0
 10
-9.080000000000078
 20
-99.9013367736813
 30
-0.0000000000000074
 10
-9.080009244293125
 20
-99.90078125734094
 30
-0.0000000000000074
 10
-9.080027649018595
 20
-99.8996752640881
 30
-0.0000000000000074
 10
-9.080100364880295
 20
-99.89802480896917
 30
-0.0000000000000074
 10
-9.080206110149877
 20
-99.89639057808658
 30
-0.0000000000000074
 10
-9.080363600373536
 20
-99.8945951792289
 30
-0.0000000000000074
 10
-9.08058713747795
 20
-99.89264294558573
 30
-0.0000000000000074
 10
-9.080894579468994
 20
-99.89053936092861
 30
-0.0000000000000074
 10
-9.081326124835032
 20
-99.88812355232893
 30
-0.0000000000000073
 10
-9.081924520753226
 20
-99.88540866335474
 30
-0.0000000000000073
 10
-9.082741322259118
 20
-99.8824137086981
 30
-0.0000000000000073
 10
-9.083700859127344
 20
-99.8794838860182
 30
-0.0000000000000073
 10
-9.085412091031701
 20
-99.87503050459556
 30
-0.0000000000000073
 10
-9.08832237995533
 20
-99.86919800318418
 30
-0.0000000000000072
 10
-9.092973949245005
 20
-99.86225784289049
 30
-0.0000000000000071
 10
-9.09680212092245
 20
-99.85816123402634
 30
-0.0000000000000071
 10
-9.098745166004226
 20
-99.85608193968528
 30
-0.0000000000000071
  0
SPLINE
  5
266
330
1F
100
AcDbEntity
  8
0
 62
     7
370
    -3
100
AcDbSpline
210
0.0
220
0.0
230
1.0
 70
     8
 71
     3
 72
    21
 73
    17
 74
     0
 42
0.0000000001
 43
0.00000001
 40
0.0
 40
0.0
 40
0.0
 40
0.0
 40
0.0331414621470377
 40
0.0659822778590022
 40
0.098538202479022
 40
0.1308254084125018
 40
0.1734849860060139
 40
0.2157367228341786
 40
0.2576221827325695
 40
0.3198537748663155
 40
0.3815054763191933
 40
0.4427296196802372
 40
0.5036817433031697
 40
0.6659843706800979
 40
0.8304654335097578
 40
1.0
 40
1.0
 40
1.0
 40
1.0
 10
-9.720000000001024
 20
-100.4133367736813
 30
-0.0000000000000051
 10
-9.719990755707975
 20
-100.4138922900216
 30
-0.0000000000000051
 10
-9.719972350982506
 20
-100.4149982832745
 30
-0.0000000000000051
 10
-9.719899635120804
 20
-100.4166487383934
 30
-0.0000000000000051
 10
-9.719793889851223
 20
-100.418282969276
 30
-0.0000000000000051
 10
-9.719636399627564
 20
-100.4200783681336
 30
-0.0000000000000051
 10
-9.719412862523146
 20
-100.4220306017768
 30
-0.0000000000000051
 10
-9.719105420532099
 20
-100.4241341864339
 30
-0.0000000000000051
 10
-9.718673875166077
 20
-100.4265499950337
 30
-0.0000000000000052
 10
-9.718075479247874
 20
-100.4292648840079
 30
-0.0000000000000052
 10
-9.717258677741977
 20
-100.4322598386644
 30
-0.0000000000000052
 10
-9.71629914087376
 20
-100.4351896613444
 30
-0.0000000000000052
 10
-9.714587908969392
 20
-100.439643042767
 30
-0.0000000000000052
 10
-9.711677620045768
 20
-100.4454755441784
 30
-0.0000000000000053
 10
-9.707026050756106
 20
-100.4524157044721
 30
-0.0000000000000054
 10
-9.703197879078656
 20
-100.4565123133363
 30
-0.0000000000000054
 10
-9.701254833996876
 20
-100.4585916076773
 30
-0.0000000000000054
  0
SPLINE
  5
267
330
1F
100
AcDbEntity
  8
0
 62
     7
370
    -3
100
AcDbSpline
210
0.0
220
0.0
230
1.0
 70
     8
 71
     3
 72
    18
 73
    14
 74
     0
 42
0.0000000001
 43
0.00000001
 40
0.0
 40
0.0
 40
0.0
 40
0.0
 40
0.3378584477122603
 40
0.4464996810768857
 40
0.5755023641991335
 40
0.6526757669580107
 40
0.7436446583613489
 40
0.7783547184837698
 40
0.8159664528401636
 40
0.8569354163431784
 40
0.901465707683617
 40
0.949498374982923
 40
1.0
 40
1.0
 40
1.0
 40
1.0
 10
-9.70125483399655
 20
-99.85608193968528
 30
-0.0000000000000027
 10
-9.704979834243556
 20
-99.8603850115121
 30
-0.0000000000000027
 10
-9.709902639736686
 20
-99.86607177237694
 30
-0.0000000000000027
 10
-9.71427775717832
 20
-99.8746836274806
 30
-0.0000000000000027
 10
-9.716267365180677
 20
-99.87956931406765
 30
-0.0000000000000027
 10
-9.717742895188522
 20
-99.8843219058046
 30
-0.0000000000000027
 10
-9.718544071979315
 20
-99.8876242690035
 30
-0.0000000000000027
 10
-9.719051304515036
 20
-99.8903099575525
 30
-0.0000000000000028
 10
-9.719352332389082
 20
-99.89218225746443
 30
-0.0000000000000028
 10
-9.719616171705256
 20
-99.89422613770017
 30
-0.0000000000000028
 10
-9.719826017858392
 20
-99.89645143834818
 30
-0.0000000000000028
 10
-9.719971636776766
 20
-99.89884227609188
 30
-0.0000000000000028
 10
-9.71999038896908
 20
-99.90049149970896
 30
-0.0000000000000028
 10
-9.720000000000551
 20
-99.9013367736813
 30
-0.0000000000000028
  0
SPLINE
  5
268
330
1F
100
AcDbEntity
  8
0
 62
     7
370
    -3
100
AcDbSpline
210
0.0
220
0.0
230
1.0
 70
     8
 71
     3
 72
    14
 73
    10
 74
     0
 42
0.0000000001
 43
0.00000001
 40
0.0
 40
0.0
 40
0.0
 40
0.0
 40
0.0858628456811816
 40
0.1705605506317429
 40
0.2542963192816261
 40
0.3785409416704359
 40
0.5018275895201187
 40
0.748341793052374
 40
1.0
 40
1.0
 40
1.0
 40
1.0
 10
-9.66711348338555
 20
-99.8383090774905
 30
-0.0000000000000029
 10
-9.668211903883883
 20
-99.83852242706378
 30
-0.0000000000000029
 10
-9.670393839545742
 20
-99.83894623110157
 30
-0.0000000000000029
 10
-9.673603931015913
 20
-99.83977508578832
 30
-0.0000000000000029
 10
-9.677248927098223
 20
-99.84089909232041
 30
-0.0000000000000028
 10
-9.681289386501986
 20
-99.84243294873325
 30
-0.0000000000000028
 10
-9.687110103709312
 20
-99.84518663036623
 30
-0.0000000000000028
 10
-9.694056320355244
 20
-99.84944970504148
 30
-0.0000000000000027
 10
-9.69883886831903
 20
-99.85385602860633
 30
-0.0000000000000027
 10
-9.70125483399655
 20
-99.85608193968496
 30
-0.0000000000000027
  0
SPLINE
  5
269
330
1F
100
AcDbEntity
  8
0
 62
     7
370
    -3
100
AcDbSpline
210
0.0
220
0.0
230
1.0
 70
     8
 71
     3
 72
    14
 73
    10
 74
     0
 42
0.0000000001
 43
0.00000001
 40
0.0
 40
0.0
 40
0.0
 40
0.0
 40
0.2509808697129443
 40
0.4972930186695602
 40
0.620649040433182
 40
0.7450690368349893
 40
0.8289765249397504
 40
0.9138867475353585
 40
1.0
 40
1.0
 40
1.0
 40
1.0
 10
-9.09874516600455
 20
-99.85608193968496
 30
-0.0000000000000071
 10
-9.101154824335927
 20
-99.85386274343797
 30
-0.000000000000007
 10
-9.105929316778088
 20
-99.84946563220817
 30
-0.000000000000007
 10
-9.112867414914255
 20
-99.84521148737936
 30
-0.0000000000000069
 10
-9.11868752512019
 20
-99.84245711158823
 30
-0.0000000000000069
 10
-9.122731713161826
 20
-99.84091929754594
 30
-0.0000000000000068
 10
-9.126382102749577
 20
-99.83978955909822
 30
-0.0000000000000068
 10
-9.129598658647854
 20
-99.83895429119801
 30
-0.0000000000000068
 10
-9.131785436496239
 20
-99.83852515494861
 30
-0.0000000000000068
 10
-9.13288651664255
 20
-99.83830907748803
 30
-0.0000000000000067
  0
SPLINE
  5
26A
330
1F
100
AcDbEntity
  8
0
 62
     7
370
    -3
100
AcDbSpline
210
0.0
220
0.0
230
1.0
 70
     8
 71
     3
 72
     9
 73
     5
 74
     0
 42
0.0000000001
 43
0.00000001
 40
0.0
 40
0.0
 40
0.0
 40
0.0
 40
0.5599400502690751
 40
1.0
 40
1.0
 40
1.0
 40
1.0
 10
-9.144000000000549
 20
-100.4773367736813
 30
-0.0000000000000095
 10
-9.141913612620105
 20
-100.4772856530991
 30
-0.0000000000000095
 10
-9.138187521979795
 20
-100.4771943565715
 30
-0.0000000000000096
 10
-9.134506421515031
 20
-100.4766180703569
 30
-0.0000000000000096
 10
-9.132886516629549
 20
-100.4763644698743
 30
-0.0000000000000096
  0
LINE
  5
26B
330
1F
100
AcDbEntity
  8
0
 62
     7
370
    -3
100
AcDbLine
 10
-9.720085036475117
 20
-99.89667109538208
 30
-0.0000000000000028
 11
-9.720255329292987
 21
-99.9013367736855
 31
-0.0000000000000028
  0
SPLINE
  5
26C
330
1F
100
AcDbEntity
  8
0
 62
     7
370
    -3
100
AcDbSpline
210
0.0
220
0.0
230
1.0
 70
     8
 71
     3
 72
     9
 73
     5
 74
     0
 42
0.0000000001
 43
0.00000001
 40
0.0
 40
0.0
 40
0.0
 40
0.0
 40
0.5599400502879188
 40
1.0
 40
1.0
 40
1.0
 40
1.0
 10
-9.65600000000055
 20
-99.83733677368129
 30
-0.000000000000003
 10
-9.658086387383749
 20
-99.83738789426353
 30
-0.000000000000003
 10
-9.661812478028857
 20
-99.83747919079107
 30
-0.0000000000000029
 10
-9.665493578498149
 20
-99.83805547700776
 30
-0.0000000000000029
 10
-9.66711348338555
 20
-99.83830907749127
 30
-0.0000000000000029
  0
SPLINE
  5
26D
330
1F
100
AcDbEntity
  8
0
 62
     7
370
    -3
100
AcDbSpline
210
0.0
220
0.0
230
1.0
 70
     8
 71
     3
 72
     9
 73
     5
 74
     0
 42
0.0000000001
 43
0.00000001
 40
0.0
 40
0.0
 40
0.0
 40
0.0
 40
0.5599400502567194
 40
1.0
 40
1.0
 40
1.0
 40
1.0
 10
-9.65600000000055
 20
-100.4773367736813
 30
-0.0000000000000058
 10
-9.658086387380946
 20
-100.4772856530991
 30
-0.0000000000000058
 10
-9.661812478021254
 20
-100.4771943565715
 30
-0.0000000000000058
 10
-9.665493578486025
 20
-100.4766180703569
 30
-0.0000000000000058
 10
-9.667113483371551
 20
-100.4763644698743
 30
-0.0000000000000058
  0
SPLINE
  5
26E
330
1F
100
AcDbEntity
  8
0
 62
     7
370
    -3
100
AcDbSpline
210
0.0
220
0.0
230
1.0
 70
     8
 71
     3
 72
     9
 73
     5
 74
     0
 42
0.0000000001
 43
0.00000001
 40
0.0
 40
0.0
 40
0.0
 40
0.0
 40
0.5599400504211551
 40
1.0
 40
1.0
 40
1.0
 40
1.0
 10
-9.144000000000549
 20
-99.83733677368129
 30
-0.0000000000000067
 10
-9.141913612621918
 20
-99.83738789426319
 30
-0.0000000000000067
 10
-9.138187521985852
 20
-99.83747919079012
 30
-0.0000000000000067
 10
-9.13450642152552
 20
-99.83805547700543
 30
-0.0000000000000067
 10
-9.13288651664255
 20
-99.83830907748828
 30
-0.0000000000000067
  0
LINE
  5
26F
330
1F
100
AcDbEntity
  8
0
 62
     7
370
    -3
100
AcDbLine
 10
-6.367999076129456
 20
-99.9013367736813
 30
0.0000000000000008
 11
-8.439993335208595
 21
-99.90133677368127
 31
0.0000000000000018
  0
LINE
  5
270
330
1F
100
AcDbEntity
  8
0
 62
     7
370
    -3
100
AcDbLine
 10
-8.440000000000596
 20
-100.4133367736813
 30
-0.0000000000000004
 11
-6.367999076128742
 21
-100.4133367736813
 31
-0.0000000000000015
  0
SPLINE
  5
271
330
1F
100
AcDbEntity
  8
0
 62
     7
370
    -3
100
AcDbSpline
210
0.0
220
0.0
230
1.0
 70
    24
 71
     3
 72
    18
 73
    14
 74
     0
 42
0.0000000001
 43
0.00000001
 40
0.0
 40
0.0
 40
0.0
 40
0.0
 40
0.0009631749472417
 40
0.0444133347148246
 40
0.1043135716026552
 40
0.1794701160574504
 40
0.2686256300155717
 40
0.3703525803163313
 40
0.4828239206482631
 40
0.6041830432215345
 40
0.7248308564543395
 40
0.8499818971295573
 40
1.0
 40
1.0
 40
1.0
 40
1.0
 10
-9.058764286159597
 20
-100.4133367736813
 30
-0.0000000000000099
 10
-9.05856562674004
 20
-100.4133367736813
 30
-0.0000000000000099
 10
-9.049405164956445
 20
-100.4133367736815
 30
-0.0000000000000099
 10
-9.027889994066655
 20
-100.4133367736811
 30
-0.0000000000000101
 10
-8.991072087403149
 20
-100.4133367736813
 30
-0.0000000000000103
 10
-8.94482723378654
 20
-100.4133367736812
 30
-0.0000000000000107
 10
-8.889955421347485
 20
-100.4133367736813
 30
-0.0000000000000111
 10
-8.827387254563737
 20
-100.4133367736813
 30
-0.0000000000000115
 10
-8.758176940147814
 20
-100.4133367736813
 30
-0.000000000000012
 10
-8.685064107650016
 20
-100.4133367736812
 30
-0.0000000000000126
 10
-8.609336026575004
 20
-100.4133367736813
 30
0.0000000000000008
 10
-8.527696894338119
 20
-100.4133367736813
 30
0.0000000000000002
 10
-8.47094194811178
 20
-100.4133367736813
 30
-0.0000000000000002
 10
-8.440000000000595
 20
-100.4133367736813
 30
-0.0000000000000004
  0
LINE
  5
272
330
1F
100
AcDbEntity
  8
0
 62
     7
370
    -3
100
AcDbLine
 10
-8.439993335208595
 20
-99.90133677368127
 30
0.0000000000000018
 11
-9.080000001389381
 21
-99.90133677368127
 31
-0.0000000000000074
  0
LINE
  5
273
330
1F
100
AcDbEntity
  8
0
 62
     7
370
    -3
100
AcDbLine
 10
-8.440013333159595
 20
-100.4773367736813
 30
-0.0000000000000007
 11
-9.14399999861159
 21
-100.4773367736813
 31
-0.0000000000000095
  0
LINE
  5
274
330
1F
100
AcDbEntity
  8
0
 62
     7
370
    -3
100
AcDbLine
 10
-6.367999077376991
 20
-100.4773367736813
 30
-0.0000000000000018
 11
-8.440013333159596
 21
-100.4773367736813
 31
-0.0000000000000007
  0
LINE
  5
275
330
1F
100
AcDbEntity
  8
0
 62
     7
370
    -3
100
AcDbLine
 10
-8.440000000000595
 20
-99.83733677368126
 30
0.0000000000000021
 11
-6.367999076222989
 21
-99.83733677368126
 31
0.0000000000000011
  0
LINE
  5
276
330
1F
100
AcDbEntity
  8
0
 62
     7
370
    -3
100
AcDbLine
 10
-9.133953185555947
 20
-99.83733677368126
 30
-0.0000000000000067
 11
-9.102721221402756
 21
-99.83733677368126
 31
-0.000000000000007
  0
LINE
  5
277
330
1F
100
AcDbEntity
  8
0
 62
     7
370
    -3
100
AcDbLine
 10
-9.102721221402756
 20
-99.83733677368126
 30
-0.000000000000007
 11
-8.440000000000595
 21
-99.83733677368126
 31
0.0000000000000021
  0
SPLINE
  5
278
330
1F
100
AcDbEntity
  8
0
 62
     7
370
    -3
100
AcDbSpline
210
0.0
220
0.0
230
1.0
 70
     8
 71
     3
 72
    14
 73
    10
 74
     0
 42
0.0000000001
 43
0.00000001
 40
0.0
 40
0.0
 40
0.0
 40
0.0
 40
0.0858628456812178
 40
0.1705605506315529
 40
0.2542963192816388
 40
0.3785409416701857
 40
0.501827589520161
 40
0.7483417930523955
 40
1.0
 40
1.0
 40
1.0
 40
1.0
 10
-9.667113483385553
 20
-102.3783090774905
 30
-0.0000000000000004
 10
-9.668211903883883
 20
-102.3785224270638
 30
-0.0000000000000004
 10
-9.67039383954574
 20
-102.3789462311016
 30
-0.0000000000000004
 10
-9.67360393101592
 20
-102.3797750857882
 30
-0.0000000000000004
 10
-9.67724892709821
 20
-102.3808990923205
 30
-0.0000000000000003
 10
-9.681289386502
 20
-102.3824329487332
 30
-0.0000000000000003
 10
-9.6871101037093
 20
-102.3851866303663
 30
-0.0000000000000003
 10
-9.694056320355246
 20
-102.3894497050415
 30
-0.0000000000000003
 10
-9.69883886831903
 20
-102.3938560286064
 30
-0.0000000000000002
 10
-9.701254833996552
 20
-102.396081939685
 30
-0.0000000000000002
  0
SPLINE
  5
279
330
1F
100
AcDbEntity
  8
0
 62
     7
370
    -3
100
AcDbSpline
210
0.0
220
0.0
230
1.0
 70
     8
 71
     3
 72
    14
 73
    10
 74
     0
 42
0.0000000001
 43
0.00000001
 40
0.0
 40
0.0
 40
0.0
 40
0.0
 40
0.2509808697128685
 40
0.497293018669786
 40
0.6206490404333305
 40
0.7450690368348888
 40
0.8289765249398351
 40
0.9138867475352406
 40
1.0
 40
1.0
 40
1.0
 40
1.0
 10
-9.09874516600455
 20
-102.396081939685
 30
-0.0000000000000046
 10
-9.101154824335927
 20
-102.393862743438
 30
-0.0000000000000046
 10
-9.1059293167781
 20
-102.3894656322082
 30
-0.0000000000000045
 10
-9.11286741491425
 20
-102.3852114873793
 30
-0.0000000000000044
 10
-9.118687525120183
 20
-102.3824571115883
 30
-0.0000000000000044
 10
-9.122731713161837
 20
-102.3809192975459
 30
-0.0000000000000043
 10
-9.126382102749567
 20
-102.3797895590982
 30
-0.0000000000000043
 10
-9.129598658647867
 20
-102.3789542911981
 30
-0.0000000000000043
 10
-9.131785436496243
 20
-102.3785251549486
 30
-0.0000000000000043
 10
-9.132886516642552
 20
-102.378309077488
 30
-0.0000000000000043
  0
SPLINE
  5
27A
330
1F
100
AcDbEntity
  8
0
 62
     7
370
    -3
100
AcDbSpline
210
0.0
220
0.0
230
1.0
 70
     8
 71
     3
 72
    21
 73
    17
 74
     0
 42
0.0000000001
 43
0.00000001
 40
0.0
 40
0.0
 40
0.0
 40
0.0
 40
0.0331414621470418
 40
0.0659822778590104
 40
0.0985382024790343
 40
0.1308254084119684
 40
0.1734849860060341
 40
0.2157367228342041
 40
0.2576221827320571
 40
0.3198537748658034
 40
0.3815054763186979
 40
0.4427296196797387
 40
0.5036817433026788
 40
0.6659843706796427
 40
0.8304654335093231
 40
1.0
 40
1.0
 40
1.0
 40
1.0
 10
-9.720000000001024
 20
-102.9533367736813
 30
-0.0000000000000026
 10
-9.719990755707977
 20
-102.9538922900216
 30
-0.0000000000000026
 10
-9.719972350982504
 20
-102.9549982832744
 30
-0.0000000000000026
 10
-9.719899635120807
 20
-102.9566487383935
 30
-0.0000000000000026
 10
-9.719793889851221
 20
-102.958282969276
 30
-0.0000000000000026
 10
-9.719636399627564
 20
-102.9600783681337
 30
-0.0000000000000026
 10
-9.719412862523148
 20
-102.9620306017768
 30
-0.0000000000000026
 10
-9.719105420532108
 20
-102.964134186434
 30
-0.0000000000000026
 10
-9.71867387516607
 20
-102.9665499950337
 30
-0.0000000000000027
 10
-9.718075479247876
 20
-102.9692648840078
 30
-0.0000000000000027
 10
-9.717258677741981
 20
-102.9722598386645
 30
-0.0000000000000027
 10
-9.716299140873756
 20
-102.9751896613444
 30
-0.0000000000000027
 10
-9.714587908969396
 20
-102.979643042767
 30
-0.0000000000000027
 10
-9.711677620045771
 20
-102.9854755441784
 30
-0.0000000000000028
 10
-9.707026050756099
 20
-102.9924157044721
 30
-0.0000000000000029
 10
-9.703197879078653
 20
-102.9965123133363
 30
-0.0000000000000029
 10
-9.701254833996874
 20
-102.9985916076773
 30
-0.0000000000000029
  0
SPLINE
  5
27B
330
1F
100
AcDbEntity
  8
0
 62
     7
370
    -3
100
AcDbSpline
210
0.0
220
0.0
230
1.0
 70
     8
 71
     3
 72
    18
 73
    14
 74
     0
 42
0.0000000001
 43
0.00000001
 40
0.0
 40
0.0
 40
0.0
 40
0.0
 40
0.337858447711983
 40
0.4464996810766604
 40
0.5755023641994825
 40
0.6526757669583969
 40
0.7436446583617786
 40
0.7783547184842162
 40
0.8159664528406281
 40
0.8569354163436625
 40
0.9014657076841225
 40
0.9494983749834515
 40
1.0
 40
1.0
 40
1.0
 40
1.0
 10
-9.70125483399655
 20
-102.3960819396853
 30
-0.0000000000000002
 10
-9.704979834243556
 20
-102.4003850115121
 30
-0.0000000000000002
 10
-9.709902639736688
 20
-102.4060717723769
 30
-0.0000000000000002
 10
-9.71427775717833
 20
-102.4146836274806
 30
-0.0000000000000002
 10
-9.716267365180672
 20
-102.4195693140677
 30
-0.0000000000000002
 10
-9.71774289518852
 20
-102.4243219058046
 30
-0.0000000000000002
 10
-9.718544071979311
 20
-102.4276242690035
 30
-0.0000000000000002
 10
-9.719051304515036
 20
-102.4303099575525
 30
-0.0000000000000003
 10
-9.719352332389084
 20
-102.4321822574644
 30
-0.0000000000000003
 10
-9.719616171705255
 20
-102.4342261377002
 30
-0.0000000000000003
 10
-9.71982601785839
 20
-102.4364514383482
 30
-0.0000000000000003
 10
-9.719971636776767
 20
-102.4388422760919
 30
-0.0000000000000003
 10
-9.719990388969084
 20
-102.440491499709
 30
-0.0000000000000003
 10
-9.720000000000553
 20
-102.4413367736813
 30
-0.0000000000000003
  0
SPLINE
  5
27C
330
1F
100
AcDbEntity
  8
0
 62
     7
370
    -3
100
AcDbSpline
210
0.0
220
0.0
230
1.0
 70
     8
 71
     3
 72
    18
 73
    14
 74
     0
 42
0.0000000001
 43
0.00000001
 40
0.0
 40
0.0
 40
0.0
 40
0.0
 40
0.3378584477128244
 40
0.4464996810774562
 40
0.575502364200237
 40
0.6526757669591291
 40
0.7436446583618866
 40
0.7783547184843033
 40
0.8159664528401536
 40
0.8569354163437235
 40
0.9014657076836079
 40
0.9494983749829207
 40
1.0
 40
1.0
 40
1.0
 40
1.0
 10
-9.09874516600455
 20
-102.9985916076773
 30
-0.0000000000000073
 10
-9.095020165757544
 20
-102.9942885358505
 30
-0.0000000000000073
 10
-9.090097360264412
 20
-102.9886017749856
 30
-0.0000000000000073
 10
-9.085722242822765
 20
-102.9799899198819
 30
-0.0000000000000073
 10
-9.083732634820423
 20
-102.9751042332949
 30
-0.0000000000000073
 10
-9.082257104812566
 20
-102.9703516415579
 30
-0.0000000000000073
 10
-9.081455928021782
 20
-102.9670492783591
 30
-0.0000000000000073
 10
-9.08094869548607
 20
-102.9643635898101
 30
-0.0000000000000073
 10
-9.080647667612011
 20
-102.9624912898982
 30
-0.0000000000000072
 10
-9.080383828295846
 20
-102.9604474096624
 30
-0.0000000000000072
 10
-9.080173982142712
 20
-102.9582221090144
 30
-0.0000000000000072
 10
-9.08002836322433
 20
-102.9558312712707
 30
-0.0000000000000072
 10
-9.08000961103202
 20
-102.9541820476536
 30
-0.0000000000000072
 10
-9.08000000000055
 20
-102.9533367736813
 30
-0.0000000000000072
  0
SPLINE
  5
27D
330
1F
100
AcDbEntity
  8
0
 62
     7
370
    -3
100
AcDbSpline
210
0.0
220
0.0
230
1.0
 70
     8
 71
     3
 72
    21
 73
    17
 74
     0
 42
0.0000000001
 43
0.00000001
 40
0.0
 40
0.0
 40
0.0
 40
0.0
 40
0.0331414621470551
 40
0.0659822778590353
 40
0.0985382024790723
 40
0.1308254084120222
 40
0.1734849860061051
 40
0.215736722834287
 40
0.2576221827321567
 40
0.3198537748659354
 40
0.3815054763188456
 40
0.4427296196799216
 40
0.5036817433028862
 40
0.6659843706798996
 40
0.830465433509646
 40
1.0
 40
1.0
 40
1.0
 40
1.0
 10
-9.080000000000078
 20
-102.4413367736813
 30
-0.0000000000000049
 10
-9.080009244293127
 20
-102.4407812573409
 30
-0.0000000000000049
 10
-9.080027649018595
 20
-102.4396752640881
 30
-0.0000000000000049
 10
-9.08010036488029
 20
-102.4380248089691
 30
-0.0000000000000049
 10
-9.080206110149874
 20
-102.4363905780866
 30
-0.0000000000000049
 10
-9.08036360037354
 20
-102.4345951792289
 30
-0.0000000000000049
 10
-9.08058713747795
 20
-102.4326429455857
 30
-0.0000000000000049
 10
-9.080894579468994
 20
-102.4305393609286
 30
-0.0000000000000049
 10
-9.081326124835032
 20
-102.4281235523289
 30
-0.0000000000000048
 10
-9.081924520753224
 20
-102.4254086633547
 30
-0.0000000000000048
 10
-9.082741322259121
 20
-102.4224137086981
 30
-0.0000000000000048
 10
-9.08370085912734
 20
-102.4194838860182
 30
-0.0000000000000048
 10
-9.085412091031705
 20
-102.4150305045956
 30
-0.0000000000000048
 10
-9.088322379955327
 20
-102.4091980031842
 30
-0.0000000000000047
 10
-9.092973949244996
 20
-102.4022578428905
 30
-0.0000000000000046
 10
-9.096802120922447
 20
-102.3981612340263
 30
-0.0000000000000046
 10
-9.098745166004226
 20
-102.3960819396853
 30
-0.0000000000000046
  0
SPLINE
  5
27E
330
1F
100
AcDbEntity
  8
0
 62
     7
370
    -3
100
AcDbSpline
210
0.0
220
0.0
230
1.0
 70
     8
 71
     3
 72
    14
 73
    10
 74
     0
 42
0.0000000001
 43
0.00000001
 40
0.0
 40
0.0
 40
0.0
 40
0.0
 40
0.0858628456929834
 40
0.1705605506521469
 40
0.254296319308458
 40
0.3785409417022135
 40
0.5018275895520146
 40
0.7483417930726419
 40
1.0
 40
1.0
 40
1.0
 40
1.0
 10
-9.132886516629549
 20
-103.0163644698746
 30
-0.0000000000000071
 10
-9.131788096130615
 20
-103.0161511203014
 30
-0.0000000000000071
 10
-9.129606160467594
 20
-103.0157273162638
 30
-0.0000000000000071
 10
-9.126396068995703
 20
-103.0148984615775
 30
-0.0000000000000072
 10
-9.122751072911592
 20
-103.0137744550456
 30
-0.0000000000000072
 10
-9.11871061350592
 20
-103.0122405986328
 30
-0.0000000000000072
 10
-9.112889896296167
 20
-103.0094869169996
 30
-0.0000000000000072
 10
-9.10594367964764
 20
-103.0052238423235
 30
-0.0000000000000073
 10
-9.101161131682643
 20
-103.000817518757
 30
-0.0000000000000073
 10
-9.09874516600455
 20
-102.9985916076776
 30
-0.0000000000000073
  0
SPLINE
  5
27F
330
1F
100
AcDbEntity
  8
0
 62
     7
370
    -3
100
AcDbSpline
210
0.0
220
0.0
230
1.0
 70
     8
 71
     3
 72
    14
 73
    10
 74
     0
 42
0.0000000001
 43
0.00000001
 40
0.0
 40
0.0
 40
0.0
 40
0.0
 40
0.2509808695237992
 40
0.4972930184263668
 40
0.6206490402103697
 40
0.7450690366610313
 40
0.8289765248133854
 40
0.9138867474671916
 40
1.0
 40
1.0
 40
1.0
 40
1.0
 10
-9.70125483399655
 20
-102.9985916076776
 30
-0.0000000000000029
 10
-9.698845175667854
 20
-103.0008108039222
 30
-0.000000000000003
 10
-9.69407068322974
 20
-103.0052079151484
 30
-0.000000000000003
 10
-9.687132585098546
 20
-103.0094620599745
 30
-0.0000000000000031
 10
-9.68131247489501
 20
-103.0122164357659
 30
-0.0000000000000031
 10
-9.677268286853847
 20
-103.0137542498096
 30
-0.0000000000000032
 10
-9.673617897265988
 20
-103.0148839882594
 30
-0.0000000000000032
 10
-9.67040134136711
 20
-103.0157192561617
 30
-0.0000000000000032
 10
-9.66821456351819
 20
-103.016148392413
 30
-0.0000000000000032
 10
-9.667113483371553
 20
-103.0163644698746
 30
-0.0000000000000033
  0
SPLINE
  5
280
330
1F
100
AcDbEntity
  8
0
 62
     7
370
    -3
100
AcDbSpline
210
0.0
220
0.0
230
1.0
 70
     8
 71
     3
 72
     9
 73
     5
 74
     0
 42
0.0000000001
 43
0.00000001
 40
0.0
 40
0.0
 40
0.0
 40
0.0
 40
0.5599400502688862
 40
1.0
 40
1.0
 40
1.0
 40
1.0
 10
-9.144000000000549
 20
-103.0173367736813
 30
-0.000000000000007
 10
-9.141913612620106
 20
-103.0172856530991
 30
-0.0000000000000071
 10
-9.138187521979795
 20
-103.0171943565716
 30
-0.0000000000000071
 10
-9.13450642151503
 20
-103.0166180703569
 30
-0.0000000000000071
 10
-9.132886516629549
 20
-103.0163644698743
 30
-0.0000000000000071
  0
LINE
  5
281
330
1F
100
AcDbEntity
  8
0
 62
     7
370
    -3
100
AcDbLine
 10
-9.720085036477782
 20
-102.4366710954383
 30
-0.0000000000000003
 11
-9.720255329292986
 21
-102.4413367737073
 31
-0.0000000000000003
  0
SPLINE
  5
282
330
1F
100
AcDbEntity
  8
0
 62
     7
370
    -3
100
AcDbSpline
210
0.0
220
0.0
230
1.0
 70
     8
 71
     3
 72
     9
 73
     5
 74
     0
 42
0.0000000001
 43
0.00000001
 40
0.0
 40
0.0
 40
0.0
 40
0.0
 40
0.5599400502879188
 40
1.0
 40
1.0
 40
1.0
 40
1.0
 10
-9.65600000000055
 20
-102.3773367736813
 30
-0.0000000000000005
 10
-9.658086387383749
 20
-102.3773878942635
 30
-0.0000000000000005
 10
-9.661812478028857
 20
-102.3774791907911
 30
-0.0000000000000004
 10
-9.665493578498149
 20
-102.3780554770078
 30
-0.0000000000000004
 10
-9.66711348338555
 20
-102.3783090774913
 30
-0.0000000000000004
  0
SPLINE
  5
283
330
1F
100
AcDbEntity
  8
0
 62
     7
370
    -3
100
AcDbSpline
210
0.0
220
0.0
230
1.0
 70
     8
 71
     3
 72
     9
 73
     5
 74
     0
 42
0.0000000001
 43
0.00000001
 40
0.0
 40
0.0
 40
0.0
 40
0.0
 40
0.5599400502565306
 40
1.0
 40
1.0
 40
1.0
 40
1.0
 10
-9.65600000000055
 20
-103.0173367736813
 30
-0.0000000000000033
 10
-9.658086387380942
 20
-103.0172856530991
 30
-0.0000000000000033
 10
-9.661812478021256
 20
-103.0171943565715
 30
-0.0000000000000033
 10
-9.665493578486023
 20
-103.0166180703569
 30
-0.0000000000000033
 10
-9.667113483371551
 20
-103.0163644698743
 30
-0.0000000000000033
  0
SPLINE
  5
284
330
1F
100
AcDbEntity
  8
0
 62
     7
370
    -3
100
AcDbSpline
210
0.0
220
0.0
230
1.0
 70
     8
 71
     3
 72
     9
 73
     5
 74
     0
 42
0.0000000001
 43
0.00000001
 40
0.0
 40
0.0
 40
0.0
 40
0.0
 40
0.5599400504211551
 40
1.0
 40
1.0
 40
1.0
 40
1.0
 10
-9.144000000000549
 20
-102.3773367736813
 30
-0.0000000000000042
 10
-9.141913612621918
 20
-102.3773878942632
 30
-0.0000000000000042
 10
-9.138187521985852
 20
-102.3774791907901
 30
-0.0000000000000042
 10
-9.13450642152552
 20
-102.3780554770055
 30
-0.0000000000000042
 10
-9.13288651664255
 20
-102.3783090774883
 30
-0.0000000000000043
  0
LINE
  5
285
330
1F
100
AcDbEntity
  8
0
 62
     7
370
    -3
100
AcDbLine
 10
-6.367999076129456
 20
-102.4413367736813
 30
0.0000000000000033
 11
-8.439993335208595
 21
-102.4413367736813
 31
0.0000000000000043
  0
LINE
  5
286
330
1F
100
AcDbEntity
  8
0
 62
     7
370
    -3
100
AcDbLine
 10
-8.440000000000596
 20
-102.9533367736813
 30
0.000000000000002
 11
-6.367999076128742
 21
-102.9533367736813
 31
0.000000000000001
  0
SPLINE
  5
287
330
1F
100
AcDbEntity
  8
0
 62
     7
370
    -3
100
AcDbSpline
210
0.0
220
0.0
230
1.0
 70
    24
 71
     3
 72
    18
 73
    14
 74
     0
 42
0.0000000001
 43
0.00000001
 40
0.0
 40
0.0
 40
0.0
 40
0.0
 40
0.0009631749472417
 40
0.0444133347148274
 40
0.1043135716026552
 40
0.1794701160574504
 40
0.2686256300155717
 40
0.3703525803163313
 40
0.4828239206482631
 40
0.6041830432215345
 40
0.7248308564543395
 40
0.8499818971295573
 40
1.0
 40
1.0
 40
1.0
 40
1.0
 10
-9.058764286159597
 20
-102.9533367736813
 30
-0.0000000000000074
 10
-9.05856562674004
 20
-102.9533367736813
 30
-0.0000000000000074
 10
-9.049405164956449
 20
-102.9533367736811
 30
-0.0000000000000074
 10
-9.027889994066651
 20
-102.9533367736814
 30
-0.0000000000000076
 10
-8.99107208740315
 20
-102.9533367736812
 30
-0.0000000000000079
 10
-8.944827233786539
 20
-102.9533367736813
 30
-0.0000000000000082
 10
-8.889955421347485
 20
-102.9533367736813
 30
-0.0000000000000086
 10
-8.827387254563737
 20
-102.9533367736813
 30
-0.000000000000009
 10
-8.758176940147814
 20
-102.9533367736812
 30
-0.0000000000000095
 10
-8.685064107650016
 20
-102.9533367736812
 30
-0.0000000000000101
 10
-8.609336026575004
 20
-102.9533367736813
 30
0.0000000000000033
 10
-8.527696894338119
 20
-102.9533367736813
 30
0.0000000000000027
 10
-8.47094194811178
 20
-102.9533367736812
 30
0.0000000000000023
 10
-8.440000000000595
 20
-102.9533367736813
 30
0.000000000000002
  0
LINE
  5
288
330
1F
100
AcDbEntity
  8
0
 62
     7
370
    -3
100
AcDbLine
 10
-8.439993335208595
 20
-102.4413367736813
 30
0.0000000000000043
 11
-9.080000001389381
 21
-102.4413367736813
 31
-0.0000000000000049
  0
LINE
  5
289
330
1F
100
AcDbEntity
  8
0
 62
     7
370
    -3
100
AcDbLine
 10
-8.440013333159595
 20
-103.0173367736813
 30
0.0000000000000018
 11
-9.14399999861159
 21
-103.0173367736813
 31
-0.000000000000007
  0
LINE
  5
28A
330
1F
100
AcDbEntity
  8
0
 62
     7
370
    -3
100
AcDbLine
 10
-6.367999077376991
 20
-103.0173367736813
 30
0.0000000000000007
 11
-8.440013333159596
 21
-103.0173367736813
 31
0.0000000000000018
  0
LINE
  5
28B
330
1F
100
AcDbEntity
  8
0
 62
     7
370
    -3
100
AcDbLine
 10
-8.440000000000595
 20
-102.3773367736813
 30
0.0000000000000046
 11
-6.367999076222989
 21
-102.3773367736813
 31
0.0000000000000035
  0
LINE
  5
28C
330
1F
100
AcDbEntity
  8
0
 62
     7
370
    -3
100
AcDbLine
 10
-9.133953185555947
 20
-102.3773367736813
 30
-0.0000000000000042
 11
-9.10272122140275
 21
-102.3773367736813
 31
-0.0000000000000045
  0
LINE
  5
28D
330
1F
100
AcDbEntity
  8
0
 62
     7
370
    -3
100
AcDbLine
 10
-9.10272122140275
 20
-102.3773367736813
 30
-0.0000000000000045
 11
-8.440000000000595
 21
-102.3773367736813
 31
0.0000000000000046
  0
SPLINE
  5
28E
330
1F
100
AcDbEntity
  8
0
 62
     7
370
    -3
100
AcDbSpline
210
0.0
220
0.0
230
1.0
 70
     8
 71
     3
 72
    14
 73
    10
 74
     0
 42
0.0000000001
 43
0.00000001
 40
0.0
 40
0.0
 40
0.0
 40
0.0
 40
0.085862845692877
 40
0.1705605506522951
 40
0.2542963193086414
 40
0.3785409417024493
 40
0.5018275895523022
 40
0.7483417930730334
 40
1.0
 40
1.0
 40
1.0
 40
1.0
 10
-9.13288651662955
 20
-105.5563644698746
 30
-0.0000000000000046
 10
-9.131788096130615
 20
-105.5561511203014
 30
-0.0000000000000046
 10
-9.129606160467583
 20
-105.5557273162639
 30
-0.0000000000000046
 10
-9.126396068995708
 20
-105.5548984615775
 30
-0.0000000000000047
 10
-9.122751072911589
 20
-105.5537744550456
 30
-0.0000000000000047
 10
-9.118710613505923
 20
-105.5522405986329
 30
-0.0000000000000047
 10
-9.11288989629616
 20
-105.5494869169996
 30
-0.0000000000000047
 10
-9.105943679647647
 20
-105.5452238423235
 30
-0.0000000000000048
 10
-9.101161131682646
 20
-105.5408175187571
 30
-0.0000000000000048
 10
-9.09874516600455
 20
-105.5385916076776
 30
-0.0000000000000048
  0
SPLINE
  5
28F
330
1F
100
AcDbEntity
  8
0
 62
     7
370
    -3
100
AcDbSpline
210
0.0
220
0.0
230
1.0
 70
     8
 71
     3
 72
    14
 73
    10
 74
     0
 42
0.0000000001
 43
0.00000001
 40
0.0
 40
0.0
 40
0.0
 40
0.0
 40
0.2509808695238569
 40
0.4972930184261004
 40
0.6206490402101882
 40
0.7450690366608951
 40
0.8289765248132797
 40
0.9138867474671167
 40
1.0
 40
1.0
 40
1.0
 40
1.0
 10
-9.70125483399655
 20
-105.5385916076776
 30
-0.0000000000000004
 10
-9.698845175667858
 20
-105.5408108039222
 30
-0.0000000000000005
 10
-9.694070683229755
 20
-105.5452079151485
 30
-0.0000000000000005
 10
-9.687132585098539
 20
-105.5494620599745
 30
-0.0000000000000006
 10
-9.681312474895014
 20
-105.5522164357659
 30
-0.0000000000000006
 10
-9.677268286853842
 20
-105.5537542498095
 30
-0.0000000000000007
 10
-9.673617897265991
 20
-105.5548839882594
 30
-0.0000000000000007
 10
-9.670401341367109
 20
-105.5557192561617
 30
-0.0000000000000007
 10
-9.668214563518188
 20
-105.556148392413
 30
-0.0000000000000008
 10
-9.667113483371551
 20
-105.5563644698745
 30
-0.0000000000000008
  0
SPLINE
  5
290
330
1F
100
AcDbEntity
  8
0
 62
     7
370
    -3
100
AcDbSpline
210
0.0
220
0.0
230
1.0
 70
     8
 71
     3
 72
    14
 73
    10
 74
     0
 42
0.0000000001
 43
0.00000001
 40
0.0
 40
0.0
 40
0.0
 40
0.0
 40
0.0858628456812304
 40
0.1705605506317538
 40
0.2542963192816846
 40
0.378540941670502
 40
0.5018275895205355
 40
0.7483417930523921
 40
1.0
 40
1.0
 40
1.0
 40
1.0
 10
-9.66711348338555
 20
-104.9183090774905
 30
0.0000000000000021
 10
-9.668211903883885
 20
-104.9185224270638
 30
0.0000000000000021
 10
-9.670393839545746
 20
-104.9189462311016
 30
0.0000000000000021
 10
-9.673603931015911
 20
-104.9197750857883
 30
0.0000000000000021
 10
-9.677248927098224
 20
-104.9208990923205
 30
0.0000000000000022
 10
-9.681289386501993
 20
-104.9224329487332
 30
0.0000000000000022
 10
-9.6871101037093
 20
-104.9251866303663
 30
0.0000000000000022
 10
-9.694056320355251
 20
-104.9294497050415
 30
0.0000000000000022
 10
-9.698838868319033
 20
-104.9338560286063
 30
0.0000000000000023
 10
-9.70125483399655
 20
-104.936081939685
 30
0.0000000000000023
  0
SPLINE
  5
291
330
1F
100
AcDbEntity
  8
0
 62
     7
370
    -3
100
AcDbSpline
210
0.0
220
0.0
230
1.0
 70
     8
 71
     3
 72
    14
 73
    10
 74
     0
 42
0.0000000001
 43
0.00000001
 40
0.0
 40
0.0
 40
0.0
 40
0.0
 40
0.250980869712908
 40
0.4972930186695212
 40
0.6206490404331015
 40
0.7450690368349489
 40
0.8289765249397092
 40
0.9138867475353595
 40
1.0
 40
1.0
 40
1.0
 40
1.0
 10
-9.09874516600455
 20
-104.936081939685
 30
-0.0000000000000021
 10
-9.101154824335929
 20
-104.933862743438
 30
-0.0000000000000021
 10
-9.105929316778093
 20
-104.9294656322082
 30
-0.000000000000002
 10
-9.112867414914252
 20
-104.9252114873793
 30
-0.0000000000000019
 10
-9.118687525120192
 20
-104.9224571115883
 30
-0.0000000000000019
 10
-9.122731713161823
 20
-104.9209192975459
 30
-0.0000000000000018
 10
-9.126382102749576
 20
-104.9197895590982
 30
-0.0000000000000018
 10
-9.129598658647858
 20
-104.918954291198
 30
-0.0000000000000018
 10
-9.131785436496239
 20
-104.9185251549486
 30
-0.0000000000000018
 10
-9.13288651664255
 20
-104.918309077488
 30
-0.0000000000000018
  0
SPLINE
  5
292
330
1F
100
AcDbEntity
  8
0
 62
     7
370
    -3
100
AcDbSpline
210
0.0
220
0.0
230
1.0
 70
     8
 71
     3
 72
    18
 73
    14
 74
     0
 42
0.0000000001
 43
0.00000001
 40
0.0
 40
0.0
 40
0.0
 40
0.0
 40
0.3378584477123524
 40
0.4464996810769736
 40
0.575502364199742
 40
0.6526757669591544
 40
0.7436446583613657
 40
0.778354718483779
 40
0.8159664528401714
 40
0.8569354163437373
 40
0.9014657076836174
 40
0.9494983749829257
 40
1.0
 40
1.0
 40
1.0
 40
1.0
 10
-9.09874516600455
 20
-105.5385916076773
 30
-0.0000000000000048
 10
-9.09502016575754
 20
-105.5342885358505
 30
-0.0000000000000048
 10
-9.0900973602644
 20
-105.5286017749856
 30
-0.0000000000000048
 10
-9.085722242822769
 20
-105.519989919882
 30
-0.0000000000000048
 10
-9.083732634820413
 20
-105.5151042332949
 30
-0.0000000000000048
 10
-9.082257104812577
 20
-105.5103516415579
 30
-0.0000000000000048
 10
-9.081455928021779
 20
-105.507049278359
 30
-0.0000000000000048
 10
-9.080948695486066
 20
-105.5043635898101
 30
-0.0000000000000048
 10
-9.080647667612014
 20
-105.5024912898981
 30
-0.0000000000000048
 10
-9.080383828295844
 20
-105.5004474096624
 30
-0.0000000000000047
 10
-9.080173982142712
 20
-105.4982221090144
 30
-0.0000000000000047
 10
-9.08002836322433
 20
-105.4958312712707
 30
-0.0000000000000047
 10
-9.08000961103202
 20
-105.4941820476537
 30
-0.0000000000000047
 10
-9.080000000000549
 20
-105.4933367736813
 30
-0.0000000000000047
  0
SPLINE
  5
293
330
1F
100
AcDbEntity
  8
0
 62
     7
370
    -3
100
AcDbSpline
210
0.0
220
0.0
230
1.0
 70
     8
 71
     3
 72
    21
 73
    17
 74
     0
 42
0.0000000001
 43
0.00000001
 40
0.0
 40
0.0
 40
0.0
 40
0.0
 40
0.0331414621470409
 40
0.065982277859007
 40
0.0985382024790299
 40
0.130825408411966
 40
0.1734849860060305
 40
0.2157367228341943
 40
0.2576221827320459
 40
0.3198537748657979
 40
0.3815054763186815
 40
0.4427296196797312
 40
0.5036817433031846
 40
0.6659843706796492
 40
0.8304654335093055
 40
1.0
 40
1.0
 40
1.0
 40
1.0
 10
-9.080000000000078
 20
-104.9813367736813
 30
-0.0000000000000024
 10
-9.080009244293125
 20
-104.980781257341
 30
-0.0000000000000024
 10
-9.080027649018598
 20
-104.9796752640881
 30
-0.0000000000000024
 10
-9.080100364880295
 20
-104.9780248089692
 30
-0.0000000000000024
 10
-9.080206110149874
 20
-104.9763905780866
 30
-0.0000000000000024
 10
-9.080363600373543
 20
-104.9745951792289
 30
-0.0000000000000024
 10
-9.080587137477949
 20
-104.9726429455857
 30
-0.0000000000000024
 10
-9.080894579468993
 20
-104.9705393609286
 30
-0.0000000000000024
 10
-9.08132612483503
 20
-104.9681235523289
 30
-0.0000000000000024
 10
-9.081924520753228
 20
-104.9654086633548
 30
-0.0000000000000023
 10
-9.082741322259123
 20
-104.9624137086982
 30
-0.0000000000000023
 10
-9.083700859127347
 20
-104.9594838860181
 30
-0.0000000000000023
 10
-9.085412091031685
 20
-104.9550305045956
 30
-0.0000000000000023
 10
-9.088322379955343
 20
-104.9491980031842
 30
-0.0000000000000022
 10
-9.092973949245001
 20
-104.9422578428905
 30
-0.0000000000000022
 10
-9.096802120922453
 20
-104.9381612340264
 30
-0.0000000000000021
 10
-9.098745166004228
 20
-104.9360819396853
 30
-0.0000000000000021
  0
SPLINE
  5
294
330
1F
100
AcDbEntity
  8
0
 62
     7
370
    -3
100
AcDbSpline
210
0.0
220
0.0
230
1.0
 70
     8
 71
     3
 72
    21
 73
    17
 74
     0
 42
0.0000000001
 43
0.00000001
 40
0.0
 40
0.0
 40
0.0
 40
0.0
 40
0.0331414621470376
 40
0.065982277859002
 40
0.0985382024790217
 40
0.1308254084125014
 40
0.1734849860060134
 40
0.2157367228347241
 40
0.2576221827325716
 40
0.3198537748663174
 40
0.3815054763191951
 40
0.4427296196802388
 40
0.5036817433031711
 40
0.6659843706800987
 40
0.8304654335097582
 40
1.0
 40
1.0
 40
1.0
 40
1.0
 10
-9.720000000001024
 20
-105.4933367736813
 30
-0.0000000000000001
 10
-9.719990755707977
 20
-105.4938922900216
 30
-0.0000000000000001
 10
-9.719972350982506
 20
-105.4949982832745
 30
-0.0000000000000001
 10
-9.719899635120806
 20
-105.4966487383934
 30
-0.0000000000000001
 10
-9.71979388985122
 20
-105.498282969276
 30
-0.0000000000000001
 10
-9.719636399627566
 20
-105.5000783681337
 30
-0.0000000000000001
 10
-9.719412862523145
 20
-105.5020306017768
 30
-0.0000000000000001
 10
-9.719105420532106
 20
-105.504134186434
 30
-0.0000000000000002
 10
-9.71867387516607
 20
-105.5065499950337
 30
-0.0000000000000002
 10
-9.718075479247874
 20
-105.5092648840079
 30
-0.0000000000000002
 10
-9.71725867774198
 20
-105.5122598386644
 30
-0.0000000000000002
 10
-9.716299140873756
 20
-105.5151896613444
 30
-0.0000000000000002
 10
-9.714587908969396
 20
-105.519643042767
 30
-0.0000000000000003
 10
-9.71167762004577
 20
-105.5254755441784
 30
-0.0000000000000003
 10
-9.707026050756106
 20
-105.5324157044721
 30
-0.0000000000000004
 10
-9.703197879078655
 20
-105.5365123133363
 30
-0.0000000000000004
 10
-9.701254833996874
 20
-105.5385916076773
 30
-0.0000000000000004
  0
SPLINE
  5
295
330
1F
100
AcDbEntity
  8
0
 62
     7
370
    -3
100
AcDbSpline
210
0.0
220
0.0
230
1.0
 70
     8
 71
     3
 72
    18
 73
    14
 74
     0
 42
0.0000000001
 43
0.00000001
 40
0.0
 40
0.0
 40
0.0
 40
0.0
 40
0.3378584477122603
 40
0.4464996810768857
 40
0.5755023641991335
 40
0.6526757669580107
 40
0.7436446583613489
 40
0.7783547184837698
 40
0.8159664528401636
 40
0.8569354163431784
 40
0.901465707683617
 40
0.949498374982923
 40
1.0
 40
1.0
 40
1.0
 40
1.0
 10
-9.70125483399655
 20
-104.9360819396853
 30
0.0000000000000023
 10
-9.704979834243556
 20
-104.9403850115121
 30
0.0000000000000023
 10
-9.709902639736686
 20
-104.946071772377
 30
0.0000000000000023
 10
-9.71427775717832
 20
-104.9546836274806
 30
0.0000000000000023
 10
-9.716267365180677
 20
-104.9595693140677
 30
0.0000000000000023
 10
-9.717742895188522
 20
-104.9643219058046
 30
0.0000000000000023
 10
-9.718544071979315
 20
-104.9676242690035
 30
0.0000000000000022
 10
-9.719051304515036
 20
-104.9703099575525
 30
0.0000000000000022
 10
-9.719352332389082
 20
-104.9721822574644
 30
0.0000000000000022
 10
-9.719616171705256
 20
-104.9742261377002
 30
0.0000000000000022
 10
-9.719826017858392
 20
-104.9764514383482
 30
0.0000000000000022
 10
-9.719971636776766
 20
-104.9788422760919
 30
0.0000000000000022
 10
-9.71999038896908
 20
-104.980491499709
 30
0.0000000000000022
 10
-9.720000000000551
 20
-104.9813367736813
 30
0.0000000000000022
  0
SPLINE
  5
296
330
1F
100
AcDbEntity
  8
0
 62
     7
370
    -3
100
AcDbSpline
210
0.0
220
0.0
230
1.0
 70
     8
 71
     3
 72
     9
 73
     5
 74
     0
 42
0.0000000001
 43
0.00000001
 40
0.0
 40
0.0
 40
0.0
 40
0.0
 40
0.5599400502690751
 40
1.0
 40
1.0
 40
1.0
 40
1.0
 10
-9.144000000000549
 20
-105.5573367736813
 30
-0.0000000000000045
 10
-9.141913612620105
 20
-105.5572856530991
 30
-0.0000000000000046
 10
-9.138187521979795
 20
-105.5571943565715
 30
-0.0000000000000046
 10
-9.134506421515031
 20
-105.5566180703569
 30
-0.0000000000000046
 10
-9.132886516629549
 20
-105.5563644698743
 30
-0.0000000000000046
  0
LINE
  5
297
330
1F
100
AcDbEntity
  8
0
 62
     7
370
    -3
100
AcDbLine
 10
-9.720085036477672
 20
-104.9766710954413
 30
0.0000000000000022
 11
-9.720255329292987
 21
-104.9813367736975
 31
0.0000000000000022
  0
SPLINE
  5
298
330
1F
100
AcDbEntity
  8
0
 62
     7
370
    -3
100
AcDbSpline
210
0.0
220
0.0
230
1.0
 70
     8
 71
     3
 72
     9
 73
     5
 74
     0
 42
0.0000000001
 43
0.00000001
 40
0.0
 40
0.0
 40
0.0
 40
0.0
 40
0.5599400502882278
 40
1.0
 40
1.0
 40
1.0
 40
1.0
 10
-9.65600000000055
 20
-104.9173367736813
 30
0.000000000000002
 10
-9.65808638738375
 20
-104.9173878942635
 30
0.000000000000002
 10
-9.66181247802886
 20
-104.9174791907911
 30
0.0000000000000021
 10
-9.665493578498149
 20
-104.9180554770078
 30
0.0000000000000021
 10
-9.66711348338555
 20
-104.9183090774913
 30
0.0000000000000021
  0
SPLINE
  5
299
330
1F
100
AcDbEntity
  8
0
 62
     7
370
    -3
100
AcDbSpline
210
0.0
220
0.0
230
1.0
 70
     8
 71
     3
 72
     9
 73
     5
 74
     0
 42
0.0000000001
 43
0.00000001
 40
0.0
 40
0.0
 40
0.0
 40
0.0
 40
0.5599400502567194
 40
1.0
 40
1.0
 40
1.0
 40
1.0
 10
-9.65600000000055
 20
-105.5573367736813
 30
-0.0000000000000008
 10
-9.658086387380946
 20
-105.5572856530991
 30
-0.0000000000000008
 10
-9.661812478021254
 20
-105.5571943565715
 30
-0.0000000000000008
 10
-9.665493578486025
 20
-105.5566180703569
 30
-0.0000000000000008
 10
-9.667113483371551
 20
-105.5563644698743
 30
-0.0000000000000008
  0
SPLINE
  5
29A
330
1F
100
AcDbEntity
  8
0
 62
     7
370
    -3
100
AcDbSpline
210
0.0
220
0.0
230
1.0
 70
     8
 71
     3
 72
     9
 73
     5
 74
     0
 42
0.0000000001
 43
0.00000001
 40
0.0
 40
0.0
 40
0.0
 40
0.0
 40
0.5599400504211551
 40
1.0
 40
1.0
 40
1.0
 40
1.0
 10
-9.144000000000549
 20
-104.9173367736813
 30
-0.0000000000000017
 10
-9.141913612621918
 20
-104.9173878942632
 30
-0.0000000000000017
 10
-9.138187521985852
 20
-104.9174791907901
 30
-0.0000000000000017
 10
-9.13450642152552
 20
-104.9180554770054
 30
-0.0000000000000017
 10
-9.13288651664255
 20
-104.9183090774883
 30
-0.0000000000000018
  0
LINE
  5
29B
330
1F
100
AcDbEntity
  8
0
 62
     7
370
    -3
100
AcDbLine
 10
-6.367999076129456
 20
-104.9813367736813
 30
0.0000000000000058
 11
-8.439993335208595
 21
-104.9813367736813
 31
0.0000000000000068
  0
LINE
  5
29C
330
1F
100
AcDbEntity
  8
0
 62
     7
370
    -3
100
AcDbLine
 10
-8.440000000000596
 20
-105.4933367736812
 30
0.0000000000000045
 11
-6.367999076128742
 21
-105.4933367736812
 31
0.0000000000000035
  0
SPLINE
  5
29D
330
1F
100
AcDbEntity
  8
0
 62
     7
370
    -3
100
AcDbSpline
210
0.0
220
0.0
230
1.0
 70
    24
 71
     3
 72
    18
 73
    14
 74
     0
 42
0.0000000001
 43
0.00000001
 40
0.0
 40
0.0
 40
0.0
 40
0.0
 40
0.0009631749472417
 40
0.0444133347148246
 40
0.1043135716026552
 40
0.1794701160574504
 40
0.2686256300155717
 40
0.3703525803163313
 40
0.4828239206482631
 40
0.6041830432215345
 40
0.7248308564543395
 40
0.8499818971295573
 40
1.0
 40
1.0
 40
1.0
 40
1.0
 10
-9.058764286159597
 20
-105.4933367736812
 30
-0.0000000000000049
 10
-9.05856562674004
 20
-105.4933367736812
 30
-0.0000000000000049
 10
-9.049405164956445
 20
-105.4933367736817
 30
-0.0000000000000049
 10
-9.027889994066655
 20
-105.493336773681
 30
-0.0000000000000051
 10
-8.991072087403149
 20
-105.4933367736813
 30
-0.0000000000000054
 10
-8.94482723378654
 20
-105.4933367736812
 30
-0.0000000000000057
 10
-8.889955421347485
 20
-105.4933367736813
 30
-0.0000000000000061
 10
-8.827387254563737
 20
-105.4933367736813
 30
-0.0000000000000065
 10
-8.758176940147814
 20
-105.4933367736812
 30
-0.000000000000007
 10
-8.685064107650016
 20
-105.4933367736812
 30
-0.0000000000000076
 10
-8.609336026575004
 20
-105.4933367736813
 30
0.0000000000000058
 10
-8.527696894338119
 20
-105.4933367736812
 30
0.0000000000000052
 10
-8.47094194811178
 20
-105.4933367736812
 30
0.0000000000000048
 10
-8.440000000000595
 20
-105.4933367736812
 30
0.0000000000000045
  0
LINE
  5
29E
330
1F
100
AcDbEntity
  8
0
 62
     7
370
    -3
100
AcDbLine
 10
-8.439993335208595
 20
-104.9813367736813
 30
0.0000000000000068
 11
-9.080000001389381
 21
-104.9813367736813
 31
-0.0000000000000024
  0
LINE
  5
29F
330
1F
100
AcDbEntity
  8
0
 62
     7
370
    -3
100
AcDbLine
 10
-8.440000000000595
 20
-104.9173367736813
 30
0.0000000000000071
 11
-6.367999076222989
 21
-104.9173367736813
 31
0.000000000000006
  0
LINE
  5
2A0
330
1F
100
AcDbEntity
  8
0
 62
     7
370
    -3
100
AcDbLine
 10
-9.13395318555595
 20
-104.9173367736813
 30
-0.0000000000000017
 11
-9.102721221402758
 21
-104.9173367736813
 31
-0.000000000000002
  0
LINE
  5
2A1
330
1F
100
AcDbEntity
  8
0
 62
     7
370
    -3
100
AcDbLine
 10
-9.102721221402758
 20
-104.9173367736813
 30
-0.000000000000002
 11
-8.440000000000595
 21
-104.9173367736813
 31
0.0000000000000071
  0
LINE
  5
2A2
330
1F
100
AcDbEntity
  8
0
 62
     7
370
    -3
100
AcDbLine
 10
-8.440013333159595
 20
-105.5573367736813
 30
0.0000000000000043
 11
-9.14399999861159
 21
-105.5573367736813
 31
-0.0000000000000045
  0
LINE
  5
2A3
330
1F
100
AcDbEntity
  8
0
 62
     7
370
    -3
100
AcDbLine
 10
-6.367999077376991
 20
-105.5573367736813
 30
0.0000000000000032
 11
-8.440013333159596
 21
-105.5573367736813
 31
0.0000000000000043
  0
LINE
  5
2A6
330
1F
100
AcDbEntity
  8
Hidden
370
    -3
100
AcDbLine
 10
-1.290000000000595
 20
-75.01333677368127
 30
0.0
 11
-1.290000000000595
 21
-74.50133677368126
 31
0.0
  0
LINE
  5
2A7
330
1F
100
AcDbEntity
  8
Hidden
370
    -3
100
AcDbLine
 10
-0.6500000000005958
 20
-74.55018604133424
 30
0.0
 11
-0.6500000000005958
 21
-74.96448750602826
 31
0.0
  0
LINE
  5
2A8
330
1F
100
AcDbEntity
  8
Hidden
370
    -3
100
AcDbLine
 10
-1.183690880835759
 20
-75.0585916076768
 30
0.0
 11
-0.6500000000008386
 21
-74.96448750602757
 31
0.0
  0
LINE
  5
2A9
330
1F
100
AcDbEntity
  8
Hidden
370
    -3
100
AcDbLine
 10
-0.6500000000008386
 20
-74.55018604133494
 30
0.0
 11
-1.183690880835759
 21
-74.45608193968573
 31
0.0
  0
LINE
  5
2AA
330
1F
100
AcDbEntity
  8
Hidden
 62
     7
370
    -3
100
AcDbLine
 10
-4.100000000000591
 20
-78.31733677368126
 30
0.0
 11
-3.650000000000591
 21
-78.31733677368126
 31
0.0
  0
LINE
  5
2AB
330
1F
100
AcDbEntity
  8
Hidden
 62
     7
370
    -3
100
AcDbLine
 10
-6.150000000000589
 20
-78.31733677368126
 30
0.0
 11
-4.100000000000591
 21
-78.31733677368126
 31
0.0
  0
LINE
  5
2AC
330
1F
100
AcDbEntity
  8
Hidden
 62
     7
370
    -3
100
AcDbLine
 10
-6.150000000000589
 20
-78.31733677368126
 30
0.0
 11
-6.150000000000587
 21
-78.06733677368126
 31
0.0
  0
LINE
  5
2AD
330
1F
100
AcDbEntity
  8
Hidden
 62
     7
370
    -3
100
AcDbLine
 10
-6.150000000000587
 20
-78.06733677368126
 30
0.0
 11
-3.65000000000059
 21
-78.06733677368126
 31
0.0
  0
LINE
  5
2AE
330
1F
100
AcDbEntity
  8
Hidden
 62
     7
370
    -3
100
AcDbLine
 10
-3.650000000000591
 20
-78.31733677368126
 30
0.0
 11
-3.65000000000059
 21
-78.06733677368126
 31
0.0
  0
LINE
  5
2AF
330
1F
100
AcDbEntity
  8
Hidden
 62
     7
370
    -3
100
AcDbLine
 10
-6.150000000000587
 20
-76.52733677368126
 30
0.0
 11
-6.150000000000589
 21
-76.27733677368126
 31
0.0
  0
LINE
  5
2B0
330
1F
100
AcDbEntity
  8
Hidden
 62
     7
370
    -3
100
AcDbLine
 10
-6.150000000000587
 20
-78.06733677368126
 30
0.0
 11
-6.150000000000587
 21
-76.52733677368126
 31
0.0
  0
LINE
  5
2B1
330
1F
100
AcDbEntity
  8
Hidden
 62
     7
370
    -3
100
AcDbLine
 10
-6.150000000000587
 20
-76.52733677368126
 30
0.0
 11
-3.65000000000059
 21
-76.52733677368126
 31
0.0
  0
LINE
  5
2B2
330
1F
100
AcDbEntity
  8
Hidden
 62
     7
370
    -3
100
AcDbLine
 10
-6.150000000000589
 20
-76.27733677368126
 30
0.0
 11
-4.100000000000591
 21
-76.27733677368126
 31
0.0
  0
LINE
  5
2B3
330
1F
100
AcDbEntity
  8
Hidden
 62
     7
370
    -3
100
AcDbLine
 10
-3.650000000000591
 20
-76.27733677368126
 30
0.0
 11
-4.100000000000591
 21
-76.27733677368126
 31
0.0
  0
LINE
  5
2B4
330
1F
100
AcDbEntity
  8
Hidden
 62
     7
370
    -3
100
AcDbLine
 10
-3.65000000000059
 20
-76.52733677368126
 30
0.0
 11
-3.650000000000591
 21
-76.27733677368126
 31
0.0
  0
LINE
  5
2B5
330
1F
100
AcDbEntity
  8
Hidden
 62
     7
370
    -3
100
AcDbLine
 10
-3.65000000000059
 20
-78.06733677368126
 30
0.0
 11
-3.65000000000059
 21
-76.52733677368126
 31
0.0
  0
LINE
  5
2B6
330
1F
100
AcDbEntity
  8
Hidden
 62
     7
370
    -3
100
AcDbLine
 10
-6.00000000000059
 20
-76.12733677368126
 30
0.0
 11
-6.150000000000589
 21
-76.27733677368126
 31
0.0
  0
LINE
  5
2B7
330
1F
100
AcDbEntity
  8
Hidden
 62
     7
370
    -3
100
AcDbLine
 10
-6.00000000000059
 20
-78.46733677368127
 30
0.0
 11
-6.00000000000059
 21
-78.56733677368126
 31
0.0
  0
LINE
  5
2B8
330
1F
100
AcDbEntity
  8
Hidden
 62
     7
370
    -3
100
AcDbLine
 10
-6.00000000000059
 20
-76.02733677368126
 30
0.0
 11
-6.00000000000059
 21
-76.12733677368126
 31
0.0
  0
LINE
  5
2B9
330
1F
100
AcDbEntity
  8
Hidden
 62
     7
370
    -3
100
AcDbLine
 10
-4.25000000000059
 20
-76.12733677368126
 30
0.0
 11
-4.25000000000059
 21
-76.02733677368126
 31
0.0
  0
LINE
  5
2BA
330
1F
100
AcDbEntity
  8
Hidden
 62
     7
370
    -3
100
AcDbLine
 10
-4.100000000000591
 20
-76.27733677368126
 30
0.0
 11
-4.25000000000059
 21
-76.12733677368126
 31
0.0
  0
LINE
  5
2BB
330
1F
100
AcDbEntity
  8
Hidden
 62
     7
370
    -3
100
AcDbLine
 10
-4.25000000000059
 20
-78.46733677368127
 30
0.0
 11
-4.100000000000591
 21
-78.31733677368126
 31
0.0
  0
LINE
  5
2BC
330
1F
100
AcDbEntity
  8
Hidden
 62
     7
370
    -3
100
AcDbLine
 10
-4.25000000000059
 20
-78.56733677368126
 30
0.0
 11
-4.25000000000059
 21
-78.46733677368127
 31
0.0
  0
LINE
  5
2BD
330
1F
100
AcDbEntity
  8
Hidden
 62
     7
370
    -3
100
AcDbLine
 10
-6.00000000000059
 20
-78.56733677368126
 30
0.0
 11
-4.25000000000059
 21
-78.56733677368126
 31
0.0
  0
LINE
  5
2BE
330
1F
100
AcDbEntity
  8
Hidden
 62
     7
370
    -3
100
AcDbLine
 10
-6.150000000000589
 20
-78.31733677368126
 30
0.0
 11
-6.00000000000059
 21
-78.46733677368127
 31
0.0
  0
LINE
  5
2BF
330
1F
100
AcDbEntity
  8
Hidden
 62
     7
370
    -3
100
AcDbLine
 10
-4.250000000000592
 20
-78.46733677368127
 30
0.0
 11
-4.250000000000592
 21
-78.31733677368128
 31
0.0
  0
LINE
  5
2C0
330
1F
100
AcDbEntity
  8
Hidden
 62
     7
370
    -3
100
AcDbLine
 10
-4.250000000000592
 20
-78.31733677368128
 30
0.0
 11
-4.250000000000592
 21
-78.06733677368128
 31
0.0
  0
LINE
  5
2C1
330
1F
100
AcDbEntity
  8
Hidden
 62
     7
370
    -3
100
AcDbLine
 10
-4.250000000000592
 20
-78.06733677368128
 30
0.0
 11
-4.250000000000592
 21
-76.52733677368127
 31
0.0
  0
LINE
  5
2C2
330
1F
100
AcDbEntity
  8
Hidden
 62
     7
370
    -3
100
AcDbLine
 10
-4.250000000000592
 20
-76.52733677368127
 30
0.0
 11
-4.250000000000592
 21
-76.27733677368127
 31
0.0
  0
LINE
  5
2C3
330
1F
100
AcDbEntity
  8
Hidden
 62
     7
370
    -3
100
AcDbLine
 10
-4.250000000000592
 20
-76.27733677368127
 30
0.0
 11
-4.250000000000592
 21
-76.12733677368126
 31
0.0
  0
LINE
  5
2C4
330
1F
100
AcDbEntity
  8
Hidden
 62
     7
370
    -3
100
AcDbLine
 10
-6.150000000000587
 20
-79.06733677368126
 30
0.0
 11
-6.150000000000589
 21
-78.81733677368126
 31
0.0
  0
LINE
  5
2C5
330
1F
100
AcDbEntity
  8
Hidden
 62
     7
370
    -3
100
AcDbLine
 10
-6.150000000000587
 20
-80.60733677368125
 30
0.0
 11
-6.150000000000587
 21
-79.06733677368126
 31
0.0
  0
LINE
  5
2C6
330
1F
100
AcDbEntity
  8
Hidden
 62
     7
370
    -3
100
AcDbLine
 10
-6.150000000000589
 20
-80.85733677368125
 30
0.0
 11
-6.150000000000587
 21
-80.60733677368125
 31
0.0
  0
LINE
  5
2C7
330
1F
100
AcDbEntity
  8
Hidden
 62
     7
370
    -3
100
AcDbLine
 10
-6.150000000000587
 20
-79.06733677368126
 30
0.0
 11
-5.558504116808544
 21
-79.06733677368126
 31
0.0
  0
LINE
  5
2C8
330
1F
100
AcDbEntity
  8
Hidden
 62
     7
370
    -3
100
AcDbLine
 10
-4.637494035448638
 20
-79.06733677368126
 30
0.0
 11
-3.65000000000059
 21
-79.06733677368126
 31
0.0
  0
LINE
  5
2C9
330
1F
100
AcDbEntity
  8
Hidden
 62
     7
370
    -3
100
AcDbLine
 10
-6.150000000000589
 20
-78.81733677368126
 30
0.0
 11
-5.220398357892633
 21
-78.81733677368126
 31
0.0
  0
LINE
  5
2CA
330
1F
100
AcDbEntity
  8
Hidden
 62
     7
370
    -3
100
AcDbLine
 10
-4.975599794364549
 20
-78.81733677368126
 30
0.0
 11
-4.100000000000591
 21
-78.81733677368126
 31
0.0
  0
LINE
  5
2CB
330
1F
100
AcDbEntity
  8
Hidden
 62
     7
370
    -3
100
AcDbLine
 10
-3.650000000000591
 20
-78.81733677368126
 30
0.0
 11
-4.100000000000591
 21
-78.81733677368126
 31
0.0
  0
LINE
  5
2CC
330
1F
100
AcDbEntity
  8
Hidden
 62
     7
370
    -3
100
AcDbLine
 10
-3.65000000000059
 20
-79.06733677368126
 30
0.0
 11
-3.650000000000591
 21
-78.81733677368126
 31
0.0
  0
LINE
  5
2CD
330
1F
100
AcDbEntity
  8
Hidden
 62
     7
370
    -3
100
AcDbLine
 10
-3.650000000000591
 20
-80.85733677368125
 30
0.0
 11
-3.65000000000059
 21
-80.60733677368125
 31
0.0
  0
LINE
  5
2CE
330
1F
100
AcDbEntity
  8
Hidden
 62
     7
370
    -3
100
AcDbLine
 10
-3.65000000000059
 20
-80.60733677368125
 30
0.0
 11
-3.65000000000059
 21
-79.06733677368126
 31
0.0
  0
LINE
  5
2CF
330
1F
100
AcDbEntity
  8
Hidden
 62
     7
370
    -3
100
AcDbLine
 10
-4.100000000000591
 20
-80.85733677368125
 30
0.0
 11
-3.650000000000591
 21
-80.85733677368125
 31
0.0
  0
LINE
  5
2D0
330
1F
100
AcDbEntity
  8
Hidden
 62
     7
370
    -3
100
AcDbLine
 10
-6.150000000000589
 20
-80.85733677368125
 30
0.0
 11
-4.100000000000591
 21
-80.85733677368125
 31
0.0
  0
LINE
  5
2D1
330
1F
100
AcDbEntity
  8
Hidden
 62
     7
370
    -3
100
AcDbLine
 10
-6.150000000000587
 20
-80.60733677368125
 30
0.0
 11
-3.65000000000059
 21
-80.60733677368125
 31
0.0
  0
LINE
  5
2D2
330
1F
100
AcDbEntity
  8
Hidden
 62
     7
370
    -3
100
AcDbLine
 10
-6.00000000000059
 20
-78.56733677368126
 30
0.0
 11
-4.25000000000059
 21
-78.56733677368126
 31
0.0
  0
LINE
  5
2D3
330
1F
100
AcDbEntity
  8
Hidden
 62
     7
370
    -3
100
AcDbLine
 10
-6.00000000000059
 20
-78.56733677368126
 30
0.0
 11
-6.00000000000059
 21
-78.66733677368126
 31
0.0
  0
LINE
  5
2D4
330
1F
100
AcDbEntity
  8
Hidden
 62
     7
370
    -3
100
AcDbLine
 10
-6.00000000000059
 20
-78.66733677368126
 30
0.0
 11
-6.150000000000589
 21
-78.81733677368126
 31
0.0
  0
LINE
  5
2D5
330
1F
100
AcDbEntity
  8
Hidden
 62
     7
370
    -3
100
AcDbLine
 10
-4.25000000000059
 20
-78.66733677368126
 30
0.0
 11
-4.25000000000059
 21
-78.56733677368126
 31
0.0
  0
LINE
  5
2D6
330
1F
100
AcDbEntity
  8
Hidden
 62
     7
370
    -3
100
AcDbLine
 10
-4.100000000000591
 20
-78.81733677368126
 30
0.0
 11
-4.25000000000059
 21
-78.66733677368126
 31
0.0
  0
LINE
  5
2D7
330
1F
100
AcDbEntity
  8
Hidden
 62
     7
370
    -3
100
AcDbLine
 10
-4.25000000000059
 20
-81.00733677368127
 30
0.0
 11
-4.100000000000591
 21
-80.85733677368125
 31
0.0
  0
LINE
  5
2D8
330
1F
100
AcDbEntity
  8
Hidden
 62
     7
370
    -3
100
AcDbLine
 10
-4.25000000000059
 20
-81.10733677368125
 30
0.0
 11
-4.25000000000059
 21
-81.00733677368127
 31
0.0
  0
LINE
  5
2D9
330
1F
100
AcDbEntity
  8
Hidden
 62
     7
370
    -3
100
AcDbLine
 10
-6.00000000000059
 20
-81.10733677368125
 30
0.0
 11
-4.25000000000059
 21
-81.10733677368125
 31
0.0
  0
LINE
  5
2DA
330
1F
100
AcDbEntity
  8
Hidden
 62
     7
370
    -3
100
AcDbLine
 10
-6.00000000000059
 20
-81.00733677368127
 30
0.0
 11
-6.00000000000059
 21
-81.10733677368125
 31
0.0
  0
LINE
  5
2DB
330
1F
100
AcDbEntity
  8
Hidden
 62
     7
370
    -3
100
AcDbLine
 10
-6.150000000000589
 20
-80.85733677368125
 30
0.0
 11
-6.00000000000059
 21
-81.00733677368127
 31
0.0
  0
LINE
  5
2DC
330
1F
100
AcDbEntity
  8
Hidden
 62
     7
370
    -3
100
AcDbLine
 10
-4.250000000000592
 20
-81.00733677368127
 30
0.0
 11
-4.250000000000592
 21
-80.85733677368127
 31
0.0
  0
LINE
  5
2DD
330
1F
100
AcDbEntity
  8
Hidden
 62
     7
370
    -3
100
AcDbLine
 10
-4.250000000000592
 20
-80.85733677368127
 30
0.0
 11
-4.250000000000592
 21
-80.60733677368127
 31
0.0
  0
LINE
  5
2DE
330
1F
100
AcDbEntity
  8
Hidden
 62
     7
370
    -3
100
AcDbLine
 10
-4.250000000000592
 20
-80.60733677368127
 30
0.0
 11
-4.250000000000592
 21
-78.66733677368126
 31
0.0
  0
LINE
  5
2DF
330
1F
100
AcDbEntity
  8
Hidden
370
    -3
100
AcDbLine
 10
-1.290000000000595
 20
-77.55333677368125
 30
0.0
 11
-1.290000000000595
 21
-77.04133677368125
 31
0.0
  0
ELLIPSE
  5
2E0
330
1F
100
AcDbEntity
  8
Hidden
370
    -3
100
AcDbEllipse
 10
-8.4399904763016
 20
-77.55333677368124
 30
0.0000000000000048
 11
8.674667985916245E-16
 21
-0.064
 31
-5.162225293324156E-32
210
1.093276134963041E-44
220
-8.065977020818993E-31
230
1.0
 40
0.0003081026025338
 41
4.712388980384685
 42
6.283185307179586
  0
ELLIPSE
  5
2E1
330
1F
100
AcDbEntity
  8
Hidden
370
    -3
100
AcDbEllipse
 10
-8.4399809526036
 20
-77.04133677368125
 30
-0.0000000000000067
 11
-8.535083670729966E-20
 21
0.06399999999999999
 31
5.110317601077246E-32
210
-1.064867878642538E-48
220
7.984871251683199E-31
230
-1.0
 40
0.0002976155840131
 41
4.712388980384694
 42
6.283185307179586
  0
LINE
  5
2E2
330
1F
100
AcDbEntity
  8
Hidden
370
    -3
100
AcDbLine
 10
-0.6500000000005958
 20
-77.09018604133425
 30
0.0
 11
-0.6500000000005958
 21
-77.50448750602825
 31
0.0
  0
LINE
  5
2E3
330
1F
100
AcDbEntity
  8
Hidden
370
    -3
100
AcDbLine
 10
-1.183690880835759
 20
-77.5985916076768
 30
0.0
 11
-0.6500000000008386
 21
-77.50448750602756
 31
0.0
  0
LINE
  5
2E4
330
1F
100
AcDbEntity
  8
Hidden
370
    -3
100
AcDbLine
 10
-0.6500000000008386
 20
-77.09018604133495
 30
0.0
 11
-1.183690880835759
 21
-76.99608193968571
 31
0.0
  0
LINE
  5
2E5
330
1F
100
AcDbEntity
  8
Hidden
370
    -3
100
AcDbLine
 10
-1.290000000000595
 20
-80.09333677368127
 30
0.0
 11
-1.290000000000595
 21
-79.58133677368126
 31
0.0
  0
ELLIPSE
  5
2E6
330
1F
100
AcDbEntity
  8
Hidden
370
    -3
100
AcDbEllipse
 10
-8.4399904763016
 20
-80.09333677368126
 30
-0.0000000000000065
 11
8.674667985916245E-16
 21
-0.064
 31
-5.162225293324156E-32
210
1.093276134963041E-44
220
-8.065977020818993E-31
230
1.0
 40
0.0003081026025338
 41
4.712388980384685
 42
5.517928737987903
  0
ELLIPSE
  5
2E7
330
1F
100
AcDbEntity
  8
Hidden
370
    -3
100
AcDbEllipse
 10
-8.4399904763016
 20
-80.09333677368126
 30
-0.0000000000000065
 11
8.674667985916245E-16
 21
-0.064
 31
-5.162225293324156E-32
210
1.093276134963041E-44
220
-8.065977020818993E-31
230
1.0
 40
0.0003081026025338
 41
5.517928737987903
 42
6.283185307179586
  0
ELLIPSE
  5
2E8
330
1F
100
AcDbEntity
  8
Hidden
370
    -3
100
AcDbEllipse
 10
-8.4399809526036
 20
-79.58133677368124
 30
-0.0000000000000042
 11
-8.535083670729966E-20
 21
0.06399999999999999
 31
5.110317601077246E-32
210
-1.064867878642538E-48
220
7.984871251683199E-31
230
-1.0
 40
0.0002976155840131
 41
4.712388980384694
 42
5.651962641294577
  0
ELLIPSE
  5
2E9
330
1F
100
AcDbEntity
  8
Hidden
370
    -3
100
AcDbEllipse
 10
-8.4399809526036
 20
-79.58133677368124
 30
-0.0000000000000042
 11
-8.535083670729966E-20
 21
0.06399999999999999
 31
5.110317601077246E-32
210
-1.064867878642538E-48
220
7.984871251683199E-31
230
-1.0
 40
0.0002976155840131
 41
5.651962641294577
 42
6.283185307179586
  0
LINE
  5
2EA
330
1F
100
AcDbEntity
  8
Hidden
370
    -3
100
AcDbLine
 10
-0.6500000000005958
 20
-79.63018604133424
 30
0.0
 11
-0.6500000000005958
 21
-80.04448750602826
 31
0.0
  0
LINE
  5
2EB
330
1F
100
AcDbEntity
  8
Hidden
370
    -3
100
AcDbLine
 10
-1.183690880835759
 20
-80.1385916076768
 30
0.0
 11
-0.6500000000008386
 21
-80.04448750602756
 31
0.0
  0
LINE
  5
2EC
330
1F
100
AcDbEntity
  8
Hidden
370
    -3
100
AcDbLine
 10
-0.6500000000008386
 20
-79.63018604133494
 30
0.0
 11
-1.183690880835759
 21
-79.53608193968573
 31
0.0
  0
LINE
  5
2ED
330
1F
100
AcDbEntity
  8
Hidden
370
    -3
100
AcDbLine
 10
-1.290000000000595
 20
-82.63333677368125
 30
0.0
 11
-1.290000000000595
 21
-82.12133677368125
 31
0.0
  0
LINE
  5
2EE
330
1F
100
AcDbEntity
  8
Hidden
370
    -3
100
AcDbLine
 10
-0.6500000000005958
 20
-82.17018604133425
 30
0.0
 11
-0.6500000000005958
 21
-82.58448750602824
 31
0.0
  0
LINE
  5
2EF
330
1F
100
AcDbEntity
  8
Hidden
370
    -3
100
AcDbLine
 10
-1.183690880835759
 20
-82.6785916076768
 30
0.0
 11
-0.6500000000008386
 21
-82.58448750602757
 31
0.0
  0
LINE
  5
2F0
330
1F
100
AcDbEntity
  8
Hidden
370
    -3
100
AcDbLine
 10
-0.6500000000008386
 20
-82.17018604133494
 30
0.0
 11
-1.183690880835759
 21
-82.07608193968571
 31
0.0
  0
LINE
  5
2F1
330
1F
100
AcDbEntity
  8
Hidden
370
    -3
100
AcDbLine
 10
-1.290000000000595
 20
-85.17333677368124
 30
0.0
 11
-1.290000000000595
 21
-84.66133677368124
 31
0.0
  0
ELLIPSE
  5
2F2
330
1F
100
AcDbEntity
  8
Hidden
370
    -3
100
AcDbEllipse
 10
-8.4399904763016
 20
-85.17333677368124
 30
-0.0000000000000015
 11
8.674667985916245E-16
 21
-0.064
 31
-5.162225293324156E-32
210
1.093276134963041E-44
220
-8.065977020818993E-31
230
1.0
 40
0.0003081026025338
 41
4.712388980384685
 42
6.283185307179586
  0
ELLIPSE
  5
2F3
330
1F
100
AcDbEntity
  8
Hidden
370
    -3
100
AcDbEllipse
 10
-8.4399809526036
 20
-84.66133677368124
 30
0.0000000000000007
 11
-8.535083670729966E-20
 21
0.06399999999999999
 31
5.110317601077246E-32
210
-1.064867878642538E-48
220
7.984871251683199E-31
230
-1.0
 40
0.0002976155840131
 41
4.712388980384694
 42
5.651962641294577
  0
ELLIPSE
  5
2F4
330
1F
100
AcDbEntity
  8
Hidden
370
    -3
100
AcDbEllipse
 10
-8.4399809526036
 20
-84.66133677368124
 30
0.0000000000000007
 11
-8.535083670729966E-20
 21
0.06399999999999999
 31
5.110317601077246E-32
210
-1.064867878642538E-48
220
7.984871251683199E-31
230
-1.0
 40
0.0002976155840131
 41
5.651962641294577
 42
6.283185307179586
  0
LINE
  5
2F5
330
1F
100
AcDbEntity
  8
Hidden
370
    -3
100
AcDbLine
 10
-0.6500000000005958
 20
-84.71018604133425
 30
0.0
 11
-0.6500000000005958
 21
-85.12448750602825
 31
0.0
  0
LINE
  5
2F6
330
1F
100
AcDbEntity
  8
Hidden
370
    -3
100
AcDbLine
 10
-1.183690880835759
 20
-85.2185916076768
 30
0.0
 11
-0.6500000000008386
 21
-85.12448750602756
 31
0.0
  0
LINE
  5
2F7
330
1F
100
AcDbEntity
  8
Hidden
370
    -3
100
AcDbLine
 10
-0.6500000000008386
 20
-84.71018604133494
 30
0.0
 11
-1.183690880835759
 21
-84.61608193968571
 31
0.0
  0
LINE
  5
2F8
330
1F
100
AcDbEntity
  8
Hidden
370
    -3
100
AcDbLine
 10
-1.290000000000595
 20
-87.71333677368125
 30
0.0
 11
-1.290000000000595
 21
-87.20133677368125
 31
0.0
  0
ELLIPSE
  5
2F9
330
1F
100
AcDbEntity
  8
Hidden
370
    -3
100
AcDbEllipse
 10
-8.4399904763016
 20
-87.71333677368125
 30
0.0000000000000009
 11
8.674667985916245E-16
 21
-0.064
 31
-5.162225293324156E-32
210
1.093276134963041E-44
220
-8.065977020818993E-31
230
1.0
 40
0.0003081026025338
 41
4.712388980384685
 42
5.517928737987903
  0
ELLIPSE
  5
2FA
330
1F
100
AcDbEntity
  8
Hidden
370
    -3
100
AcDbEllipse
 10
-8.4399904763016
 20
-87.71333677368125
 30
0.0000000000000009
 11
8.674667985916245E-16
 21
-0.064
 31
-5.162225293324156E-32
210
1.093276134963041E-44
220
-8.065977020818993E-31
230
1.0
 40
0.0003081026025338
 41
5.517928737987903
 42
6.283185307179586
  0
LINE
  5
2FB
330
1F
100
AcDbEntity
  8
Hidden
370
    -3
100
AcDbLine
 10
-0.6500000000005958
 20
-87.25018604133425
 30
0.0
 11
-0.6500000000005958
 21
-87.66448750602825
 31
0.0
  0
LINE
  5
2FC
330
1F
100
AcDbEntity
  8
Hidden
370
    -3
100
AcDbLine
 10
-1.183690880835759
 20
-87.75859160767678
 30
0.0
 11
-0.6500000000008386
 21
-87.66448750602757
 31
0.0
  0
LINE
  5
2FD
330
1F
100
AcDbEntity
  8
Hidden
370
    -3
100
AcDbLine
 10
-0.6500000000008386
 20
-87.25018604133494
 30
0.0
 11
-1.183690880835759
 21
-87.15608193968572
 31
0.0
  0
LINE
  5
2FE
330
1F
100
AcDbEntity
  8
Hidden
 62
     7
370
    -3
100
AcDbLine
 10
-6.150000000000587
 20
-81.60733677368125
 30
0.0
 11
-6.150000000000589
 21
-81.35733677368125
 31
0.0
  0
LINE
  5
2FF
330
1F
100
AcDbEntity
  8
Hidden
 62
     7
370
    -3
100
AcDbLine
 10
-6.150000000000587
 20
-83.14733677368126
 30
0.0
 11
-6.150000000000587
 21
-81.60733677368125
 31
0.0
  0
LINE
  5
300
330
1F
100
AcDbEntity
  8
Hidden
 62
     7
370
    -3
100
AcDbLine
 10
-6.150000000000589
 20
-83.39733677368126
 30
0.0
 11
-6.150000000000587
 21
-83.14733677368126
 31
0.0
  0
LINE
  5
301
330
1F
100
AcDbEntity
  8
Hidden
 62
     7
370
    -3
100
AcDbLine
 10
-6.150000000000587
 20
-83.14733677368126
 30
0.0
 11
-5.566587922261847
 21
-83.14733677368126
 31
0.0
  0
LINE
  5
302
330
1F
100
AcDbEntity
  8
Hidden
 62
     7
370
    -3
100
AcDbLine
 10
-4.629410229995334
 20
-83.14733677368126
 30
0.0
 11
-3.65000000000059
 21
-83.14733677368126
 31
0.0
  0
LINE
  5
303
330
1F
100
AcDbEntity
  8
Hidden
 62
     7
370
    -3
100
AcDbLine
 10
-6.150000000000587
 20
-81.60733677368125
 30
0.0
 11
-3.65000000000059
 21
-81.60733677368125
 31
0.0
  0
LINE
  5
304
330
1F
100
AcDbEntity
  8
Hidden
 62
     7
370
    -3
100
AcDbLine
 10
-3.65000000000059
 20
-83.14733677368126
 30
0.0
 11
-3.65000000000059
 21
-81.60733677368125
 31
0.0
  0
LINE
  5
305
330
1F
100
AcDbEntity
  8
Hidden
 62
     7
370
    -3
100
AcDbLine
 10
-6.150000000000589
 20
-81.35733677368125
 30
0.0
 11
-4.100000000000591
 21
-81.35733677368125
 31
0.0
  0
LINE
  5
306
330
1F
100
AcDbEntity
  8
Hidden
 62
     7
370
    -3
100
AcDbLine
 10
-3.650000000000591
 20
-81.35733677368125
 30
0.0
 11
-4.100000000000591
 21
-81.35733677368125
 31
0.0
  0
LINE
  5
307
330
1F
100
AcDbEntity
  8
Hidden
 62
     7
370
    -3
100
AcDbLine
 10
-3.65000000000059
 20
-81.60733677368125
 30
0.0
 11
-3.650000000000591
 21
-81.35733677368125
 31
0.0
  0
LINE
  5
308
330
1F
100
AcDbEntity
  8
Hidden
 62
     7
370
    -3
100
AcDbLine
 10
-3.650000000000591
 20
-83.39733677368126
 30
0.0
 11
-3.65000000000059
 21
-83.14733677368126
 31
0.0
  0
LINE
  5
309
330
1F
100
AcDbEntity
  8
Hidden
 62
     7
370
    -3
100
AcDbLine
 10
-4.100000000000591
 20
-83.39733677368126
 30
0.0
 11
-3.650000000000591
 21
-83.39733677368126
 31
0.0
  0
LINE
  5
30A
330
1F
100
AcDbEntity
  8
Hidden
 62
     7
370
    -3
100
AcDbLine
 10
-6.150000000000589
 20
-83.39733677368126
 30
0.0
 11
-5.270216424371414
 21
-83.39733677368126
 31
0.0
  0
LINE
  5
30B
330
1F
100
AcDbEntity
  8
Hidden
 62
     7
370
    -3
100
AcDbLine
 10
-4.925781727885767
 20
-83.39733677368126
 30
0.0
 11
-4.100000000000591
 21
-83.39733677368126
 31
0.0
  0
LINE
  5
30C
330
1F
100
AcDbEntity
  8
Hidden
 62
     7
370
    -3
100
AcDbLine
 10
-6.00000000000059
 20
-81.20733677368126
 30
0.0
 11
-6.150000000000589
 21
-81.35733677368125
 31
0.0
  0
LINE
  5
30D
330
1F
100
AcDbEntity
  8
Hidden
 62
     7
370
    -3
100
AcDbLine
 10
-6.00000000000059
 20
-81.10733677368125
 30
0.0
 11
-6.00000000000059
 21
-81.20733677368126
 31
0.0
  0
LINE
  5
30E
330
1F
100
AcDbEntity
  8
Hidden
 62
     7
370
    -3
100
AcDbLine
 10
-6.00000000000059
 20
-81.10733677368125
 30
0.0
 11
-4.25000000000059
 21
-81.10733677368125
 31
0.0
  0
LINE
  5
30F
330
1F
100
AcDbEntity
  8
Hidden
 62
     7
370
    -3
100
AcDbLine
 10
-4.25000000000059
 20
-81.20733677368126
 30
0.0
 11
-4.25000000000059
 21
-81.10733677368125
 31
0.0
  0
LINE
  5
310
330
1F
100
AcDbEntity
  8
Hidden
 62
     7
370
    -3
100
AcDbLine
 10
-4.100000000000591
 20
-81.35733677368125
 30
0.0
 11
-4.25000000000059
 21
-81.20733677368126
 31
0.0
  0
LINE
  5
311
330
1F
100
AcDbEntity
  8
Hidden
 62
     7
370
    -3
100
AcDbLine
 10
-4.25000000000059
 20
-83.64733677368126
 30
0.0
 11
-4.25000000000059
 21
-83.54733677368125
 31
0.0
  0
LINE
  5
312
330
1F
100
AcDbEntity
  8
Hidden
 62
     7
370
    -3
100
AcDbLine
 10
-4.250000000000592
 20
-83.54733677368125
 30
0.0
 11
-4.250000000000592
 21
-81.60733677368127
 31
0.0
  0
LINE
  5
313
330
1F
100
AcDbEntity
  8
Hidden
 62
     7
370
    -3
100
AcDbLine
 10
-4.250000000000592
 20
-81.60733677368127
 30
0.0
 11
-4.250000000000592
 21
-81.35733677368125
 31
0.0
  0
LINE
  5
314
330
1F
100
AcDbEntity
  8
Hidden
 62
     7
370
    -3
100
AcDbLine
 10
-4.250000000000592
 20
-81.35733677368125
 30
0.0
 11
-4.250000000000592
 21
-81.20733677368126
 31
0.0
  0
LINE
  5
315
330
1F
100
AcDbEntity
  8
Hidden
 62
     7
370
    -3
100
AcDbLine
 10
-6.00000000000059
 20
-83.54733677368125
 30
0.0
 11
-6.00000000000059
 21
-83.64733677368126
 31
0.0
  0
LINE
  5
316
330
1F
100
AcDbEntity
  8
Hidden
 62
     7
370
    -3
100
AcDbLine
 10
-4.25000000000059
 20
-83.54733677368125
 30
0.0
 11
-4.100000000000591
 21
-83.39733677368126
 31
0.0
  0
LINE
  5
317
330
1F
100
AcDbEntity
  8
Hidden
 62
     7
370
    -3
100
AcDbLine
 10
-6.00000000000059
 20
-83.64733677368126
 30
0.0
 11
-4.25000000000059
 21
-83.64733677368126
 31
0.0
  0
LINE
  5
318
330
1F
100
AcDbEntity
  8
Hidden
 62
     7
370
    -3
100
AcDbLine
 10
-6.150000000000589
 20
-83.39733677368126
 30
0.0
 11
-6.00000000000059
 21
-83.54733677368125
 31
0.0
  0
LINE
  5
319
330
1F
100
AcDbEntity
  8
Hidden
370
    -3
100
AcDbLine
 10
-1.290000000000595
 20
-90.25333677368124
 30
0.0
 11
-1.290000000000595
 21
-89.74133677368125
 31
0.0
  0
ELLIPSE
  5
31A
330
1F
100
AcDbEntity
  8
Hidden
370
    -3
100
AcDbEllipse
 10
-8.4399904763016
 20
-90.25333677368124
 30
0.0000000000000034
 11
8.674667985916245E-16
 21
-0.064
 31
-5.162225293324156E-32
210
1.093276134963041E-44
220
-8.065977020818993E-31
230
1.0
 40
0.0003081026025338
 41
4.712388980384685
 42
5.517928737987903
  0
ELLIPSE
  5
31B
330
1F
100
AcDbEntity
  8
Hidden
370
    -3
100
AcDbEllipse
 10
-8.4399904763016
 20
-90.25333677368124
 30
0.0000000000000034
 11
8.674667985916245E-16
 21
-0.064
 31
-5.162225293324156E-32
210
1.093276134963041E-44
220
-8.065977020818993E-31
230
1.0
 40
0.0003081026025338
 41
5.517928737987903
 42
6.283185307179586
  0
ELLIPSE
  5
31C
330
1F
100
AcDbEntity
  8
Hidden
370
    -3
100
AcDbEllipse
 10
-8.4399809526036
 20
-89.74133677368125
 30
0.0000000000000057
 11
-8.535083670729966E-20
 21
0.06399999999999999
 31
5.110317601077246E-32
210
-1.064867878642538E-48
220
7.984871251683199E-31
230
-1.0
 40
0.0002976155840131
 41
4.712388980384694
 42
5.651962641294577
  0
ELLIPSE
  5
31D
330
1F
100
AcDbEntity
  8
Hidden
370
    -3
100
AcDbEllipse
 10
-8.4399809526036
 20
-89.74133677368125
 30
0.0000000000000057
 11
-8.535083670729966E-20
 21
0.06399999999999999
 31
5.110317601077246E-32
210
-1.064867878642538E-48
220
7.984871251683199E-31
230
-1.0
 40
0.0002976155840131
 41
5.651962641294577
 42
6.283185307179586
  0
LINE
  5
31E
330
1F
100
AcDbEntity
  8
Hidden
370
    -3
100
AcDbLine
 10
-0.6500000000005958
 20
-89.79018604133425
 30
0.0
 11
-0.6500000000005958
 21
-90.20448750602824
 31
0.0
  0
LINE
  5
31F
330
1F
100
AcDbEntity
  8
Hidden
370
    -3
100
AcDbLine
 10
-1.183690880835759
 20
-90.2985916076768
 30
0.0
 11
-0.6500000000008386
 21
-90.20448750602756
 31
0.0
  0
LINE
  5
320
330
1F
100
AcDbEntity
  8
Hidden
370
    -3
100
AcDbLine
 10
-0.6500000000008386
 20
-89.79018604133495
 30
0.0
 11
-1.183690880835759
 21
-89.69608193968571
 31
0.0
  0
LINE
  5
321
330
1F
100
AcDbEntity
  8
Hidden
370
    -3
100
AcDbLine
 10
-1.290000000000595
 20
-92.79333677368125
 30
0.0
 11
-1.290000000000595
 21
-92.28133677368125
 31
0.0
  0
ELLIPSE
  5
322
330
1F
100
AcDbEntity
  8
Hidden
370
    -3
100
AcDbEllipse
 10
-8.4399904763016
 20
-92.79333677368125
 30
0.0000000000000059
 11
8.674667985916245E-16
 21
-0.064
 31
-5.162225293324156E-32
210
1.093276134963041E-44
220
-8.065977020818993E-31
230
1.0
 40
0.0003081026025338
 41
4.712388980384685
 42
6.283185307179586
  0
ELLIPSE
  5
323
330
1F
100
AcDbEntity
  8
Hidden
370
    -3
100
AcDbEllipse
 10
-8.4399809526036
 20
-92.28133677368125
 30
-0.0000000000000056
 11
-8.535083670729966E-20
 21
0.06399999999999999
 31
5.110317601077246E-32
210
-1.064867878642538E-48
220
7.984871251683199E-31
230
-1.0
 40
0.0002976155840131
 41
4.712388980384694
 42
6.283185307179586
  0
LINE
  5
324
330
1F
100
AcDbEntity
  8
Hidden
370
    -3
100
AcDbLine
 10
-0.6500000000005958
 20
-92.33018604133424
 30
0.0
 11
-0.6500000000005958
 21
-92.74448750602825
 31
0.0
  0
LINE
  5
325
330
1F
100
AcDbEntity
  8
Hidden
370
    -3
100
AcDbLine
 10
-1.183690880835759
 20
-92.83859160767678
 30
0.0
 11
-0.6500000000008386
 21
-92.74448750602755
 31
0.0
  0
LINE
  5
326
330
1F
100
AcDbEntity
  8
Hidden
370
    -3
100
AcDbLine
 10
-0.6500000000008386
 20
-92.33018604133494
 30
0.0
 11
-1.183690880835759
 21
-92.23608193968572
 31
0.0
  0
LINE
  5
327
330
1F
100
AcDbEntity
  8
Hidden
 62
     7
370
    -3
100
AcDbLine
 10
-6.150000000000587
 20
-84.14733677368126
 30
0.0
 11
-3.65000000000059
 21
-84.14733677368126
 31
0.0
  0
LINE
  5
328
330
1F
100
AcDbEntity
  8
Hidden
 62
     7
370
    -3
100
AcDbLine
 10
-6.150000000000587
 20
-84.14733677368126
 30
0.0
 11
-6.150000000000589
 21
-83.89733677368126
 31
0.0
  0
LINE
  5
329
330
1F
100
AcDbEntity
  8
Hidden
 62
     7
370
    -3
100
AcDbLine
 10
-6.150000000000589
 20
-83.89733677368126
 30
0.0
 11
-4.100000000000591
 21
-83.89733677368126
 31
0.0
  0
LINE
  5
32A
330
1F
100
AcDbEntity
  8
Hidden
 62
     7
370
    -3
100
AcDbLine
 10
-3.650000000000591
 20
-83.89733677368126
 30
0.0
 11
-4.100000000000591
 21
-83.89733677368126
 31
0.0
  0
LINE
  5
32B
330
1F
100
AcDbEntity
  8
Hidden
 62
     7
370
    -3
100
AcDbLine
 10
-3.65000000000059
 20
-84.14733677368126
 30
0.0
 11
-3.650000000000591
 21
-83.89733677368126
 31
0.0
  0
LINE
  5
32C
330
1F
100
AcDbEntity
  8
Hidden
 62
     7
370
    -3
100
AcDbLine
 10
-6.150000000000587
 20
-85.68733677368127
 30
0.0
 11
-3.65000000000059
 21
-85.68733677368127
 31
0.0
  0
LINE
  5
32D
330
1F
100
AcDbEntity
  8
Hidden
 62
     7
370
    -3
100
AcDbLine
 10
-6.150000000000587
 20
-85.68733677368127
 30
0.0
 11
-6.150000000000587
 21
-84.14733677368126
 31
0.0
  0
LINE
  5
32E
330
1F
100
AcDbEntity
  8
Hidden
 62
     7
370
    -3
100
AcDbLine
 10
-3.65000000000059
 20
-85.68733677368127
 30
0.0
 11
-3.65000000000059
 21
-84.14733677368126
 31
0.0
  0
LINE
  5
32F
330
1F
100
AcDbEntity
  8
Hidden
 62
     7
370
    -3
100
AcDbLine
 10
-6.150000000000589
 20
-85.93733677368127
 30
0.0
 11
-6.150000000000587
 21
-85.68733677368127
 31
0.0
  0
LINE
  5
330
330
1F
100
AcDbEntity
  8
Hidden
 62
     7
370
    -3
100
AcDbLine
 10
-4.100000000000591
 20
-85.93733677368127
 30
0.0
 11
-3.650000000000591
 21
-85.93733677368127
 31
0.0
  0
LINE
  5
331
330
1F
100
AcDbEntity
  8
Hidden
 62
     7
370
    -3
100
AcDbLine
 10
-6.150000000000589
 20
-85.93733677368127
 30
0.0
 11
-5.250394122119105
 21
-85.93733677368127
 31
0.0
  0
LINE
  5
332
330
1F
100
AcDbEntity
  8
Hidden
 62
     7
370
    -3
100
AcDbLine
 10
-4.945604030138077
 20
-85.93733677368127
 30
0.0
 11
-4.100000000000591
 21
-85.93733677368127
 31
0.0
  0
LINE
  5
333
330
1F
100
AcDbEntity
  8
Hidden
 62
     7
370
    -3
100
AcDbLine
 10
-3.650000000000591
 20
-85.93733677368127
 30
0.0
 11
-3.65000000000059
 21
-85.68733677368127
 31
0.0
  0
LINE
  5
334
330
1F
100
AcDbEntity
  8
Hidden
 62
     7
370
    -3
100
AcDbLine
 10
-6.00000000000059
 20
-83.74733677368127
 30
0.0
 11
-6.150000000000589
 21
-83.89733677368126
 31
0.0
  0
LINE
  5
335
330
1F
100
AcDbEntity
  8
Hidden
 62
     7
370
    -3
100
AcDbLine
 10
-6.00000000000059
 20
-83.64733677368126
 30
0.0
 11
-6.00000000000059
 21
-83.74733677368127
 31
0.0
  0
LINE
  5
336
330
1F
100
AcDbEntity
  8
Hidden
 62
     7
370
    -3
100
AcDbLine
 10
-6.00000000000059
 20
-83.64733677368126
 30
0.0
 11
-4.25000000000059
 21
-83.64733677368126
 31
0.0
  0
LINE
  5
337
330
1F
100
AcDbEntity
  8
Hidden
 62
     7
370
    -3
100
AcDbLine
 10
-4.25000000000059
 20
-83.74733677368127
 30
0.0
 11
-4.25000000000059
 21
-83.64733677368126
 31
0.0
  0
LINE
  5
338
330
1F
100
AcDbEntity
  8
Hidden
 62
     7
370
    -3
100
AcDbLine
 10
-4.100000000000591
 20
-83.89733677368126
 30
0.0
 11
-4.25000000000059
 21
-83.74733677368127
 31
0.0
  0
LINE
  5
339
330
1F
100
AcDbEntity
  8
Hidden
 62
     7
370
    -3
100
AcDbLine
 10
-4.25000000000059
 20
-86.18733677368127
 30
0.0
 11
-4.25000000000059
 21
-86.08733677368127
 31
0.0
  0
LINE
  5
33A
330
1F
100
AcDbEntity
  8
Hidden
 62
     7
370
    -3
100
AcDbLine
 10
-4.250000000000592
 20
-86.08733677368127
 30
0.0
 11
-4.250000000000592
 21
-83.74733677368127
 31
0.0
  0
LINE
  5
33B
330
1F
100
AcDbEntity
  8
Hidden
 62
     7
370
    -3
100
AcDbLine
 10
-4.25000000000059
 20
-86.08733677368127
 30
0.0
 11
-4.100000000000591
 21
-85.93733677368127
 31
0.0
  0
LINE
  5
33C
330
1F
100
AcDbEntity
  8
Hidden
 62
     7
370
    -3
100
AcDbLine
 10
-6.00000000000059
 20
-86.18733677368127
 30
0.0
 11
-5.56308784008418
 21
-86.18733677368127
 31
0.0
  0
LINE
  5
33D
330
1F
100
AcDbEntity
  8
Hidden
 62
     7
370
    -3
100
AcDbLine
 10
-4.632910312172999
 20
-86.18733677368127
 30
0.0
 11
-4.25000000000059
 21
-86.18733677368127
 31
0.0
  0
LINE
  5
33E
330
1F
100
AcDbEntity
  8
Hidden
 62
     7
370
    -3
100
AcDbLine
 10
-6.00000000000059
 20
-86.08733677368127
 30
0.0
 11
-6.00000000000059
 21
-86.18733677368127
 31
0.0
  0
LINE
  5
33F
330
1F
100
AcDbEntity
  8
Hidden
 62
     7
370
    -3
100
AcDbLine
 10
-6.150000000000589
 20
-85.93733677368127
 30
0.0
 11
-6.00000000000059
 21
-86.08733677368127
 31
0.0
  0
LINE
  5
340
330
1F
100
AcDbEntity
  8
Hidden
 62
     7
370
    -3
100
AcDbLine
 10
-4.100000000000591
 20
-88.47733677368126
 30
0.0
 11
-3.650000000000591
 21
-88.47733677368126
 31
0.0
  0
LINE
  5
341
330
1F
100
AcDbEntity
  8
Hidden
 62
     7
370
    -3
100
AcDbLine
 10
-6.150000000000589
 20
-88.47733677368126
 30
0.0
 11
-4.100000000000591
 21
-88.47733677368126
 31
0.0
  0
LINE
  5
342
330
1F
100
AcDbEntity
  8
Hidden
 62
     7
370
    -3
100
AcDbLine
 10
-6.150000000000589
 20
-88.47733677368126
 30
0.0
 11
-6.150000000000587
 21
-88.22733677368126
 31
0.0
  0
LINE
  5
343
330
1F
100
AcDbEntity
  8
Hidden
 62
     7
370
    -3
100
AcDbLine
 10
-6.150000000000587
 20
-88.22733677368126
 30
0.0
 11
-3.65000000000059
 21
-88.22733677368126
 31
0.0
  0
LINE
  5
344
330
1F
100
AcDbEntity
  8
Hidden
 62
     7
370
    -3
100
AcDbLine
 10
-3.650000000000591
 20
-88.47733677368126
 30
0.0
 11
-3.65000000000059
 21
-88.22733677368126
 31
0.0
  0
LINE
  5
345
330
1F
100
AcDbEntity
  8
Hidden
 62
     7
370
    -3
100
AcDbLine
 10
-6.150000000000587
 20
-88.22733677368126
 30
0.0
 11
-6.150000000000587
 21
-86.68733677368127
 31
0.0
  0
LINE
  5
346
330
1F
100
AcDbEntity
  8
Hidden
 62
     7
370
    -3
100
AcDbLine
 10
-6.150000000000587
 20
-86.68733677368127
 30
0.0
 11
-5.57494160410058
 21
-86.68733677368127
 31
0.0
  0
LINE
  5
347
330
1F
100
AcDbEntity
  8
Hidden
 62
     7
370
    -3
100
AcDbLine
 10
-4.6210565481566
 20
-86.68733677368127
 30
0.0
 11
-3.65000000000059
 21
-86.68733677368127
 31
0.0
  0
LINE
  5
348
330
1F
100
AcDbEntity
  8
Hidden
 62
     7
370
    -3
100
AcDbLine
 10
-3.65000000000059
 20
-88.22733677368126
 30
0.0
 11
-3.65000000000059
 21
-86.68733677368127
 31
0.0
  0
LINE
  5
349
330
1F
100
AcDbEntity
  8
Hidden
 62
     7
370
    -3
100
AcDbLine
 10
-6.150000000000587
 20
-86.68733677368127
 30
0.0
 11
-6.150000000000589
 21
-86.43733677368127
 31
0.0
  0
LINE
  5
34A
330
1F
100
AcDbEntity
  8
Hidden
 62
     7
370
    -3
100
AcDbLine
 10
-6.150000000000589
 20
-86.43733677368127
 30
0.0
 11
-5.631282177935713
 21
-86.43733677368127
 31
0.0
  0
LINE
  5
34B
330
1F
100
AcDbEntity
  8
Hidden
 62
     7
370
    -3
100
AcDbLine
 10
-4.564715974321468
 20
-86.43733677368127
 30
0.0
 11
-4.100000000000591
 21
-86.43733677368127
 31
0.0
  0
LINE
  5
34C
330
1F
100
AcDbEntity
  8
Hidden
 62
     7
370
    -3
100
AcDbLine
 10
-3.650000000000591
 20
-86.43733677368127
 30
0.0
 11
-4.100000000000591
 21
-86.43733677368127
 31
0.0
  0
LINE
  5
34D
330
1F
100
AcDbEntity
  8
Hidden
 62
     7
370
    -3
100
AcDbLine
 10
-3.65000000000059
 20
-86.68733677368127
 30
0.0
 11
-3.650000000000591
 21
-86.43733677368127
 31
0.0
  0
LINE
  5
34E
330
1F
100
AcDbEntity
  8
Hidden
 62
     7
370
    -3
100
AcDbLine
 10
-6.00000000000059
 20
-86.28733677368126
 30
0.0
 11
-6.150000000000589
 21
-86.43733677368127
 31
0.0
  0
LINE
  5
34F
330
1F
100
AcDbEntity
  8
Hidden
 62
     7
370
    -3
100
AcDbLine
 10
-6.00000000000059
 20
-86.18733677368127
 30
0.0
 11
-6.00000000000059
 21
-86.28733677368126
 31
0.0
  0
LINE
  5
350
330
1F
100
AcDbEntity
  8
Hidden
 62
     7
370
    -3
100
AcDbLine
 10
-6.00000000000059
 20
-86.18733677368127
 30
0.0
 11
-5.56308784008418
 21
-86.18733677368127
 31
0.0
  0
LINE
  5
351
330
1F
100
AcDbEntity
  8
Hidden
 62
     7
370
    -3
100
AcDbLine
 10
-4.632910312172999
 20
-86.18733677368127
 30
0.0
 11
-4.25000000000059
 21
-86.18733677368127
 31
0.0
  0
LINE
  5
352
330
1F
100
AcDbEntity
  8
Hidden
 62
     7
370
    -3
100
AcDbLine
 10
-4.25000000000059
 20
-86.28733677368126
 30
0.0
 11
-4.25000000000059
 21
-86.18733677368127
 31
0.0
  0
LINE
  5
353
330
1F
100
AcDbEntity
  8
Hidden
 62
     7
370
    -3
100
AcDbLine
 10
-4.100000000000591
 20
-86.43733677368127
 30
0.0
 11
-4.25000000000059
 21
-86.28733677368126
 31
0.0
  0
LINE
  5
354
330
1F
100
AcDbEntity
  8
Hidden
 62
     7
370
    -3
100
AcDbLine
 10
-4.25000000000059
 20
-88.62733677368126
 30
0.0
 11
-4.100000000000591
 21
-88.47733677368126
 31
0.0
  0
LINE
  5
355
330
1F
100
AcDbEntity
  8
Hidden
 62
     7
370
    -3
100
AcDbLine
 10
-4.25000000000059
 20
-88.72733677368126
 30
0.0
 11
-4.25000000000059
 21
-88.62733677368126
 31
0.0
  0
LINE
  5
356
330
1F
100
AcDbEntity
  8
Hidden
 62
     7
370
    -3
100
AcDbLine
 10
-6.00000000000059
 20
-88.72733677368126
 30
0.0
 11
-4.25000000000059
 21
-88.72733677368126
 31
0.0
  0
LINE
  5
357
330
1F
100
AcDbEntity
  8
Hidden
 62
     7
370
    -3
100
AcDbLine
 10
-6.00000000000059
 20
-88.62733677368126
 30
0.0
 11
-6.00000000000059
 21
-88.72733677368126
 31
0.0
  0
LINE
  5
358
330
1F
100
AcDbEntity
  8
Hidden
 62
     7
370
    -3
100
AcDbLine
 10
-6.150000000000589
 20
-88.47733677368126
 30
0.0
 11
-6.00000000000059
 21
-88.62733677368126
 31
0.0
  0
LINE
  5
359
330
1F
100
AcDbEntity
  8
Hidden
 62
     7
370
    -3
100
AcDbLine
 10
-4.250000000000592
 20
-88.62733677368126
 30
0.0
 11
-4.250000000000592
 21
-88.47733677368127
 31
0.0
  0
LINE
  5
35A
330
1F
100
AcDbEntity
  8
Hidden
 62
     7
370
    -3
100
AcDbLine
 10
-4.250000000000592
 20
-88.47733677368127
 30
0.0
 11
-4.250000000000592
 21
-88.22733677368127
 31
0.0
  0
LINE
  5
35B
330
1F
100
AcDbEntity
  8
Hidden
 62
     7
370
    -3
100
AcDbLine
 10
-4.250000000000592
 20
-88.22733677368127
 30
0.0
 11
-4.250000000000592
 21
-86.28733677368126
 31
0.0
  0
LINE
  5
35C
330
1F
100
AcDbEntity
  8
Hidden
 62
     7
370
    -3
100
AcDbLine
 10
-6.150000000000587
 20
-90.76733677368127
 30
0.0
 11
-3.65000000000059
 21
-90.76733677368127
 31
0.0
  0
LINE
  5
35D
330
1F
100
AcDbEntity
  8
Hidden
 62
     7
370
    -3
100
AcDbLine
 10
-6.150000000000587
 20
-90.76733677368127
 30
0.0
 11
-6.150000000000587
 21
-89.22733677368126
 31
0.0
  0
LINE
  5
35E
330
1F
100
AcDbEntity
  8
Hidden
 62
     7
370
    -3
100
AcDbLine
 10
-6.150000000000587
 20
-89.22733677368126
 30
0.0
 11
-3.65000000000059
 21
-89.22733677368126
 31
0.0
  0
LINE
  5
35F
330
1F
100
AcDbEntity
  8
Hidden
 62
     7
370
    -3
100
AcDbLine
 10
-3.65000000000059
 20
-90.76733677368127
 30
0.0
 11
-3.65000000000059
 21
-89.22733677368126
 31
0.0
  0
LINE
  5
360
330
1F
100
AcDbEntity
  8
Hidden
 62
     7
370
    -3
100
AcDbLine
 10
-6.150000000000587
 20
-89.22733677368126
 30
0.0
 11
-6.150000000000589
 21
-88.97733677368126
 31
0.0
  0
LINE
  5
361
330
1F
100
AcDbEntity
  8
Hidden
 62
     7
370
    -3
100
AcDbLine
 10
-6.150000000000589
 20
-88.97733677368126
 30
0.0
 11
-4.100000000000591
 21
-88.97733677368126
 31
0.0
  0
LINE
  5
362
330
1F
100
AcDbEntity
  8
Hidden
 62
     7
370
    -3
100
AcDbLine
 10
-3.650000000000591
 20
-88.97733677368126
 30
0.0
 11
-4.100000000000591
 21
-88.97733677368126
 31
0.0
  0
LINE
  5
363
330
1F
100
AcDbEntity
  8
Hidden
 62
     7
370
    -3
100
AcDbLine
 10
-3.65000000000059
 20
-89.22733677368126
 30
0.0
 11
-3.650000000000591
 21
-88.97733677368126
 31
0.0
  0
LINE
  5
364
330
1F
100
AcDbEntity
  8
Hidden
 62
     7
370
    -3
100
AcDbLine
 10
-4.100000000000591
 20
-91.01733677368127
 30
0.0
 11
-3.650000000000591
 21
-91.01733677368127
 31
0.0
  0
LINE
  5
365
330
1F
100
AcDbEntity
  8
Hidden
 62
     7
370
    -3
100
AcDbLine
 10
-6.150000000000589
 20
-91.01733677368127
 30
0.0
 11
-4.100000000000591
 21
-91.01733677368127
 31
0.0
  0
LINE
  5
366
330
1F
100
AcDbEntity
  8
Hidden
 62
     7
370
    -3
100
AcDbLine
 10
-6.150000000000589
 20
-91.01733677368127
 30
0.0
 11
-6.150000000000587
 21
-90.76733677368127
 31
0.0
  0
LINE
  5
367
330
1F
100
AcDbEntity
  8
Hidden
 62
     7
370
    -3
100
AcDbLine
 10
-3.650000000000591
 20
-91.01733677368127
 30
0.0
 11
-3.65000000000059
 21
-90.76733677368127
 31
0.0
  0
LINE
  5
368
330
1F
100
AcDbEntity
  8
Hidden
 62
     7
370
    -3
100
AcDbLine
 10
-6.00000000000059
 20
-88.72733677368126
 30
0.0
 11
-6.00000000000059
 21
-88.82733677368127
 31
0.0
  0
LINE
  5
369
330
1F
100
AcDbEntity
  8
Hidden
 62
     7
370
    -3
100
AcDbLine
 10
-6.00000000000059
 20
-88.82733677368127
 30
0.0
 11
-6.150000000000589
 21
-88.97733677368126
 31
0.0
  0
LINE
  5
36A
330
1F
100
AcDbEntity
  8
Hidden
 62
     7
370
    -3
100
AcDbLine
 10
-6.00000000000059
 20
-91.26733677368127
 30
0.0
 11
-4.25000000000059
 21
-91.26733677368127
 31
0.0
  0
LINE
  5
36B
330
1F
100
AcDbEntity
  8
Hidden
 62
     7
370
    -3
100
AcDbLine
 10
-6.150000000000589
 20
-91.01733677368127
 30
0.0
 11
-6.00000000000059
 21
-91.16733677368127
 31
0.0
  0
LINE
  5
36C
330
1F
100
AcDbEntity
  8
Hidden
 62
     7
370
    -3
100
AcDbLine
 10
-4.25000000000059
 20
-91.16733677368127
 30
0.0
 11
-4.100000000000591
 21
-91.01733677368127
 31
0.0
  0
LINE
  5
36D
330
1F
100
AcDbEntity
  8
Hidden
 62
     7
370
    -3
100
AcDbLine
 10
-4.25000000000059
 20
-91.26733677368127
 30
0.0
 11
-4.25000000000059
 21
-91.16733677368127
 31
0.0
  0
LINE
  5
36E
330
1F
100
AcDbEntity
  8
Hidden
 62
     7
370
    -3
100
AcDbLine
 10
-6.00000000000059
 20
-91.16733677368127
 30
0.0
 11
-6.00000000000059
 21
-91.26733677368127
 31
0.0
  0
LINE
  5
36F
330
1F
100
AcDbEntity
  8
Hidden
 62
     7
370
    -3
100
AcDbLine
 10
-6.00000000000059
 20
-88.72733677368126
 30
0.0
 11
-4.25000000000059
 21
-88.72733677368126
 31
0.0
  0
LINE
  5
370
330
1F
100
AcDbEntity
  8
Hidden
 62
     7
370
    -3
100
AcDbLine
 10
-4.25000000000059
 20
-88.82733677368127
 30
0.0
 11
-4.25000000000059
 21
-88.72733677368126
 31
0.0
  0
LINE
  5
371
330
1F
100
AcDbEntity
  8
Hidden
 62
     7
370
    -3
100
AcDbLine
 10
-4.100000000000591
 20
-88.97733677368126
 30
0.0
 11
-4.25000000000059
 21
-88.82733677368127
 31
0.0
  0
LINE
  5
372
330
1F
100
AcDbEntity
  8
Hidden
 62
     7
370
    -3
100
AcDbLine
 10
-4.250000000000592
 20
-91.16733677368127
 30
0.0
 11
-4.250000000000592
 21
-91.01733677368128
 31
0.0
  0
LINE
  5
373
330
1F
100
AcDbEntity
  8
Hidden
 62
     7
370
    -3
100
AcDbLine
 10
-4.250000000000592
 20
-91.01733677368128
 30
0.0
 11
-4.250000000000592
 21
-90.7673367736813
 31
0.0
  0
LINE
  5
374
330
1F
100
AcDbEntity
  8
Hidden
 62
     7
370
    -3
100
AcDbLine
 10
-4.250000000000592
 20
-90.7673367736813
 30
0.0
 11
-4.250000000000592
 21
-88.82733677368127
 31
0.0
  0
LINE
  5
375
330
1F
100
AcDbEntity
  8
Hidden
 62
     7
370
    -3
100
AcDbLine
 10
-6.150000000000587
 20
-91.76733677368127
 30
0.0
 11
-3.65000000000059
 21
-91.76733677368127
 31
0.0
  0
LINE
  5
376
330
1F
100
AcDbEntity
  8
Hidden
 62
     7
370
    -3
100
AcDbLine
 10
-6.150000000000587
 20
-91.76733677368127
 30
0.0
 11
-6.150000000000589
 21
-91.51733677368127
 31
0.0
  0
LINE
  5
377
330
1F
100
AcDbEntity
  8
Hidden
 62
     7
370
    -3
100
AcDbLine
 10
-6.150000000000589
 20
-91.51733677368127
 30
0.0
 11
-4.100000000000591
 21
-91.51733677368127
 31
0.0
  0
LINE
  5
378
330
1F
100
AcDbEntity
  8
Hidden
 62
     7
370
    -3
100
AcDbLine
 10
-3.650000000000591
 20
-91.51733677368127
 30
0.0
 11
-4.100000000000591
 21
-91.51733677368127
 31
0.0
  0
LINE
  5
379
330
1F
100
AcDbEntity
  8
Hidden
 62
     7
370
    -3
100
AcDbLine
 10
-3.65000000000059
 20
-91.76733677368127
 30
0.0
 11
-3.650000000000591
 21
-91.51733677368127
 31
0.0
  0
LINE
  5
37A
330
1F
100
AcDbEntity
  8
Hidden
 62
     7
370
    -3
100
AcDbLine
 10
-6.150000000000587
 20
-93.30733677368126
 30
0.0
 11
-5.567490528898314
 21
-93.30733677368126
 31
0.0
  0
LINE
  5
37B
330
1F
100
AcDbEntity
  8
Hidden
 62
     7
370
    -3
100
AcDbLine
 10
-4.628507623358867
 20
-93.30733677368126
 30
0.0
 11
-3.65000000000059
 21
-93.30733677368126
 31
0.0
  0
LINE
  5
37C
330
1F
100
AcDbEntity
  8
Hidden
 62
     7
370
    -3
100
AcDbLine
 10
-6.150000000000587
 20
-93.30733677368126
 30
0.0
 11
-6.150000000000587
 21
-91.76733677368127
 31
0.0
  0
LINE
  5
37D
330
1F
100
AcDbEntity
  8
Hidden
 62
     7
370
    -3
100
AcDbLine
 10
-3.65000000000059
 20
-93.30733677368126
 30
0.0
 11
-3.65000000000059
 21
-91.76733677368127
 31
0.0
  0
LINE
  5
37E
330
1F
100
AcDbEntity
  8
Hidden
 62
     7
370
    -3
100
AcDbLine
 10
-6.150000000000589
 20
-93.55733677368126
 30
0.0
 11
-6.150000000000587
 21
-93.30733677368126
 31
0.0
  0
LINE
  5
37F
330
1F
100
AcDbEntity
  8
Hidden
 62
     7
370
    -3
100
AcDbLine
 10
-4.100000000000591
 20
-93.55733677368126
 30
0.0
 11
-3.650000000000591
 21
-93.55733677368126
 31
0.0
  0
LINE
  5
380
330
1F
100
AcDbEntity
  8
Hidden
 62
     7
370
    -3
100
AcDbLine
 10
-6.150000000000589
 20
-93.55733677368126
 30
0.0
 11
-5.631389676476136
 21
-93.55733677368126
 31
0.0
  0
LINE
  5
381
330
1F
100
AcDbEntity
  8
Hidden
 62
     7
370
    -3
100
AcDbLine
 10
-4.564608475781045
 20
-93.55733677368126
 30
0.0
 11
-4.100000000000591
 21
-93.55733677368126
 31
0.0
  0
LINE
  5
382
330
1F
100
AcDbEntity
  8
Hidden
 62
     7
370
    -3
100
AcDbLine
 10
-3.650000000000591
 20
-93.55733677368126
 30
0.0
 11
-3.65000000000059
 21
-93.30733677368126
 31
0.0
  0
LINE
  5
383
330
1F
100
AcDbEntity
  8
Hidden
 62
     7
370
    -3
100
AcDbLine
 10
-6.00000000000059
 20
-91.26733677368127
 30
0.0
 11
-4.25000000000059
 21
-91.26733677368127
 31
0.0
  0
LINE
  5
384
330
1F
100
AcDbEntity
  8
Hidden
 62
     7
370
    -3
100
AcDbLine
 10
-6.00000000000059
 20
-91.36733677368126
 30
0.0
 11
-6.150000000000589
 21
-91.51733677368127
 31
0.0
  0
LINE
  5
385
330
1F
100
AcDbEntity
  8
Hidden
 62
     7
370
    -3
100
AcDbLine
 10
-6.00000000000059
 20
-91.26733677368127
 30
0.0
 11
-6.00000000000059
 21
-91.36733677368126
 31
0.0
  0
LINE
  5
386
330
1F
100
AcDbEntity
  8
Hidden
 62
     7
370
    -3
100
AcDbLine
 10
-4.25000000000059
 20
-91.36733677368126
 30
0.0
 11
-4.25000000000059
 21
-91.26733677368127
 31
0.0
  0
LINE
  5
387
330
1F
100
AcDbEntity
  8
Hidden
 62
     7
370
    -3
100
AcDbLine
 10
-4.100000000000591
 20
-91.51733677368127
 30
0.0
 11
-4.25000000000059
 21
-91.36733677368126
 31
0.0
  0
LINE
  5
388
330
1F
100
AcDbEntity
  8
Hidden
 62
     7
370
    -3
100
AcDbLine
 10
-4.25000000000059
 20
-93.70733677368126
 30
0.0
 11
-4.100000000000591
 21
-93.55733677368126
 31
0.0
  0
LINE
  5
389
330
1F
100
AcDbEntity
  8
Hidden
 62
     7
370
    -3
100
AcDbLine
 10
-4.25000000000059
 20
-93.80733677368126
 30
0.0
 11
-4.25000000000059
 21
-93.70733677368126
 31
0.0
  0
LINE
  5
38A
330
1F
100
AcDbEntity
  8
Hidden
 62
     7
370
    -3
100
AcDbLine
 10
-6.00000000000059
 20
-93.80733677368126
 30
0.0
 11
-5.57085089314361
 21
-93.80733677368126
 31
0.0
  0
LINE
  5
38B
330
1F
100
AcDbEntity
  8
Hidden
 62
     7
370
    -3
100
AcDbLine
 10
-4.625147259113572
 20
-93.80733677368126
 30
0.0
 11
-4.25000000000059
 21
-93.80733677368126
 31
0.0
  0
LINE
  5
38C
330
1F
100
AcDbEntity
  8
Hidden
 62
     7
370
    -3
100
AcDbLine
 10
-6.00000000000059
 20
-93.70733677368126
 30
0.0
 11
-6.00000000000059
 21
-93.80733677368126
 31
0.0
  0
LINE
  5
38D
330
1F
100
AcDbEntity
  8
Hidden
 62
     7
370
    -3
100
AcDbLine
 10
-6.150000000000589
 20
-93.55733677368126
 30
0.0
 11
-6.00000000000059
 21
-93.70733677368126
 31
0.0
  0
LINE
  5
38E
330
1F
100
AcDbEntity
  8
Hidden
 62
     7
370
    -3
100
AcDbLine
 10
-4.250000000000592
 20
-93.70733677368126
 30
0.0
 11
-4.250000000000592
 21
-91.76733677368128
 31
0.0
  0
LINE
  5
38F
330
1F
100
AcDbEntity
  8
Hidden
 62
     7
370
    -3
100
AcDbLine
 10
-4.250000000000592
 20
-91.76733677368128
 30
0.0
 11
-4.250000000000592
 21
-91.51733677368128
 31
0.0
  0
LINE
  5
390
330
1F
100
AcDbEntity
  8
Hidden
 62
     7
370
    -3
100
AcDbLine
 10
-4.250000000000592
 20
-91.51733677368128
 30
0.0
 11
-4.250000000000592
 21
-91.36733677368126
 31
0.0
  0
LINE
  5
391
330
1F
100
AcDbEntity
  8
Hidden
 62
     7
370
    -3
100
AcDbLine
 10
-6.150000000000587
 20
-94.30733677368126
 30
0.0
 11
-6.150000000000589
 21
-94.05733677368126
 31
0.0
  0
LINE
  5
392
330
1F
100
AcDbEntity
  8
Hidden
 62
     7
370
    -3
100
AcDbLine
 10
-6.150000000000587
 20
-95.84733677368126
 30
0.0
 11
-6.150000000000587
 21
-94.30733677368126
 31
0.0
  0
LINE
  5
393
330
1F
100
AcDbEntity
  8
Hidden
 62
     7
370
    -3
100
AcDbLine
 10
-6.150000000000589
 20
-96.09733677368126
 30
0.0
 11
-6.150000000000587
 21
-95.84733677368126
 31
0.0
  0
LINE
  5
394
330
1F
100
AcDbEntity
  8
Hidden
 62
     7
370
    -3
100
AcDbLine
 10
-6.150000000000587
 20
-94.30733677368126
 30
0.0
 11
-3.65000000000059
 21
-94.30733677368126
 31
0.0
  0
LINE
  5
395
330
1F
100
AcDbEntity
  8
Hidden
 62
     7
370
    -3
100
AcDbLine
 10
-6.150000000000589
 20
-94.05733677368126
 30
0.0
 11
-5.292092221730632
 21
-94.05733677368126
 31
0.0
  0
LINE
  5
396
330
1F
100
AcDbEntity
  8
Hidden
 62
     7
370
    -3
100
AcDbLine
 10
-4.903905930526552
 20
-94.05733677368126
 30
0.0
 11
-4.100000000000591
 21
-94.05733677368126
 31
0.0
  0
LINE
  5
397
330
1F
100
AcDbEntity
  8
Hidden
 62
     7
370
    -3
100
AcDbLine
 10
-3.650000000000591
 20
-94.05733677368126
 30
0.0
 11
-4.100000000000591
 21
-94.05733677368126
 31
0.0
  0
LINE
  5
398
330
1F
100
AcDbEntity
  8
Hidden
 62
     7
370
    -3
100
AcDbLine
 10
-3.65000000000059
 20
-94.30733677368126
 30
0.0
 11
-3.650000000000591
 21
-94.05733677368126
 31
0.0
  0
LINE
  5
399
330
1F
100
AcDbEntity
  8
Hidden
 62
     7
370
    -3
100
AcDbLine
 10
-6.150000000000587
 20
-95.84733677368126
 30
0.0
 11
-3.65000000000059
 21
-95.84733677368126
 31
0.0
  0
LINE
  5
39A
330
1F
100
AcDbEntity
  8
Hidden
 62
     7
370
    -3
100
AcDbLine
 10
-3.65000000000059
 20
-95.84733677368126
 30
0.0
 11
-3.65000000000059
 21
-94.30733677368126
 31
0.0
  0
LINE
  5
39B
330
1F
100
AcDbEntity
  8
Hidden
 62
     7
370
    -3
100
AcDbLine
 10
-4.100000000000591
 20
-96.09733677368126
 30
0.0
 11
-3.650000000000591
 21
-96.09733677368126
 31
0.0
  0
LINE
  5
39C
330
1F
100
AcDbEntity
  8
Hidden
 62
     7
370
    -3
100
AcDbLine
 10
-6.150000000000589
 20
-96.09733677368126
 30
0.0
 11
-4.100000000000591
 21
-96.09733677368126
 31
0.0
  0
LINE
  5
39D
330
1F
100
AcDbEntity
  8
Hidden
 62
     7
370
    -3
100
AcDbLine
 10
-3.650000000000591
 20
-96.09733677368126
 30
0.0
 11
-3.65000000000059
 21
-95.84733677368126
 31
0.0
  0
LINE
  5
39E
330
1F
100
AcDbEntity
  8
Hidden
 62
     7
370
    -3
100
AcDbLine
 10
-6.00000000000059
 20
-93.80733677368126
 30
0.0
 11
-6.00000000000059
 21
-93.90733677368127
 31
0.0
  0
LINE
  5
39F
330
1F
100
AcDbEntity
  8
Hidden
 62
     7
370
    -3
100
AcDbLine
 10
-6.00000000000059
 20
-93.90733677368127
 30
0.0
 11
-6.150000000000589
 21
-94.05733677368126
 31
0.0
  0
LINE
  5
3A0
330
1F
100
AcDbEntity
  8
Hidden
 62
     7
370
    -3
100
AcDbLine
 10
-6.00000000000059
 20
-93.80733677368126
 30
0.0
 11
-5.57085089314361
 21
-93.80733677368126
 31
0.0
  0
LINE
  5
3A1
330
1F
100
AcDbEntity
  8
Hidden
 62
     7
370
    -3
100
AcDbLine
 10
-4.625147259113572
 20
-93.80733677368126
 30
0.0
 11
-4.25000000000059
 21
-93.80733677368126
 31
0.0
  0
LINE
  5
3A2
330
1F
100
AcDbEntity
  8
Hidden
 62
     7
370
    -3
100
AcDbLine
 10
-4.25000000000059
 20
-93.90733677368127
 30
0.0
 11
-4.25000000000059
 21
-93.80733677368126
 31
0.0
  0
LINE
  5
3A3
330
1F
100
AcDbEntity
  8
Hidden
 62
     7
370
    -3
100
AcDbLine
 10
-4.100000000000591
 20
-94.05733677368126
 30
0.0
 11
-4.25000000000059
 21
-93.90733677368127
 31
0.0
  0
LINE
  5
3A4
330
1F
100
AcDbEntity
  8
Hidden
 62
     7
370
    -3
100
AcDbLine
 10
-4.25000000000059
 20
-96.24733677368125
 30
0.0
 11
-4.100000000000591
 21
-96.09733677368126
 31
0.0
  0
LINE
  5
3A5
330
1F
100
AcDbEntity
  8
Hidden
 62
     7
370
    -3
100
AcDbLine
 10
-4.25000000000059
 20
-96.34733677368126
 30
0.0
 11
-4.25000000000059
 21
-96.24733677368125
 31
0.0
  0
LINE
  5
3A6
330
1F
100
AcDbEntity
  8
Hidden
 62
     7
370
    -3
100
AcDbLine
 10
-6.00000000000059
 20
-96.34733677368126
 30
0.0
 11
-4.25000000000059
 21
-96.34733677368126
 31
0.0
  0
LINE
  5
3A7
330
1F
100
AcDbEntity
  8
Hidden
 62
     7
370
    -3
100
AcDbLine
 10
-6.00000000000059
 20
-96.24733677368125
 30
0.0
 11
-6.00000000000059
 21
-96.34733677368126
 31
0.0
  0
LINE
  5
3A8
330
1F
100
AcDbEntity
  8
Hidden
 62
     7
370
    -3
100
AcDbLine
 10
-6.150000000000589
 20
-96.09733677368126
 30
0.0
 11
-6.00000000000059
 21
-96.24733677368125
 31
0.0
  0
LINE
  5
3A9
330
1F
100
AcDbEntity
  8
Hidden
 62
     7
370
    -3
100
AcDbLine
 10
-4.250000000000592
 20
-96.24733677368125
 30
0.0
 11
-4.250000000000592
 21
-96.09733677368128
 31
0.0
  0
LINE
  5
3AA
330
1F
100
AcDbEntity
  8
Hidden
 62
     7
370
    -3
100
AcDbLine
 10
-4.250000000000592
 20
-96.09733677368128
 30
0.0
 11
-4.250000000000592
 21
-95.84733677368128
 31
0.0
  0
LINE
  5
3AB
330
1F
100
AcDbEntity
  8
Hidden
 62
     7
370
    -3
100
AcDbLine
 10
-4.250000000000592
 20
-95.84733677368128
 30
0.0
 11
-4.250000000000592
 21
-93.90733677368127
 31
0.0
  0
LINE
  5
3AC
330
1F
100
AcDbEntity
  8
Hidden
370
    -3
100
AcDbLine
 10
-1.290000000000595
 20
-95.33333677368125
 30
0.0
 11
-1.290000000000595
 21
-94.82133677368125
 31
0.0
  0
ELLIPSE
  5
3AD
330
1F
100
AcDbEntity
  8
Hidden
370
    -3
100
AcDbEllipse
 10
-8.4399904763016
 20
-95.33333677368125
 30
-0.0000000000000054
 11
8.674667985916245E-16
 21
-0.064
 31
-5.162225293324156E-32
210
1.093276134963041E-44
220
-8.065977020818993E-31
230
1.0
 40
0.0003081026025338
 41
4.712388980384685
 42
6.283185307179586
  0
LINE
  5
3AE
330
1F
100
AcDbEntity
  8
Hidden
370
    -3
100
AcDbLine
 10
-0.6500000000005958
 20
-94.87018604133425
 30
0.0
 11
-0.6500000000005958
 21
-95.28448750602824
 31
0.0
  0
LINE
  5
3AF
330
1F
100
AcDbEntity
  8
Hidden
370
    -3
100
AcDbLine
 10
-1.18369088083576
 20
-95.37859160767678
 30
0.0
 11
-0.6500000000008386
 21
-95.28448750602757
 31
0.0
  0
LINE
  5
3B0
330
1F
100
AcDbEntity
  8
Hidden
370
    -3
100
AcDbLine
 10
-0.6500000000008386
 20
-94.87018604133495
 30
0.0
 11
-1.18369088083576
 21
-94.77608193968571
 31
0.0
  0
LINE
  5
3B1
330
1F
100
AcDbEntity
  8
Hidden
 62
     7
370
    -3
100
AcDbLine
 10
-6.150000000000587
 20
-98.38733677368127
 30
0.0
 11
-3.65000000000059
 21
-98.38733677368127
 31
0.0
  0
LINE
  5
3B2
330
1F
100
AcDbEntity
  8
Hidden
 62
     7
370
    -3
100
AcDbLine
 10
-6.150000000000587
 20
-98.38733677368127
 30
0.0
 11
-6.150000000000587
 21
-96.84733677368126
 31
0.0
  0
LINE
  5
3B3
330
1F
100
AcDbEntity
  8
Hidden
 62
     7
370
    -3
100
AcDbLine
 10
-6.150000000000587
 20
-96.84733677368126
 30
0.0
 11
-5.558504116808544
 21
-96.84733677368126
 31
0.0
  0
LINE
  5
3B4
330
1F
100
AcDbEntity
  8
Hidden
 62
     7
370
    -3
100
AcDbLine
 10
-4.637494035448638
 20
-96.84733677368126
 30
0.0
 11
-3.65000000000059
 21
-96.84733677368126
 31
0.0
  0
LINE
  5
3B5
330
1F
100
AcDbEntity
  8
Hidden
 62
     7
370
    -3
100
AcDbLine
 10
-3.65000000000059
 20
-98.38733677368127
 30
0.0
 11
-3.65000000000059
 21
-96.84733677368126
 31
0.0
  0
LINE
  5
3B6
330
1F
100
AcDbEntity
  8
Hidden
 62
     7
370
    -3
100
AcDbLine
 10
-6.150000000000587
 20
-96.84733677368126
 30
0.0
 11
-6.150000000000589
 21
-96.59733677368126
 31
0.0
  0
LINE
  5
3B7
330
1F
100
AcDbEntity
  8
Hidden
 62
     7
370
    -3
100
AcDbLine
 10
-6.150000000000589
 20
-98.63733677368127
 30
0.0
 11
-6.150000000000587
 21
-98.38733677368127
 31
0.0
  0
LINE
  5
3B8
330
1F
100
AcDbEntity
  8
Hidden
 62
     7
370
    -3
100
AcDbLine
 10
-6.150000000000589
 20
-96.59733677368126
 30
0.0
 11
-5.220398357892633
 21
-96.59733677368126
 31
0.0
  0
LINE
  5
3B9
330
1F
100
AcDbEntity
  8
Hidden
 62
     7
370
    -3
100
AcDbLine
 10
-4.975599794364549
 20
-96.59733677368126
 30
0.0
 11
-4.100000000000591
 21
-96.59733677368126
 31
0.0
  0
LINE
  5
3BA
330
1F
100
AcDbEntity
  8
Hidden
 62
     7
370
    -3
100
AcDbLine
 10
-3.650000000000591
 20
-96.59733677368126
 30
0.0
 11
-4.100000000000591
 21
-96.59733677368126
 31
0.0
  0
LINE
  5
3BB
330
1F
100
AcDbEntity
  8
Hidden
 62
     7
370
    -3
100
AcDbLine
 10
-3.65000000000059
 20
-96.84733677368126
 30
0.0
 11
-3.650000000000591
 21
-96.59733677368126
 31
0.0
  0
LINE
  5
3BC
330
1F
100
AcDbEntity
  8
Hidden
 62
     7
370
    -3
100
AcDbLine
 10
-3.650000000000591
 20
-98.63733677368127
 30
0.0
 11
-3.65000000000059
 21
-98.38733677368127
 31
0.0
  0
LINE
  5
3BD
330
1F
100
AcDbEntity
  8
Hidden
 62
     7
370
    -3
100
AcDbLine
 10
-4.100000000000591
 20
-98.63733677368127
 30
0.0
 11
-3.650000000000591
 21
-98.63733677368127
 31
0.0
  0
LINE
  5
3BE
330
1F
100
AcDbEntity
  8
Hidden
 62
     7
370
    -3
100
AcDbLine
 10
-6.150000000000589
 20
-98.63733677368127
 30
0.0
 11
-4.100000000000591
 21
-98.63733677368127
 31
0.0
  0
LINE
  5
3BF
330
1F
100
AcDbEntity
  8
Hidden
 62
     7
370
    -3
100
AcDbLine
 10
-6.00000000000059
 20
-96.44733677368127
 30
0.0
 11
-6.150000000000589
 21
-96.59733677368126
 31
0.0
  0
LINE
  5
3C0
330
1F
100
AcDbEntity
  8
Hidden
 62
     7
370
    -3
100
AcDbLine
 10
-6.00000000000059
 20
-96.34733677368126
 30
0.0
 11
-6.00000000000059
 21
-96.44733677368127
 31
0.0
  0
LINE
  5
3C1
330
1F
100
AcDbEntity
  8
Hidden
 62
     7
370
    -3
100
AcDbLine
 10
-6.00000000000059
 20
-96.34733677368126
 30
0.0
 11
-4.25000000000059
 21
-96.34733677368126
 31
0.0
  0
LINE
  5
3C2
330
1F
100
AcDbEntity
  8
Hidden
 62
     7
370
    -3
100
AcDbLine
 10
-4.25000000000059
 20
-96.44733677368127
 30
0.0
 11
-4.25000000000059
 21
-96.34733677368126
 31
0.0
  0
LINE
  5
3C3
330
1F
100
AcDbEntity
  8
Hidden
 62
     7
370
    -3
100
AcDbLine
 10
-4.100000000000591
 20
-96.59733677368126
 30
0.0
 11
-4.25000000000059
 21
-96.44733677368127
 31
0.0
  0
LINE
  5
3C4
330
1F
100
AcDbEntity
  8
Hidden
 62
     7
370
    -3
100
AcDbLine
 10
-4.25000000000059
 20
-98.88733677368127
 30
0.0
 11
-4.25000000000059
 21
-98.78733677368126
 31
0.0
  0
LINE
  5
3C5
330
1F
100
AcDbEntity
  8
Hidden
 62
     7
370
    -3
100
AcDbLine
 10
-4.250000000000592
 20
-98.78733677368126
 30
0.0
 11
-4.250000000000592
 21
-98.63733677368128
 31
0.0
  0
LINE
  5
3C6
330
1F
100
AcDbEntity
  8
Hidden
 62
     7
370
    -3
100
AcDbLine
 10
-4.250000000000592
 20
-98.63733677368128
 30
0.0
 11
-4.250000000000592
 21
-98.38733677368128
 31
0.0
  0
LINE
  5
3C7
330
1F
100
AcDbEntity
  8
Hidden
 62
     7
370
    -3
100
AcDbLine
 10
-4.250000000000592
 20
-98.38733677368128
 30
0.0
 11
-4.250000000000592
 21
-96.44733677368127
 31
0.0
  0
LINE
  5
3C8
330
1F
100
AcDbEntity
  8
Hidden
 62
     7
370
    -3
100
AcDbLine
 10
-6.00000000000059
 20
-98.78733677368126
 30
0.0
 11
-6.00000000000059
 21
-98.88733677368127
 31
0.0
  0
LINE
  5
3C9
330
1F
100
AcDbEntity
  8
Hidden
 62
     7
370
    -3
100
AcDbLine
 10
-4.25000000000059
 20
-98.78733677368126
 30
0.0
 11
-4.100000000000591
 21
-98.63733677368127
 31
0.0
  0
LINE
  5
3CA
330
1F
100
AcDbEntity
  8
Hidden
 62
     7
370
    -3
100
AcDbLine
 10
-6.150000000000589
 20
-98.63733677368127
 30
0.0
 11
-6.00000000000059
 21
-98.78733677368126
 31
0.0
  0
LINE
  5
3CB
330
1F
100
AcDbEntity
  8
Hidden
370
    -3
100
AcDbLine
 10
-1.290000000000595
 20
-97.87333677368126
 30
0.0
 11
-1.290000000000595
 21
-97.36133677368124
 31
0.0
  0
ELLIPSE
  5
3CC
330
1F
100
AcDbEntity
  8
Hidden
370
    -3
100
AcDbEllipse
 10
-8.4399904763016
 20
-97.87333677368125
 30
-0.0000000000000029
 11
8.674667985916245E-16
 21
-0.064
 31
-5.162225293324156E-32
210
1.093276134963041E-44
220
-8.065977020818993E-31
230
1.0
 40
0.0003081026025338
 41
4.712388980384685
 42
6.283185307179586
  0
ELLIPSE
  5
3CD
330
1F
100
AcDbEntity
  8
Hidden
370
    -3
100
AcDbEllipse
 10
-8.4399809526036
 20
-97.36133677368124
 30
-0.0000000000000007
 11
-8.535083670729966E-20
 21
0.06399999999999999
 31
5.110317601077246E-32
210
-1.064867878642538E-48
220
7.984871251683199E-31
230
-1.0
 40
0.0002976155840131
 41
4.712388980384694
 42
5.651962641294577
  0
ELLIPSE
  5
3CE
330
1F
100
AcDbEntity
  8
Hidden
370
    -3
100
AcDbEllipse
 10
-8.4399809526036
 20
-97.36133677368124
 30
-0.0000000000000007
 11
-8.535083670729966E-20
 21
0.06399999999999999
 31
5.110317601077246E-32
210
-1.064867878642538E-48
220
7.984871251683199E-31
230
-1.0
 40
0.0002976155840131
 41
5.651962641294577
 42
6.283185307179586
  0
LINE
  5
3CF
330
1F
100
AcDbEntity
  8
Hidden
370
    -3
100
AcDbLine
 10
-0.6500000000005958
 20
-97.41018604133426
 30
0.0
 11
-0.6500000000005958
 21
-97.82448750602825
 31
0.0
  0
LINE
  5
3D0
330
1F
100
AcDbEntity
  8
Hidden
370
    -3
100
AcDbLine
 10
-1.183690880835759
 20
-97.9185916076768
 30
0.0
 11
-0.6500000000008386
 21
-97.82448750602755
 31
0.0
  0
LINE
  5
3D1
330
1F
100
AcDbEntity
  8
Hidden
370
    -3
100
AcDbLine
 10
-0.6500000000008386
 20
-97.41018604133494
 30
0.0
 11
-1.183690880835759
 21
-97.31608193968572
 31
0.0
  0
LINE
  5
3D2
330
1F
100
AcDbEntity
  8
Hidden
370
    -3
100
AcDbLine
 10
-1.290000000000595
 20
-100.4133367736813
 30
0.0
 11
-1.290000000000595
 21
-99.90133677368127
 31
0.0
  0
ELLIPSE
  5
3D3
330
1F
100
AcDbEntity
  8
Hidden
370
    -3
100
AcDbEllipse
 10
-8.4399904763016
 20
-100.4133367736813
 30
-0.0000000000000004
 11
8.674667985916245E-16
 21
-0.064
 31
-5.162225293324156E-32
210
1.093276134963041E-44
220
-8.065977020818993E-31
230
1.0
 40
0.0003081026025338
 41
4.712388980384685
 42
6.283185307179586
  0
ELLIPSE
  5
3D4
330
1F
100
AcDbEntity
  8
Hidden
370
    -3
100
AcDbEllipse
 10
-8.4399809526036
 20
-99.90133677368125
 30
0.0000000000000018
 11
-8.535083670729966E-20
 21
0.06399999999999999
 31
5.110317601077246E-32
210
-1.064867878642538E-48
220
7.984871251683199E-31
230
-1.0
 40
0.0002976155840131
 41
4.712388980384694
 42
6.283185307179586
  0
LINE
  5
3D5
330
1F
100
AcDbEntity
  8
Hidden
370
    -3
100
AcDbLine
 10
-0.6500000000005958
 20
-99.95018604133425
 30
0.0
 11
-0.6500000000005958
 21
-100.3644875060283
 31
0.0
  0
LINE
  5
3D6
330
1F
100
AcDbEntity
  8
Hidden
370
    -3
100
AcDbLine
 10
-1.183690880835759
 20
-100.4585916076768
 30
0.0
 11
-0.6500000000008386
 21
-100.3644875060276
 31
0.0
  0
LINE
  5
3D7
330
1F
100
AcDbEntity
  8
Hidden
370
    -3
100
AcDbLine
 10
-0.6500000000008386
 20
-99.95018604133494
 30
0.0
 11
-1.183690880835759
 21
-99.85608193968574
 31
0.0
  0
LINE
  5
3D8
330
1F
100
AcDbEntity
  8
Hidden
370
    -3
100
AcDbLine
 10
-1.290000000000595
 20
-102.9533367736813
 30
0.0
 11
-1.290000000000595
 21
-102.4413367736813
 31
0.0
  0
ELLIPSE
  5
3D9
330
1F
100
AcDbEntity
  8
Hidden
370
    -3
100
AcDbEllipse
 10
-8.4399904763016
 20
-102.9533367736812
 30
0.000000000000002
 11
8.674667985916245E-16
 21
-0.064
 31
-5.162225293324156E-32
210
1.093276134963041E-44
220
-8.065977020818993E-31
230
1.0
 40
0.0003081026025338
 41
4.712388980384685
 42
6.283185307179586
  0
LINE
  5
3DA
330
1F
100
AcDbEntity
  8
Hidden
370
    -3
100
AcDbLine
 10
-0.6500000000005958
 20
-102.4901860413343
 30
0.0
 11
-0.6500000000005958
 21
-102.9044875060282
 31
0.0
  0
LINE
  5
3DB
330
1F
100
AcDbEntity
  8
Hidden
370
    -3
100
AcDbLine
 10
-1.183690880835759
 20
-102.9985916076768
 30
0.0
 11
-0.6500000000008386
 21
-102.9044875060276
 31
0.0
  0
LINE
  5
3DC
330
1F
100
AcDbEntity
  8
Hidden
370
    -3
100
AcDbLine
 10
-0.6500000000008395
 20
-102.490186041335
 30
0.0
 11
-1.183690880835759
 21
-102.3960819396857
 31
0.0
  0
LINE
  5
3DD
330
1F
100
AcDbEntity
  8
Hidden
370
    -3
100
AcDbLine
 10
-1.290000000000595
 20
-105.4933367736812
 30
0.0
 11
-1.290000000000595
 21
-104.9813367736813
 31
0.0
  0
ELLIPSE
  5
3DE
330
1F
100
AcDbEntity
  8
Hidden
370
    -3
100
AcDbEllipse
 10
-8.4399904763016
 20
-105.4933367736812
 30
0.0000000000000045
 11
8.674667985916245E-16
 21
-0.064
 31
-5.162225293324156E-32
210
1.093276134963041E-44
220
-8.065977020818993E-31
230
1.0
 40
0.0003081026025338
 41
4.712388980384685
 42
6.283185307179586
  0
ELLIPSE
  5
3DF
330
1F
100
AcDbEntity
  8
Hidden
370
    -3
100
AcDbEllipse
 10
-8.4399809526036
 20
-104.9813367736812
 30
0.0000000000000068
 11
-8.535083670729966E-20
 21
0.06399999999999999
 31
5.110317601077246E-32
210
-1.064867878642538E-48
220
7.984871251683199E-31
230
-1.0
 40
0.0002976155840131
 41
4.712388980384694
 42
6.283185307179586
  0
LINE
  5
3E0
330
1F
100
AcDbEntity
  8
Hidden
370
    -3
100
AcDbLine
 10
-0.6500000000005958
 20
-105.0301860413342
 30
0.0
 11
-0.6500000000005958
 21
-105.4444875060283
 31
0.0
  0
LINE
  5
3E1
330
1F
100
AcDbEntity
  8
Hidden
370
    -3
100
AcDbLine
 10
-1.18369088083576
 20
-105.5385916076768
 30
0.0
 11
-0.6500000000008386
 21
-105.4444875060276
 31
0.0
  0
LINE
  5
3E2
330
1F
100
AcDbEntity
  8
Hidden
370
    -3
100
AcDbLine
 10
-0.6500000000008386
 20
-105.0301860413349
 30
0.0
 11
-1.183690880835759
 21
-104.9360819396857
 31
0.0
  0
LINE
  5
3E3
330
1F
100
AcDbEntity
  8
Hidden
 62
     7
370
    -3
100
AcDbLine
 10
-6.150000000000587
 20
-99.38733677368127
 30
0.0
 11
-6.150000000000589
 21
-99.13733677368127
 31
0.0
  0
LINE
  5
3E4
330
1F
100
AcDbEntity
  8
Hidden
 62
     7
370
    -3
100
AcDbLine
 10
-6.150000000000587
 20
-100.9273367736813
 30
0.0
 11
-6.150000000000587
 21
-99.38733677368127
 31
0.0
  0
LINE
  5
3E5
330
1F
100
AcDbEntity
  8
Hidden
 62
     7
370
    -3
100
AcDbLine
 10
-6.150000000000589
 20
-101.1773367736813
 30
0.0
 11
-6.150000000000587
 21
-100.9273367736813
 31
0.0
  0
LINE
  5
3E6
330
1F
100
AcDbEntity
  8
Hidden
 62
     7
370
    -3
100
AcDbLine
 10
-6.150000000000587
 20
-99.38733677368127
 30
0.0
 11
-3.65000000000059
 21
-99.38733677368127
 31
0.0
  0
LINE
  5
3E7
330
1F
100
AcDbEntity
  8
Hidden
 62
     7
370
    -3
100
AcDbLine
 10
-6.150000000000589
 20
-99.13733677368127
 30
0.0
 11
-4.100000000000591
 21
-99.13733677368127
 31
0.0
  0
LINE
  5
3E8
330
1F
100
AcDbEntity
  8
Hidden
 62
     7
370
    -3
100
AcDbLine
 10
-3.650000000000591
 20
-99.13733677368127
 30
0.0
 11
-4.100000000000591
 21
-99.13733677368127
 31
0.0
  0
LINE
  5
3E9
330
1F
100
AcDbEntity
  8
Hidden
 62
     7
370
    -3
100
AcDbLine
 10
-3.65000000000059
 20
-99.38733677368127
 30
0.0
 11
-3.650000000000591
 21
-99.13733677368127
 31
0.0
  0
LINE
  5
3EA
330
1F
100
AcDbEntity
  8
Hidden
 62
     7
370
    -3
100
AcDbLine
 10
-6.150000000000587
 20
-100.9273367736813
 30
0.0
 11
-5.566587922261847
 21
-100.9273367736813
 31
0.0
  0
LINE
  5
3EB
330
1F
100
AcDbEntity
  8
Hidden
 62
     7
370
    -3
100
AcDbLine
 10
-4.629410229995334
 20
-100.9273367736813
 30
0.0
 11
-3.65000000000059
 21
-100.9273367736813
 31
0.0
  0
LINE
  5
3EC
330
1F
100
AcDbEntity
  8
Hidden
 62
     7
370
    -3
100
AcDbLine
 10
-3.65000000000059
 20
-100.9273367736813
 30
0.0
 11
-3.65000000000059
 21
-99.38733677368127
 31
0.0
  0
LINE
  5
3ED
330
1F
100
AcDbEntity
  8
Hidden
 62
     7
370
    -3
100
AcDbLine
 10
-4.100000000000591
 20
-101.1773367736813
 30
0.0
 11
-3.650000000000591
 21
-101.1773367736813
 31
0.0
  0
LINE
  5
3EE
330
1F
100
AcDbEntity
  8
Hidden
 62
     7
370
    -3
100
AcDbLine
 10
-6.150000000000589
 20
-101.1773367736813
 30
0.0
 11
-5.270216424371414
 21
-101.1773367736813
 31
0.0
  0
LINE
  5
3EF
330
1F
100
AcDbEntity
  8
Hidden
 62
     7
370
    -3
100
AcDbLine
 10
-4.925781727885767
 20
-101.1773367736813
 30
0.0
 11
-4.100000000000591
 21
-101.1773367736813
 31
0.0
  0
LINE
  5
3F0
330
1F
100
AcDbEntity
  8
Hidden
 62
     7
370
    -3
100
AcDbLine
 10
-3.650000000000591
 20
-101.1773367736813
 30
0.0
 11
-3.65000000000059
 21
-100.9273367736813
 31
0.0
  0
LINE
  5
3F1
330
1F
100
AcDbEntity
  8
Hidden
 62
     7
370
    -3
100
AcDbLine
 10
-6.00000000000059
 20
-98.98733677368126
 30
0.0
 11
-6.150000000000589
 21
-99.13733677368127
 31
0.0
  0
LINE
  5
3F2
330
1F
100
AcDbEntity
  8
Hidden
 62
     7
370
    -3
100
AcDbLine
 10
-6.00000000000059
 20
-98.88733677368127
 30
0.0
 11
-6.00000000000059
 21
-98.98733677368126
 31
0.0
  0
LINE
  5
3F3
330
1F
100
AcDbEntity
  8
Hidden
 62
     7
370
    -3
100
AcDbLine
 10
-6.00000000000059
 20
-98.88733677368127
 30
0.0
 11
-4.25000000000059
 21
-98.88733677368127
 31
0.0
  0
LINE
  5
3F4
330
1F
100
AcDbEntity
  8
Hidden
 62
     7
370
    -3
100
AcDbLine
 10
-4.25000000000059
 20
-98.98733677368126
 30
0.0
 11
-4.25000000000059
 21
-98.88733677368127
 31
0.0
  0
LINE
  5
3F5
330
1F
100
AcDbEntity
  8
Hidden
 62
     7
370
    -3
100
AcDbLine
 10
-4.100000000000591
 20
-99.13733677368127
 30
0.0
 11
-4.25000000000059
 21
-98.98733677368126
 31
0.0
  0
LINE
  5
3F6
330
1F
100
AcDbEntity
  8
Hidden
 62
     7
370
    -3
100
AcDbLine
 10
-6.00000000000059
 20
-101.4273367736813
 30
0.0
 11
-4.25000000000059
 21
-101.4273367736813
 31
0.0
  0
LINE
  5
3F7
330
1F
100
AcDbEntity
  8
Hidden
 62
     7
370
    -3
100
AcDbLine
 10
-4.25000000000059
 20
-101.3273367736813
 30
0.0
 11
-4.100000000000591
 21
-101.1773367736813
 31
0.0
  0
LINE
  5
3F8
330
1F
100
AcDbEntity
  8
Hidden
 62
     7
370
    -3
100
AcDbLine
 10
-4.25000000000059
 20
-101.4273367736813
 30
0.0
 11
-4.25000000000059
 21
-101.3273367736813
 31
0.0
  0
LINE
  5
3F9
330
1F
100
AcDbEntity
  8
Hidden
 62
     7
370
    -3
100
AcDbLine
 10
-6.00000000000059
 20
-101.3273367736813
 30
0.0
 11
-6.00000000000059
 21
-101.4273367736813
 31
0.0
  0
LINE
  5
3FA
330
1F
100
AcDbEntity
  8
Hidden
 62
     7
370
    -3
100
AcDbLine
 10
-6.150000000000589
 20
-101.1773367736813
 30
0.0
 11
-6.00000000000059
 21
-101.3273367736813
 31
0.0
  0
LINE
  5
3FB
330
1F
100
AcDbEntity
  8
Hidden
 62
     7
370
    -3
100
AcDbLine
 10
-4.250000000000592
 20
-101.3273367736813
 30
0.0
 11
-4.250000000000592
 21
-98.98733677368126
 31
0.0
  0
LINE
  5
3FC
330
1F
100
AcDbEntity
  8
Hidden
 62
     7
370
    -3
100
AcDbLine
 10
-4.100000000000591
 20
-103.7173367736813
 30
0.0
 11
-3.650000000000591
 21
-103.7173367736813
 31
0.0
  0
LINE
  5
3FD
330
1F
100
AcDbEntity
  8
Hidden
 62
     7
370
    -3
100
AcDbLine
 10
-6.150000000000589
 20
-103.7173367736813
 30
0.0
 11
-4.100000000000591
 21
-103.7173367736813
 31
0.0
  0
LINE
  5
3FE
330
1F
100
AcDbEntity
  8
Hidden
 62
     7
370
    -3
100
AcDbLine
 10
-6.150000000000589
 20
-103.7173367736813
 30
0.0
 11
-6.150000000000587
 21
-103.4673367736813
 31
0.0
  0
LINE
  5
3FF
330
1F
100
AcDbEntity
  8
Hidden
 62
     7
370
    -3
100
AcDbLine
 10
-6.150000000000587
 20
-103.4673367736813
 30
0.0
 11
-3.65000000000059
 21
-103.4673367736813
 31
0.0
  0
LINE
  5
400
330
1F
100
AcDbEntity
  8
Hidden
 62
     7
370
    -3
100
AcDbLine
 10
-3.650000000000591
 20
-103.7173367736813
 30
0.0
 11
-3.65000000000059
 21
-103.4673367736813
 31
0.0
  0
LINE
  5
401
330
1F
100
AcDbEntity
  8
Hidden
 62
     7
370
    -3
100
AcDbLine
 10
-6.150000000000587
 20
-101.9273367736813
 30
0.0
 11
-6.150000000000589
 21
-101.6773367736813
 31
0.0
  0
LINE
  5
402
330
1F
100
AcDbEntity
  8
Hidden
 62
     7
370
    -3
100
AcDbLine
 10
-6.150000000000587
 20
-103.4673367736813
 30
0.0
 11
-6.150000000000587
 21
-101.9273367736813
 31
0.0
  0
LINE
  5
403
330
1F
100
AcDbEntity
  8
Hidden
 62
     7
370
    -3
100
AcDbLine
 10
-6.150000000000587
 20
-101.9273367736813
 30
0.0
 11
-3.65000000000059
 21
-101.9273367736813
 31
0.0
  0
LINE
  5
404
330
1F
100
AcDbEntity
  8
Hidden
 62
     7
370
    -3
100
AcDbLine
 10
-3.65000000000059
 20
-103.4673367736813
 30
0.0
 11
-3.65000000000059
 21
-101.9273367736813
 31
0.0
  0
LINE
  5
405
330
1F
100
AcDbEntity
  8
Hidden
 62
     7
370
    -3
100
AcDbLine
 10
-6.150000000000589
 20
-101.6773367736813
 30
0.0
 11
-4.100000000000591
 21
-101.6773367736813
 31
0.0
  0
LINE
  5
406
330
1F
100
AcDbEntity
  8
Hidden
 62
     7
370
    -3
100
AcDbLine
 10
-3.650000000000591
 20
-101.6773367736813
 30
0.0
 11
-4.100000000000591
 21
-101.6773367736813
 31
0.0
  0
LINE
  5
407
330
1F
100
AcDbEntity
  8
Hidden
 62
     7
370
    -3
100
AcDbLine
 10
-3.65000000000059
 20
-101.9273367736813
 30
0.0
 11
-3.650000000000591
 21
-101.6773367736813
 31
0.0
  0
LINE
  5
408
330
1F
100
AcDbEntity
  8
Hidden
 62
     7
370
    -3
100
AcDbLine
 10
-6.00000000000059
 20
-101.5273367736813
 30
0.0
 11
-6.150000000000589
 21
-101.6773367736813
 31
0.0
  0
LINE
  5
409
330
1F
100
AcDbEntity
  8
Hidden
 62
     7
370
    -3
100
AcDbLine
 10
-6.150000000000589
 20
-103.7173367736813
 30
0.0
 11
-6.00000000000059
 21
-103.8673367736813
 31
0.0
  0
LINE
  5
40A
330
1F
100
AcDbEntity
  8
Hidden
 62
     7
370
    -3
100
AcDbLine
 10
-4.25000000000059
 20
-103.8673367736813
 30
0.0
 11
-4.100000000000591
 21
-103.7173367736813
 31
0.0
  0
LINE
  5
40B
330
1F
100
AcDbEntity
  8
Hidden
 62
     7
370
    -3
100
AcDbLine
 10
-4.25000000000059
 20
-103.9673367736813
 30
0.0
 11
-4.25000000000059
 21
-103.8673367736813
 31
0.0
  0
LINE
  5
40C
330
1F
100
AcDbEntity
  8
Hidden
 62
     7
370
    -3
100
AcDbLine
 10
-6.00000000000059
 20
-103.9673367736813
 30
0.0
 11
-4.25000000000059
 21
-103.9673367736813
 31
0.0
  0
LINE
  5
40D
330
1F
100
AcDbEntity
  8
Hidden
 62
     7
370
    -3
100
AcDbLine
 10
-6.00000000000059
 20
-103.8673367736813
 30
0.0
 11
-6.00000000000059
 21
-103.9673367736813
 31
0.0
  0
LINE
  5
40E
330
1F
100
AcDbEntity
  8
Hidden
 62
     7
370
    -3
100
AcDbLine
 10
-6.00000000000059
 20
-101.4273367736813
 30
0.0
 11
-6.00000000000059
 21
-101.5273367736813
 31
0.0
  0
LINE
  5
40F
330
1F
100
AcDbEntity
  8
Hidden
 62
     7
370
    -3
100
AcDbLine
 10
-6.00000000000059
 20
-101.4273367736813
 30
0.0
 11
-4.25000000000059
 21
-101.4273367736813
 31
0.0
  0
LINE
  5
410
330
1F
100
AcDbEntity
  8
Hidden
 62
     7
370
    -3
100
AcDbLine
 10
-4.25000000000059
 20
-101.5273367736813
 30
0.0
 11
-4.25000000000059
 21
-101.4273367736813
 31
0.0
  0
LINE
  5
411
330
1F
100
AcDbEntity
  8
Hidden
 62
     7
370
    -3
100
AcDbLine
 10
-4.100000000000591
 20
-101.6773367736813
 30
0.0
 11
-4.25000000000059
 21
-101.5273367736813
 31
0.0
  0
LINE
  5
412
330
1F
100
AcDbEntity
  8
Hidden
 62
     7
370
    -3
100
AcDbLine
 10
-4.250000000000592
 20
-103.8673367736813
 30
0.0
 11
-4.250000000000592
 21
-101.5273367736813
 31
0.0
  0
LINE
  5
413
330
1F
100
AcDbEntity
  8
Hidden
 62
     7
370
    -3
100
AcDbLine
 10
-6.150000000000587
 20
-104.4673367736813
 30
0.0
 11
-6.150000000000589
 21
-104.2173367736813
 31
0.0
  0
LINE
  5
414
330
1F
100
AcDbEntity
  8
Hidden
 62
     7
370
    -3
100
AcDbLine
 10
-6.150000000000587
 20
-106.0073367736813
 30
0.0
 11
-6.150000000000587
 21
-104.4673367736813
 31
0.0
  0
LINE
  5
415
330
1F
100
AcDbEntity
  8
Hidden
 62
     7
370
    -3
100
AcDbLine
 10
-6.150000000000589
 20
-106.2573367736813
 30
0.0
 11
-6.150000000000587
 21
-106.0073367736813
 31
0.0
  0
LINE
  5
416
330
1F
100
AcDbEntity
  8
Hidden
 62
     7
370
    -3
100
AcDbLine
 10
-6.150000000000587
 20
-106.0073367736813
 30
0.0
 11
-3.65000000000059
 21
-106.0073367736813
 31
0.0
  0
LINE
  5
417
330
1F
100
AcDbEntity
  8
Hidden
 62
     7
370
    -3
100
AcDbLine
 10
-6.150000000000587
 20
-104.4673367736813
 30
0.0
 11
-3.65000000000059
 21
-104.4673367736813
 31
0.0
  0
LINE
  5
418
330
1F
100
AcDbEntity
  8
Hidden
 62
     7
370
    -3
100
AcDbLine
 10
-3.65000000000059
 20
-106.0073367736813
 30
0.0
 11
-3.65000000000059
 21
-104.4673367736813
 31
0.0
  0
LINE
  5
419
330
1F
100
AcDbEntity
  8
Hidden
 62
     7
370
    -3
100
AcDbLine
 10
-6.150000000000589
 20
-104.2173367736813
 30
0.0
 11
-4.100000000000591
 21
-104.2173367736813
 31
0.0
  0
LINE
  5
41A
330
1F
100
AcDbEntity
  8
Hidden
 62
     7
370
    -3
100
AcDbLine
 10
-3.650000000000591
 20
-104.2173367736813
 30
0.0
 11
-4.100000000000591
 21
-104.2173367736813
 31
0.0
  0
LINE
  5
41B
330
1F
100
AcDbEntity
  8
Hidden
 62
     7
370
    -3
100
AcDbLine
 10
-3.65000000000059
 20
-104.4673367736813
 30
0.0
 11
-3.650000000000591
 21
-104.2173367736813
 31
0.0
  0
LINE
  5
41C
330
1F
100
AcDbEntity
  8
Hidden
 62
     7
370
    -3
100
AcDbLine
 10
-4.100000000000591
 20
-106.2573367736813
 30
0.0
 11
-3.650000000000591
 21
-106.2573367736813
 31
0.0
  0
LINE
  5
41D
330
1F
100
AcDbEntity
  8
Hidden
 62
     7
370
    -3
100
AcDbLine
 10
-6.150000000000589
 20
-106.2573367736813
 30
0.0
 11
-4.100000000000591
 21
-106.2573367736813
 31
0.0
  0
LINE
  5
41E
330
1F
100
AcDbEntity
  8
Hidden
 62
     7
370
    -3
100
AcDbLine
 10
-3.650000000000591
 20
-106.2573367736813
 30
0.0
 11
-3.65000000000059
 21
-106.0073367736813
 31
0.0
  0
LINE
  5
41F
330
1F
100
AcDbEntity
  8
Hidden
 62
     7
370
    -3
100
AcDbLine
 10
-6.00000000000059
 20
-103.9673367736813
 30
0.0
 11
-4.25000000000059
 21
-103.9673367736813
 31
0.0
  0
LINE
  5
420
330
1F
100
AcDbEntity
  8
Hidden
 62
     7
370
    -3
100
AcDbLine
 10
-6.00000000000059
 20
-106.5073367736813
 30
0.0
 11
-4.25000000000059
 21
-106.5073367736813
 31
0.0
  0
LINE
  5
421
330
1F
100
AcDbEntity
  8
Hidden
 62
     7
370
    -3
100
AcDbLine
 10
-6.00000000000059
 20
-103.9673367736813
 30
0.0
 11
-6.00000000000059
 21
-104.0673367736813
 31
0.0
  0
LINE
  5
422
330
1F
100
AcDbEntity
  8
Hidden
 62
     7
370
    -3
100
AcDbLine
 10
-6.00000000000059
 20
-106.4073367736813
 30
0.0
 11
-6.00000000000059
 21
-106.5073367736813
 31
0.0
  0
LINE
  5
423
330
1F
100
AcDbEntity
  8
Hidden
 62
     7
370
    -3
100
AcDbLine
 10
-6.150000000000589
 20
-106.2573367736813
 30
0.0
 11
-6.00000000000059
 21
-106.4073367736813
 31
0.0
  0
LINE
  5
424
330
1F
100
AcDbEntity
  8
Hidden
 62
     7
370
    -3
100
AcDbLine
 10
-6.00000000000059
 20
-104.0673367736813
 30
0.0
 11
-6.150000000000589
 21
-104.2173367736813
 31
0.0
  0
LINE
  5
425
330
1F
100
AcDbEntity
  8
Hidden
 62
     7
370
    -3
100
AcDbLine
 10
-4.25000000000059
 20
-104.0673367736813
 30
0.0
 11
-4.25000000000059
 21
-103.9673367736813
 31
0.0
  0
LINE
  5
426
330
1F
100
AcDbEntity
  8
Hidden
 62
     7
370
    -3
100
AcDbLine
 10
-4.100000000000591
 20
-104.2173367736813
 30
0.0
 11
-4.25000000000059
 21
-104.0673367736813
 31
0.0
  0
LINE
  5
427
330
1F
100
AcDbEntity
  8
Hidden
 62
     7
370
    -3
100
AcDbLine
 10
-4.25000000000059
 20
-106.4073367736813
 30
0.0
 11
-4.100000000000591
 21
-106.2573367736813
 31
0.0
  0
LINE
  5
428
330
1F
100
AcDbEntity
  8
Hidden
 62
     7
370
    -3
100
AcDbLine
 10
-4.25000000000059
 20
-106.5073367736813
 30
0.0
 11
-4.25000000000059
 21
-106.4073367736813
 31
0.0
  0
LINE
  5
429
330
1F
100
AcDbEntity
  8
Hidden
 62
     7
370
    -3
100
AcDbLine
 10
-4.250000000000592
 20
-106.4073367736813
 30
0.0
 11
-4.250000000000592
 21
-104.0673367736813
 31
0.0
  0
LINE
  5
42A
330
1F
100
AcDbEntity
  8
Hidden
 62
     7
370
    -3
100
AcDbLine
 10
-6.150000000000587
 20
-73.98733677368126
 30
0.0
 11
-3.65000000000059
 21
-73.98733677368126
 31
0.0
  0
LINE
  5
42B
330
1F
100
AcDbEntity
  8
Hidden
 62
     7
370
    -3
100
AcDbLine
 10
-6.150000000000587
 20
-73.98733677368126
 30
0.0
 11
-6.150000000000589
 21
-73.73733677368128
 31
0.0
  0
LINE
  5
42C
330
1F
100
AcDbEntity
  8
Hidden
 62
     7
370
    -3
100
AcDbLine
 10
-6.150000000000589
 20
-73.73733677368128
 30
0.0
 11
-4.100000000000591
 21
-73.73733677368128
 31
0.0
  0
LINE
  5
42D
330
1F
100
AcDbEntity
  8
Hidden
 62
     7
370
    -3
100
AcDbLine
 10
-3.650000000000591
 20
-73.73733677368128
 30
0.0
 11
-4.100000000000591
 21
-73.73733677368128
 31
0.0
  0
LINE
  5
42E
330
1F
100
AcDbEntity
  8
Hidden
 62
     7
370
    -3
100
AcDbLine
 10
-3.65000000000059
 20
-73.98733677368126
 30
0.0
 11
-3.650000000000591
 21
-73.73733677368128
 31
0.0
  0
LINE
  5
42F
330
1F
100
AcDbEntity
  8
Hidden
 62
     7
370
    -3
100
AcDbLine
 10
-4.100000000000591
 20
-75.77733677368126
 30
0.0
 11
-3.650000000000591
 21
-75.77733677368126
 31
0.0
  0
LINE
  5
430
330
1F
100
AcDbEntity
  8
Hidden
 62
     7
370
    -3
100
AcDbLine
 10
-6.150000000000589
 20
-75.77733677368126
 30
0.0
 11
-4.100000000000591
 21
-75.77733677368126
 31
0.0
  0
LINE
  5
431
330
1F
100
AcDbEntity
  8
Hidden
 62
     7
370
    -3
100
AcDbLine
 10
-6.150000000000589
 20
-75.77733677368126
 30
0.0
 11
-6.150000000000587
 21
-75.52733677368127
 31
0.0
  0
LINE
  5
432
330
1F
100
AcDbEntity
  8
Hidden
 62
     7
370
    -3
100
AcDbLine
 10
-6.150000000000587
 20
-75.52733677368127
 30
0.0
 11
-3.65000000000059
 21
-75.52733677368127
 31
0.0
  0
LINE
  5
433
330
1F
100
AcDbEntity
  8
Hidden
 62
     7
370
    -3
100
AcDbLine
 10
-3.650000000000591
 20
-75.77733677368126
 30
0.0
 11
-3.65000000000059
 21
-75.52733677368127
 31
0.0
  0
LINE
  5
434
330
1F
100
AcDbEntity
  8
Hidden
 62
     7
370
    -3
100
AcDbLine
 10
-6.150000000000587
 20
-75.52733677368127
 30
0.0
 11
-6.150000000000587
 21
-73.98733677368126
 31
0.0
  0
LINE
  5
435
330
1F
100
AcDbEntity
  8
Hidden
 62
     7
370
    -3
100
AcDbLine
 10
-3.65000000000059
 20
-75.52733677368127
 30
0.0
 11
-3.65000000000059
 21
-73.98733677368126
 31
0.0
  0
LINE
  5
436
330
1F
100
AcDbEntity
  8
Hidden
 62
     7
370
    -3
100
AcDbLine
 10
-4.25000000000059
 20
-75.92733677368128
 30
0.0
 11
-4.100000000000591
 21
-75.77733677368126
 31
0.0
  0
LINE
  5
437
330
1F
100
AcDbEntity
  8
Hidden
 62
     7
370
    -3
100
AcDbLine
 10
-4.25000000000059
 20
-76.02733677368126
 30
0.0
 11
-4.25000000000059
 21
-75.92733677368128
 31
0.0
  0
LINE
  5
438
330
1F
100
AcDbEntity
  8
Hidden
 62
     7
370
    -3
100
AcDbLine
 10
-6.00000000000059
 20
-76.02733677368126
 30
0.0
 11
-4.25000000000059
 21
-76.02733677368126
 31
0.0
  0
LINE
  5
439
330
1F
100
AcDbEntity
  8
Hidden
 62
     7
370
    -3
100
AcDbLine
 10
-6.00000000000059
 20
-75.92733677368128
 30
0.0
 11
-6.00000000000059
 21
-76.02733677368126
 31
0.0
  0
LINE
  5
43A
330
1F
100
AcDbEntity
  8
Hidden
 62
     7
370
    -3
100
AcDbLine
 10
-6.150000000000589
 20
-75.77733677368126
 30
0.0
 11
-6.00000000000059
 21
-75.92733677368128
 31
0.0
  0
LINE
  5
43B
330
1F
100
AcDbEntity
  8
Hidden
 62
     7
370
    -3
100
AcDbLine
 10
-6.00000000000059
 20
-73.48733677368128
 30
0.0
 11
-4.25000000000059
 21
-73.48733677368128
 31
0.0
  0
LINE
  5
43C
330
1F
100
AcDbEntity
  8
Hidden
 62
     7
370
    -3
100
AcDbLine
 10
-6.00000000000059
 20
-73.48733677368128
 30
0.0
 11
-6.00000000000059
 21
-73.58733677368126
 31
0.0
  0
LINE
  5
43D
330
1F
100
AcDbEntity
  8
Hidden
 62
     7
370
    -3
100
AcDbLine
 10
-6.00000000000059
 20
-73.58733677368126
 30
0.0
 11
-6.150000000000589
 21
-73.73733677368128
 31
0.0
  0
LINE
  5
43E
330
1F
100
AcDbEntity
  8
Hidden
 62
     7
370
    -3
100
AcDbLine
 10
-4.25000000000059
 20
-73.58733677368126
 30
0.0
 11
-4.25000000000059
 21
-73.48733677368128
 31
0.0
  0
LINE
  5
43F
330
1F
100
AcDbEntity
  8
Hidden
 62
     7
370
    -3
100
AcDbLine
 10
-4.100000000000591
 20
-73.73733677368128
 30
0.0
 11
-4.25000000000059
 21
-73.58733677368126
 31
0.0
  0
LINE
  5
440
330
1F
100
AcDbEntity
  8
Hidden
 62
     7
370
    -3
100
AcDbLine
 10
-4.250000000000592
 20
-75.92733677368128
 30
0.0
 11
-4.250000000000592
 21
-73.58733677368126
 31
0.0
  0
LINE
  5
441
330
1F
100
AcDbEntity
  8
Hidden
 62
     7
370
    -3
100
AcDbLine
 10
-6.100000000000602
 20
-74.75733677368125
 30
0.0
 11
-6.100000000000606
 21
-74.41092661216724
 31
0.0
  0
LINE
  5
442
330
1F
100
AcDbEntity
  8
Hidden
 62
     7
370
    -3
100
AcDbLine
 10
-6.100000000000606
 20
-75.10374693519525
 30
0.0
 11
-6.100000000000602
 21
-74.75733677368125
 31
0.0
  0
LINE
  5
443
330
1F
100
AcDbEntity
  8
Hidden
 62
     7
370
    -3
100
AcDbLine
 10
-6.100000000000606
 20
-75.10374693519525
 30
0.0
 11
-6.150000000000604
 21
-75.10374693519525
 31
0.0
  0
LINE
  5
444
330
1F
100
AcDbEntity
  8
Hidden
 62
     7
370
    -3
100
AcDbLine
 10
-6.100000000000602
 20
-74.75733677368125
 30
0.0
 11
-6.150000000000599
 21
-74.75733677368125
 31
0.0
  0
LINE
  5
445
330
1F
100
AcDbEntity
  8
Hidden
 62
     7
370
    -3
100
AcDbLine
 10
-6.100000000000606
 20
-74.41092661216724
 30
0.0
 11
-6.150000000000604
 21
-74.41092661216724
 31
0.0
  0
LINE
  5
446
330
1F
100
AcDbEntity
  8
Hidden
 62
     7
370
    -3
100
AcDbLine
 10
-5.070349964525605
 20
-75.02867355614424
 30
0.0
 11
-5.106746987952607
 21
-74.99227653271726
 31
0.0
  0
LINE
  5
447
330
1F
100
AcDbEntity
  8
Hidden
 62
     7
370
    -3
100
AcDbLine
 10
-5.070349964525605
 20
-75.02867355614424
 30
0.0
 11
-5.070349964525605
 21
-74.81130119603776
 31
0.0
  0
LINE
  5
448
330
1F
100
AcDbEntity
  8
Hidden
 62
     7
370
    -3
100
AcDbLine
 10
-5.070349964525605
 20
-74.81130119603776
 30
0.0
 11
-5.106746987952607
 21
-74.84769821946438
 31
0.0
  0
LINE
  5
449
330
1F
100
AcDbEntity
  8
Hidden
 62
     7
370
    -3
100
AcDbLine
 10
-5.106746987952607
 20
-74.99227653271726
 30
0.0
 11
-5.106746987952607
 21
-74.84769821946438
 31
0.0
  0
LINE
  5
44A
330
1F
100
AcDbEntity
  8
Hidden
 62
     7
370
    -3
100
AcDbLine
 10
-4.729840822973607
 20
-74.81130119603776
 30
0.0
 11
-4.745301204819606
 21
-74.84769821946438
 31
0.0
  0
LINE
  5
44B
330
1F
100
AcDbEntity
  8
Hidden
 62
     7
370
    -3
100
AcDbLine
 10
-4.729840822973607
 20
-74.81130119603776
 30
0.0
 11
-5.003074703516606
 21
-74.52807538502324
 31
0.0
  0
LINE
  5
44C
330
1F
100
AcDbEntity
  8
Hidden
 62
     7
370
    -3
100
AcDbLine
 10
-5.003074703516606
 20
-74.52807538502324
 30
0.0
 11
-5.028433734940608
 21
-74.55421177368126
 31
0.0
  0
LINE
  5
44D
330
1F
100
AcDbEntity
  8
Hidden
 62
     7
370
    -3
100
AcDbLine
 10
-4.745301204819606
 20
-74.84769821946438
 30
0.0
 11
-5.028433734940608
 21
-74.55421177368126
 31
0.0
  0
LINE
  5
44E
330
1F
100
AcDbEntity
  8
Hidden
 62
     7
370
    -3
100
AcDbLine
 10
-5.070349964525605
 20
-74.81130119603776
 30
0.0
 11
-5.239024663320605
 21
-74.81130119603776
 31
0.0
  0
LINE
  5
44F
330
1F
100
AcDbEntity
  8
Hidden
 62
     7
370
    -3
100
AcDbLine
 10
-5.239024663320605
 20
-74.81130119603776
 30
0.0
 11
-5.275421686747607
 21
-74.84769821946438
 31
0.0
  0
LINE
  5
450
330
1F
100
AcDbEntity
  8
Hidden
 62
     7
370
    -3
100
AcDbLine
 10
-5.106746987952607
 20
-74.84769821946438
 30
0.0
 11
-5.275421686747607
 21
-74.84769821946438
 31
0.0
  0
LINE
  5
451
330
1F
100
AcDbEntity
  8
Hidden
 62
     7
370
    -3
100
AcDbLine
 10
-5.107141330931606
 20
-74.48599999121826
 30
0.0
 11
-5.108064759036607
 21
-74.52239701464525
 31
0.0
  0
CIRCLE
  5
452
330
1F
100
AcDbEntity
  8
Hidden
 62
     7
370
    -3
100
AcDbCircle
 10
4.920000000000607
 20
-74.75733677368125
 30
-0.0000000000002737
 40
0.613602976573
210
-7.218184383539493E-15
220
4.058554446112929E-15
230
-1.0
  0
CIRCLE
  5
453
330
1F
100
AcDbEntity
  8
Hidden
 62
     7
370
    -3
100
AcDbCircle
 10
4.920000000000608
 20
-74.75733677368125
 30
-0.0000000000002737
 40
0.6500000000000001
210
-7.218184383539493E-15
220
4.058554446112929E-15
230
-1.0
  0
LINE
  5
454
330
1F
100
AcDbEntity
  8
Hidden
 62
     7
370
    -3
100
AcDbLine
 10
-5.107141330931606
 20
-74.48599999121826
 30
0.0
 11
-5.341883934335605
 21
-74.48599999121826
 31
0.0
  0
LINE
  5
455
330
1F
100
AcDbEntity
  8
Hidden
 62
     7
370
    -3
100
AcDbLine
 10
-5.341883934335605
 20
-74.48599999121826
 30
0.0
 11
-5.341121987952608
 21
-74.52239701464525
 31
0.0
  0
LINE
  5
456
330
1F
100
AcDbEntity
  8
Hidden
 62
     7
370
    -3
100
AcDbLine
 10
-5.108064759036607
 20
-74.52239701464525
 30
0.0
 11
-5.341121987952608
 21
-74.52239701464525
 31
0.0
  0
LINE
  5
457
330
1F
100
AcDbEntity
  8
Hidden
 62
     7
370
    -3
100
AcDbLine
 10
-5.456397023427606
 20
-74.60000835303825
 30
0.0
 11
-5.420000000000608
 21
-74.60127502669326
 31
0.0
  0
LINE
  5
458
330
1F
100
AcDbEntity
  8
Hidden
 62
     7
370
    -3
100
AcDbLine
 10
-5.456397023427606
 20
-74.60000835303825
 30
0.0
 11
-5.456397023427606
 21
-74.91464938897725
 31
0.0
  0
LINE
  5
459
330
1F
100
AcDbEntity
  8
Hidden
 62
     7
370
    -3
100
AcDbLine
 10
-5.456397023427606
 20
-74.91464938897725
 30
0.0
 11
-5.420000000000608
 21
-74.91339852066925
 31
0.0
  0
LINE
  5
45A
330
1F
100
AcDbEntity
  8
Hidden
 62
     7
370
    -3
100
AcDbLine
 10
-5.420000000000608
 20
-74.60127502669326
 30
0.0
 11
-5.420000000000608
 21
-74.91339852066925
 31
0.0
  0
LINE
  5
45B
330
1F
100
AcDbEntity
  8
Hidden
 62
     7
370
    -3
100
AcDbLine
 10
-5.128281562545606
 20
-74.70337235132473
 30
0.0
 11
-4.856427255911606
 21
-74.98648582095925
 31
0.0
  0
LINE
  5
45C
330
1F
100
AcDbEntity
  8
Hidden
 62
     7
370
    -3
100
AcDbLine
 10
-5.239024663320605
 20
-74.70337235132473
 30
0.0
 11
-5.128281562545606
 21
-74.70337235132473
 31
0.0
  0
LINE
  5
45D
330
1F
100
AcDbEntity
  8
Hidden
 62
     7
370
    -3
100
AcDbLine
 10
-5.239024663320605
 20
-74.81130119603776
 30
0.0
 11
-5.239024663320605
 21
-74.70337235132473
 31
0.0
  0
LINE
  5
45E
330
1F
100
AcDbEntity
  8
Hidden
 62
     7
370
    -3
100
AcDbLine
 10
-5.343229588980606
 20
-75.02867355614424
 30
0.0
 11
-5.070349964525605
 21
-75.02867355614424
 31
0.0
  0
LINE
  5
45F
330
1F
100
AcDbEntity
  8
Hidden
 62
     7
370
    -3
100
AcDbLine
 10
-4.600975336680605
 20
-74.81130119603776
 30
0.0
 11
-4.729840822973607
 21
-74.81130119603776
 31
0.0
  0
LINE
  5
460
330
1F
100
AcDbEntity
  8
Hidden
 62
     7
370
    -3
100
AcDbLine
 10
-4.600975336680605
 20
-74.70337235132473
 30
0.0
 11
-4.600975336680605
 21
-74.81130119603776
 31
0.0
  0
LINE
  5
461
330
1F
100
AcDbEntity
  8
Hidden
 62
     7
370
    -3
100
AcDbLine
 10
-4.781698228246605
 20
-74.70337235132473
 30
0.0
 11
-4.600975336680605
 21
-74.70337235132473
 31
0.0
  0
LINE
  5
462
330
1F
100
AcDbEntity
  8
Hidden
 62
     7
370
    -3
100
AcDbLine
 10
-4.781698228246605
 20
-74.48599999121826
 30
0.0
 11
-4.781698228246605
 21
-74.70337235132473
 31
0.0
  0
LINE
  5
463
330
1F
100
AcDbEntity
  8
Hidden
 62
     7
370
    -3
100
AcDbLine
 10
-4.498116065665607
 20
-74.48599999121826
 30
0.0
 11
-4.781698228246605
 21
-74.48599999121826
 31
0.0
  0
LINE
  5
464
330
1F
100
AcDbEntity
  8
Hidden
 62
     7
370
    -3
100
AcDbLine
 10
-4.383602976573605
 20
-74.91466519432426
 30
0.0
 11
-4.383602976573605
 21
-74.60000835303825
 31
0.0
  0
LINE
  5
465
330
1F
100
AcDbEntity
  8
Hidden
 62
     7
370
    -3
100
AcDbLine
 10
-4.750924175899605
 20
-75.02867355614424
 30
0.0
 11
-4.498116065665607
 21
-75.02867355614424
 31
0.0
  0
LINE
  5
466
330
1F
100
AcDbEntity
  8
Hidden
 62
     7
370
    -3
100
AcDbLine
 10
-5.343229588980606
 20
-75.02867355614424
 30
0.0
 11
-5.342439759036607
 21
-74.99227653271726
 31
0.0
  0
LINE
  5
467
330
1F
100
AcDbEntity
  8
Hidden
 62
     7
370
    -3
100
AcDbLine
 10
-5.342439759036607
 20
-74.99227653271726
 30
0.0
 11
-5.106746987952607
 21
-74.99227653271726
 31
0.0
  0
LINE
  5
468
330
1F
100
AcDbEntity
  8
Hidden
 62
     7
370
    -3
100
AcDbLine
 10
-5.239024663320605
 20
-74.70337235132473
 30
0.0
 11
-5.275421686747607
 21
-74.66697532789811
 31
0.0
  0
LINE
  5
469
330
1F
100
AcDbEntity
  8
Hidden
 62
     7
370
    -3
100
AcDbLine
 10
-5.275421686747607
 20
-74.84769821946438
 30
0.0
 11
-5.275421686747607
 21
-74.66697532789811
 31
0.0
  0
LINE
  5
46A
330
1F
100
AcDbEntity
  8
Hidden
 62
     7
370
    -3
100
AcDbLine
 10
-4.856427255911606
 20
-74.98648582095925
 30
0.0
 11
-4.830956325301607
 21
-74.96046177368125
 31
0.0
  0
LINE
  5
46B
330
1F
100
AcDbEntity
  8
Hidden
 62
     7
370
    -3
100
AcDbLine
 10
-4.750924175899605
 20
-75.02867355614424
 30
0.0
 11
-4.750007530120608
 21
-74.99227653271726
 31
0.0
  0
LINE
  5
46C
330
1F
100
AcDbEntity
  8
Hidden
 62
     7
370
    -3
100
AcDbLine
 10
-5.128281562545606
 20
-74.70337235132473
 30
0.0
 11
-5.112771084337608
 21
-74.66697532789811
 31
0.0
  0
LINE
  5
46D
330
1F
100
AcDbEntity
  8
Hidden
 62
     7
370
    -3
100
AcDbLine
 10
-5.275421686747607
 20
-74.66697532789811
 30
0.0
 11
-5.112771084337608
 21
-74.66697532789811
 31
0.0
  0
LINE
  5
46E
330
1F
100
AcDbEntity
  8
Hidden
 62
     7
370
    -3
100
AcDbLine
 10
-5.112771084337608
 20
-74.66697532789811
 30
0.0
 11
-4.830956325301607
 21
-74.96046177368125
 31
0.0
  0
LINE
  5
46F
330
1F
100
AcDbEntity
  8
Hidden
 62
     7
370
    -3
100
AcDbLine
 10
-4.498116065665607
 20
-75.02867355614424
 30
0.0
 11
-4.498878012048606
 21
-74.99227653271726
 31
0.0
  0
LINE
  5
470
330
1F
100
AcDbEntity
  8
Hidden
 62
     7
370
    -3
100
AcDbLine
 10
-4.383602976573605
 20
-74.91466519432426
 30
0.0
 11
-4.420000000000607
 21
-74.91339852066925
 31
0.0
  0
LINE
  5
471
330
1F
100
AcDbEntity
  8
Hidden
 62
     7
370
    -3
100
AcDbLine
 10
-4.600975336680605
 20
-74.70337235132473
 30
0.0
 11
-4.564578313253607
 21
-74.66697532789811
 31
0.0
  0
LINE
  5
472
330
1F
100
AcDbEntity
  8
Hidden
 62
     7
370
    -3
100
AcDbLine
 10
-4.600975336680605
 20
-74.81130119603776
 30
0.0
 11
-4.564578313253607
 21
-74.84769821946438
 31
0.0
  0
LINE
  5
473
330
1F
100
AcDbEntity
  8
Hidden
 62
     7
370
    -3
100
AcDbLine
 10
-4.564578313253607
 20
-74.66697532789811
 30
0.0
 11
-4.564578313253607
 21
-74.84769821946438
 31
0.0
  0
LINE
  5
474
330
1F
100
AcDbEntity
  8
Hidden
 62
     7
370
    -3
100
AcDbLine
 10
-4.383602976573605
 20
-74.60000835303825
 30
0.0
 11
-4.420000000000607
 21
-74.60127502669326
 31
0.0
  0
LINE
  5
475
330
1F
100
AcDbEntity
  8
Hidden
 62
     7
370
    -3
100
AcDbLine
 10
-4.420000000000607
 20
-74.91339852066925
 30
0.0
 11
-4.420000000000607
 21
-74.60127502669326
 31
0.0
  0
LINE
  5
476
330
1F
100
AcDbEntity
  8
Hidden
 62
     7
370
    -3
100
AcDbLine
 10
-4.564578313253607
 20
-74.84769821946438
 30
0.0
 11
-4.745301204819606
 21
-74.84769821946438
 31
0.0
  0
LINE
  5
477
330
1F
100
AcDbEntity
  8
Hidden
 62
     7
370
    -3
100
AcDbLine
 10
-4.781698228246605
 20
-74.48599999121826
 30
0.0
 11
-4.745301204819606
 21
-74.52239701464525
 31
0.0
  0
LINE
  5
478
330
1F
100
AcDbEntity
  8
Hidden
 62
     7
370
    -3
100
AcDbLine
 10
-4.781698228246605
 20
-74.70337235132473
 30
0.0
 11
-4.745301204819606
 21
-74.66697532789811
 31
0.0
  0
LINE
  5
479
330
1F
100
AcDbEntity
  8
Hidden
 62
     7
370
    -3
100
AcDbLine
 10
-4.745301204819606
 20
-74.52239701464525
 30
0.0
 11
-4.745301204819606
 21
-74.66697532789811
 31
0.0
  0
LINE
  5
47A
330
1F
100
AcDbEntity
  8
Hidden
 62
     7
370
    -3
100
AcDbLine
 10
-4.498116065665607
 20
-74.48599999121826
 30
0.0
 11
-4.498878012048606
 21
-74.52239701464525
 31
0.0
  0
LINE
  5
47B
330
1F
100
AcDbEntity
  8
Hidden
 62
     7
370
    -3
100
AcDbLine
 10
-4.498878012048606
 20
-74.52239701464525
 30
0.0
 11
-4.745301204819606
 21
-74.52239701464525
 31
0.0
  0
LINE
  5
47C
330
1F
100
AcDbEntity
  8
Hidden
 62
     7
370
    -3
100
AcDbLine
 10
-4.750007530120608
 20
-74.99227653271726
 30
0.0
 11
-4.498878012048606
 21
-74.99227653271726
 31
0.0
  0
LINE
  5
47D
330
1F
100
AcDbEntity
  8
Hidden
 62
     7
370
    -3
100
AcDbLine
 10
-4.745301204819606
 20
-74.66697532789811
 30
0.0
 11
-4.564578313253607
 21
-74.66697532789811
 31
0.0
  0
LINE
  5
47E
330
1F
100
AcDbEntity
  8
Hidden
 62
     7
370
    -3
100
AcDbLine
 10
-3.600000000000598
 20
-75.25733677368125
 30
0.0
 11
-2.000000000000598
 21
-75.25733677368125
 31
0.0
  0
LINE
  5
47F
330
1F
100
AcDbEntity
  8
Hidden
 62
     7
370
    -3
100
AcDbLine
 10
-2.000000000000598
 20
-74.25733677368125
 30
0.0
 11
-3.600000000000598
 21
-74.25733677368125
 31
0.0
  0
LINE
  5
480
330
1F
100
AcDbEntity
  8
Hidden
 62
     7
370
    -3
100
AcDbLine
 10
-3.600000000000598
 20
-77.79733677368125
 30
0.0
 11
-2.000000000000598
 21
-77.79733677368125
 31
0.0
  0
LINE
  5
481
330
1F
100
AcDbEntity
  8
Hidden
 62
     7
370
    -3
100
AcDbLine
 10
-2.000000000000598
 20
-76.79733677368125
 30
0.0
 11
-3.600000000000598
 21
-76.79733677368125
 31
0.0
  0
LINE
  5
482
330
1F
100
AcDbEntity
  8
Hidden
 62
     7
370
    -3
100
AcDbLine
 10
-3.600000000000598
 20
-82.87733677368125
 30
0.0
 11
-2.000000000000598
 21
-82.87733677368125
 31
0.0
  0
LINE
  5
483
330
1F
100
AcDbEntity
  8
Hidden
 62
     7
370
    -3
100
AcDbLine
 10
-2.000000000000598
 20
-81.87733677368125
 30
0.0
 11
-3.600000000000598
 21
-81.87733677368125
 31
0.0
  0
LINE
  5
484
330
1F
100
AcDbEntity
  8
Hidden
 62
     7
370
    -3
100
AcDbLine
 10
-3.600000000000598
 20
-80.33733677368126
 30
0.0
 11
-2.000000000000598
 21
-80.33733677368126
 31
0.0
  0
LINE
  5
485
330
1F
100
AcDbEntity
  8
Hidden
 62
     7
370
    -3
100
AcDbLine
 10
-2.000000000000598
 20
-79.33733677368126
 30
0.0
 11
-3.600000000000598
 21
-79.33733677368126
 31
0.0
  0
LINE
  5
486
330
1F
100
AcDbEntity
  8
Hidden
 62
     7
370
    -3
100
AcDbLine
 10
-3.600000000000598
 20
-85.41733677368126
 30
0.0
 11
-2.000000000000598
 21
-85.41733677368126
 31
0.0
  0
LINE
  5
487
330
1F
100
AcDbEntity
  8
Hidden
 62
     7
370
    -3
100
AcDbLine
 10
-2.000000000000598
 20
-84.41733677368126
 30
0.0
 11
-2.519490528898318
 21
-84.41733677368126
 31
0.0
  0
LINE
  5
488
330
1F
100
AcDbEntity
  8
Hidden
 62
     7
370
    -3
100
AcDbLine
 10
-2.519490528898318
 20
-84.41733677368126
 30
0.0
 11
-3.600000000000598
 21
-84.41733677368126
 31
0.0
  0
LINE
  5
489
330
1F
100
AcDbEntity
  8
Hidden
 62
     7
370
    -3
100
AcDbLine
 10
-3.600000000000598
 20
-87.95733677368125
 30
0.0
 11
-2.510504116808549
 21
-87.95733677368125
 31
0.0
  0
LINE
  5
48A
330
1F
100
AcDbEntity
  8
Hidden
 62
     7
370
    -3
100
AcDbLine
 10
-2.510504116808549
 20
-87.95733677368125
 30
0.0
 11
-2.000000000000598
 21
-87.95733677368125
 31
0.0
  0
LINE
  5
48B
330
1F
100
AcDbEntity
  8
Hidden
 62
     7
370
    -3
100
AcDbLine
 10
-2.000000000000598
 20
-86.95733677368125
 30
0.0
 11
-3.600000000000598
 21
-86.95733677368125
 31
0.0
  0
LINE
  5
48C
330
1F
100
AcDbEntity
  8
Hidden
 62
     7
370
    -3
100
AcDbLine
 10
-3.600000000000598
 20
-90.49733677368125
 30
0.0
 11
-2.000000000000598
 21
-90.49733677368125
 31
0.0
  0
LINE
  5
48D
330
1F
100
AcDbEntity
  8
Hidden
 62
     7
370
    -3
100
AcDbLine
 10
-2.000000000000598
 20
-89.49733677368125
 30
0.0
 11
-3.600000000000598
 21
-89.49733677368125
 31
0.0
  0
LINE
  5
48E
330
1F
100
AcDbEntity
  8
Hidden
 62
     7
370
    -3
100
AcDbLine
 10
-3.600000000000598
 20
-93.03733677368126
 30
0.0
 11
-2.000000000000598
 21
-93.03733677368126
 31
0.0
  0
LINE
  5
48F
330
1F
100
AcDbEntity
  8
Hidden
 62
     7
370
    -3
100
AcDbLine
 10
-2.000000000000598
 20
-92.03733677368126
 30
0.0
 11
-2.518587922261842
 21
-92.03733677368126
 31
0.0
  0
LINE
  5
490
330
1F
100
AcDbEntity
  8
Hidden
 62
     7
370
    -3
100
AcDbLine
 10
-2.518587922261842
 20
-92.03733677368126
 30
0.0
 11
-3.600000000000598
 21
-92.03733677368126
 31
0.0
  0
LINE
  5
491
330
1F
100
AcDbEntity
  8
Hidden
 62
     7
370
    -3
100
AcDbLine
 10
-3.600000000000598
 20
-95.57733677368125
 30
0.0
 11
-2.526941604100583
 21
-95.57733677368125
 31
0.0
  0
LINE
  5
492
330
1F
100
AcDbEntity
  8
Hidden
 62
     7
370
    -3
100
AcDbLine
 10
-2.526941604100583
 20
-95.57733677368125
 30
0.0
 11
-2.000000000000598
 21
-95.57733677368125
 31
0.0
  0
LINE
  5
493
330
1F
100
AcDbEntity
  8
Hidden
 62
     7
370
    -3
100
AcDbLine
 10
-2.000000000000598
 20
-94.57733677368125
 30
0.0
 11
-3.600000000000598
 21
-94.57733677368125
 31
0.0
  0
LINE
  5
494
330
1F
100
AcDbEntity
  8
Hidden
 62
     7
370
    -3
100
AcDbLine
 10
-3.600000000000598
 20
-98.11733677368126
 30
0.0
 11
-2.000000000000598
 21
-98.11733677368126
 31
0.0
  0
LINE
  5
495
330
1F
100
AcDbEntity
  8
Hidden
 62
     7
370
    -3
100
AcDbLine
 10
-2.000000000000598
 20
-97.11733677368126
 30
0.0
 11
-3.600000000000598
 21
-97.11733677368126
 31
0.0
  0
LINE
  5
496
330
1F
100
AcDbEntity
  8
Hidden
 62
     7
370
    -3
100
AcDbLine
 10
-3.600000000000598
 20
-100.6573367736813
 30
0.0
 11
-2.000000000000598
 21
-100.6573367736813
 31
0.0
  0
LINE
  5
497
330
1F
100
AcDbEntity
  8
Hidden
 62
     7
370
    -3
100
AcDbLine
 10
-2.000000000000598
 20
-99.65733677368125
 30
0.0
 11
-3.600000000000598
 21
-99.65733677368125
 31
0.0
  0
LINE
  5
498
330
1F
100
AcDbEntity
  8
Hidden
 62
     7
370
    -3
100
AcDbLine
 10
-3.600000000000598
 20
-103.1973367736813
 30
0.0
 11
-2.000000000000598
 21
-103.1973367736813
 31
0.0
  0
LINE
  5
499
330
1F
100
AcDbEntity
  8
Hidden
 62
     7
370
    -3
100
AcDbLine
 10
-2.000000000000598
 20
-102.1973367736813
 30
0.0
 11
-3.600000000000598
 21
-102.1973367736813
 31
0.0
  0
LINE
  5
49A
330
1F
100
AcDbEntity
  8
Hidden
 62
     7
370
    -3
100
AcDbLine
 10
-3.600000000000598
 20
-105.7373367736813
 30
0.0
 11
-2.000000000000598
 21
-105.7373367736813
 31
0.0
  0
LINE
  5
49B
330
1F
100
AcDbEntity
  8
Hidden
 62
     7
370
    -3
100
AcDbLine
 10
-2.000000000000598
 20
-104.7373367736813
 30
0.0
 11
-3.600000000000598
 21
-104.7373367736813
 31
0.0
  0
LINE
  5
49C
330
1F
100
AcDbEntity
  8
Hidden
 62
     7
370
    -3
100
AcDbLine
 10
-3.600000000000632
 20
-79.88933677368124
 30
0.0
 11
-2.000000000000633
 21
-79.88933677368124
 31
0.0
  0
LINE
  5
49D
330
1F
100
AcDbEntity
  8
Hidden
 62
     7
370
    -3
100
AcDbLine
 10
-2.000000000000633
 20
-78.73933677368123
 30
0.0
 11
-3.600000000000632
 21
-78.73933677368123
 31
0.0
  0
LINE
  5
49E
330
1F
100
AcDbEntity
  8
Hidden
 62
     7
370
    -3
100
AcDbLine
 10
-3.600000000000632
 20
-83.44533677368123
 30
0.0
 11
-2.000000000000633
 21
-83.44533677368123
 31
0.0
  0
LINE
  5
49F
330
1F
100
AcDbEntity
  8
Hidden
 62
     7
370
    -3
100
AcDbLine
 10
-2.000000000000633
 20
-82.29533677368124
 30
0.0
 11
-3.600000000000632
 21
-82.29533677368124
 31
0.0
  0
LINE
  5
4A0
330
1F
100
AcDbEntity
  8
Hidden
 62
     7
370
    -3
100
AcDbLine
 10
-3.600000000000632
 20
-87.00133677368125
 30
0.0
 11
-2.000000000000633
 21
-87.00133677368125
 31
0.0
  0
LINE
  5
4A1
330
1F
100
AcDbEntity
  8
Hidden
 62
     7
370
    -3
100
AcDbLine
 10
-2.000000000000633
 20
-85.85133677368124
 30
0.0
 11
-3.600000000000632
 21
-85.85133677368124
 31
0.0
  0
LINE
  5
4A2
330
1F
100
AcDbEntity
  8
Hidden
 62
     7
370
    -3
100
AcDbLine
 10
-3.600000000000632
 20
-90.55733677368124
 30
0.0
 11
-2.000000000000633
 21
-90.55733677368124
 31
0.0
  0
LINE
  5
4A3
330
1F
100
AcDbEntity
  8
Hidden
 62
     7
370
    -3
100
AcDbLine
 10
-2.000000000000633
 20
-89.40733677368124
 30
0.0
 11
-3.600000000000632
 21
-89.40733677368124
 31
0.0
  0
LINE
  5
4A4
330
1F
100
AcDbEntity
  8
Hidden
 62
     7
370
    -3
100
AcDbLine
 10
-3.600000000000632
 20
-94.11333677368124
 30
0.0
 11
-2.000000000000633
 21
-94.11333677368124
 31
0.0
  0
LINE
  5
4A5
330
1F
100
AcDbEntity
  8
Hidden
 62
     7
370
    -3
100
AcDbLine
 10
-2.000000000000633
 20
-92.96333677368123
 30
0.0
 11
-3.600000000000632
 21
-92.96333677368123
 31
0.0
  0
LINE
  5
4A6
330
1F
100
AcDbEntity
  8
Hidden
 62
     7
370
    -3
100
AcDbLine
 10
-3.600000000000632
 20
-97.66933677368124
 30
0.0
 11
-2.000000000000633
 21
-97.66933677368124
 31
0.0
  0
LINE
  5
4A7
330
1F
100
AcDbEntity
  8
Hidden
 62
     7
370
    -3
100
AcDbLine
 10
-2.000000000000633
 20
-96.51933677368125
 30
0.0
 11
-3.600000000000632
 21
-96.51933677368125
 31
0.0
  0
LINE
  5
4A8
330
1F
100
AcDbEntity
  8
Hidden
 62
     7
370
    -3
100
AcDbLine
 10
-3.600000000000632
 20
-101.2253367736812
 30
0.0
 11
-2.000000000000633
 21
-101.2253367736812
 31
0.0
  0
LINE
  5
4A9
330
1F
100
AcDbEntity
  8
Hidden
 62
     7
370
    -3
100
AcDbLine
 10
-2.000000000000633
 20
-100.0753367736812
 30
0.0
 11
-3.600000000000632
 21
-100.0753367736812
 31
0.0
  0
LINE
  5
4AA
330
1F
100
AcDbEntity
  8
Hidden
 62
     7
370
    -3
100
AcDbLine
 10
-3.600000000000655
 20
-81.66733677368123
 30
0.0
 11
-2.000000000000655
 21
-81.66733677368123
 31
0.0
  0
LINE
  5
4AB
330
1F
100
AcDbEntity
  8
Hidden
 62
     7
370
    -3
100
AcDbLine
 10
-2.000000000000655
 20
-80.51733677368122
 30
0.0
 11
-3.600000000000655
 21
-80.51733677368122
 31
0.0
  0
LINE
  5
4AC
330
1F
100
AcDbEntity
  8
Hidden
 62
     7
370
    -3
100
AcDbLine
 10
-3.600000000000655
 20
-85.22333677368123
 30
0.0
 11
-2.000000000000655
 21
-85.22333677368123
 31
0.0
  0
LINE
  5
4AD
330
1F
100
AcDbEntity
  8
Hidden
 62
     7
370
    -3
100
AcDbLine
 10
-2.000000000000655
 20
-84.07333677368123
 30
0.0
 11
-3.600000000000655
 21
-84.07333677368123
 31
0.0
  0
LINE
  5
4AE
330
1F
100
AcDbEntity
  8
Hidden
 62
     7
370
    -3
100
AcDbLine
 10
-3.600000000000655
 20
-88.77933677368124
 30
0.0
 11
-2.000000000000655
 21
-88.77933677368124
 31
0.0
  0
LINE
  5
4AF
330
1F
100
AcDbEntity
  8
Hidden
 62
     7
370
    -3
100
AcDbLine
 10
-2.000000000000655
 20
-87.62933677368123
 30
0.0
 11
-3.600000000000655
 21
-87.62933677368123
 31
0.0
  0
LINE
  5
4B0
330
1F
100
AcDbEntity
  8
Hidden
 62
     7
370
    -3
100
AcDbLine
 10
-3.600000000000655
 20
-92.33533677368123
 30
0.0
 11
-2.000000000000655
 21
-92.33533677368123
 31
0.0
  0
LINE
  5
4B1
330
1F
100
AcDbEntity
  8
Hidden
 62
     7
370
    -3
100
AcDbLine
 10
-2.000000000000655
 20
-91.18533677368123
 30
0.0
 11
-3.600000000000655
 21
-91.18533677368123
 31
0.0
  0
LINE
  5
4B2
330
1F
100
AcDbEntity
  8
Hidden
 62
     7
370
    -3
100
AcDbLine
 10
-3.600000000000655
 20
-95.89133677368122
 30
0.0
 11
-2.000000000000655
 21
-95.89133677368122
 31
0.0
  0
LINE
  5
4B3
330
1F
100
AcDbEntity
  8
Hidden
 62
     7
370
    -3
100
AcDbLine
 10
-2.000000000000655
 20
-94.74133677368123
 30
0.0
 11
-3.600000000000655
 21
-94.74133677368123
 31
0.0
  0
LINE
  5
4B4
330
1F
100
AcDbEntity
  8
Hidden
 62
     7
370
    -3
100
AcDbLine
 10
-3.600000000000655
 20
-99.44733677368123
 30
0.0
 11
-2.000000000000655
 21
-99.44733677368123
 31
0.0
  0
LINE
  5
4B5
330
1F
100
AcDbEntity
  8
Hidden
 62
     7
370
    -3
100
AcDbLine
 10
-2.000000000000655
 20
-98.29733677368122
 30
0.0
 11
-3.600000000000655
 21
-98.29733677368122
 31
0.0
  0
LINE
  5
4B6
330
1F
100
AcDbEntity
  8
Hidden
 62
     7
370
    -3
100
AcDbLine
 10
-3.600000000000711
 20
-73.49253677368118
 30
0.0
 11
-2.000000000000711
 21
-73.49253677368118
 31
0.0
  0
LINE
  5
4B7
330
1F
100
AcDbEntity
  8
Hidden
 62
     7
370
    -3
100
AcDbLine
 10
-3.600000000000711
 20
-106.5125367736812
 30
0.0
 11
-2.000000000000711
 21
-106.5125367736812
 31
0.0
  0
LINE
  5
4B8
330
1F
100
AcDbEntity
  8
Hidden
 62
     7
370
    -3
100
AcDbLine
 10
-1.500000000000655
 20
-80.19233677368123
 30
0.0
 11
-1.500000000000655
 21
-81.99233677368123
 31
0.0
  0
LINE
  5
4B9
330
1F
100
AcDbEntity
  8
Hidden
 62
     7
370
    -3
100
AcDbLine
 10
-1.500000000000655
 20
-80.19233677368122
 30
0.0
 11
-2.000000000000655
 21
-80.19233677368122
 31
0.0
  0
LINE
  5
4BA
330
1F
100
AcDbEntity
  8
Hidden
 62
     7
370
    -3
100
AcDbLine
 10
-2.000000000000655
 20
-81.99233677368123
 30
0.0
 11
-1.500000000000655
 21
-81.99233677368123
 31
0.0
  0
LINE
  5
4BB
330
1F
100
AcDbEntity
  8
Hidden
 62
     7
370
    -3
100
AcDbLine
 10
-4.350000000000653
 20
-80.59233677368123
 30
0.0
 11
-4.350000000000653
 21
-81.59233677368123
 31
0.0
  0
LINE
  5
4BC
330
1F
100
AcDbEntity
  8
Hidden
 62
     7
370
    -3
100
AcDbLine
 10
-2.000000000000655
 20
-80.59233677368123
 30
0.0
 11
-2.158891612496056
 21
-80.59233677368123
 31
0.0
  0
LINE
  5
4BD
330
1F
100
AcDbEntity
  8
Hidden
 62
     7
370
    -3
100
AcDbLine
 10
-2.158891612496056
 20
-80.59233677368123
 30
0.0
 11
-3.600000000000712
 21
-80.59233677368123
 31
0.0
  0
LINE
  5
4BE
330
1F
100
AcDbEntity
  8
Hidden
 62
     7
370
    -3
100
AcDbLine
 10
-3.600000000000712
 20
-80.59233677368123
 30
0.0
 11
-3.65000000000059
 21
-80.59233677368123
 31
0.0
  0
LINE
  5
4BF
330
1F
100
AcDbEntity
  8
Hidden
 62
     7
370
    -3
100
AcDbLine
 10
-3.65000000000059
 20
-80.59233677368123
 30
0.0
 11
-4.250000000000592
 21
-80.59233677368123
 31
0.0
  0
LINE
  5
4C0
330
1F
100
AcDbEntity
  8
Hidden
 62
     7
370
    -3
100
AcDbLine
 10
-4.250000000000592
 20
-80.59233677368123
 30
0.0
 11
-4.350000000000653
 21
-80.59233677368123
 31
0.0
  0
LINE
  5
4C1
330
1F
100
AcDbEntity
  8
Hidden
 62
     7
370
    -3
100
AcDbLine
 10
-4.350000000000653
 20
-81.59233677368123
 30
0.0
 11
-4.250000000000602
 21
-81.59233677368123
 31
0.0
  0
LINE
  5
4C2
330
1F
100
AcDbEntity
  8
Hidden
 62
     7
370
    -3
100
AcDbLine
 10
-4.250000000000602
 20
-81.59233677368123
 30
0.0
 11
-3.650000000000604
 21
-81.59233677368123
 31
0.0
  0
LINE
  5
4C3
330
1F
100
AcDbEntity
  8
Hidden
 62
     7
370
    -3
100
AcDbLine
 10
-3.650000000000604
 20
-81.59233677368123
 30
0.0
 11
-3.600000000000712
 21
-81.59233677368123
 31
0.0
  0
LINE
  5
4C4
330
1F
100
AcDbEntity
  8
Hidden
 62
     7
370
    -3
100
AcDbLine
 10
-3.600000000000712
 20
-81.59233677368123
 30
0.0
 11
-2.287045100642318
 21
-81.59233677368123
 31
0.0
  0
LINE
  5
4C5
330
1F
100
AcDbEntity
  8
Hidden
 62
     7
370
    -3
100
AcDbLine
 10
-2.287045100642318
 20
-81.59233677368123
 30
0.0
 11
-2.000000000000655
 21
-81.59233677368123
 31
0.0
  0
ARC
  5
4C6
330
1F
100
AcDbEntity
  8
Hidden
 62
     7
370
    -3
100
AcDbCircle
 10
-4.350000000000653
 20
-80.74233677368123
 30
0.0000000000000027
 40
0.15
100
AcDbArc
 50
90.0
 51
180.0
  0
ARC
  5
4C7
330
1F
100
AcDbEntity
  8
Hidden
 62
     7
370
    -3
100
AcDbCircle
 10
-4.350000000000653
 20
-81.44233677368122
 30
-0.0000000000000005
 40
0.15
100
AcDbArc
 50
180.0
 51
270.0
  0
LINE
  5
4C8
330
1F
100
AcDbEntity
  8
Hidden
 62
     7
370
    -3
100
AcDbLine
 10
-4.500000000000655
 20
-81.44233677368123
 30
0.0
 11
-4.500000000000655
 21
-80.74233677368123
 31
0.0
  0
LINE
  5
4C9
330
1F
100
AcDbEntity
  8
Hidden
 62
     7
370
    -3
100
AcDbLine
 10
10.34999999999935
 20
-80.59233677368123
 30
0.0
 11
3.030000923871397
 21
-80.59233677368123
 31
0.0
  0
LINE
  5
4CA
330
1F
100
AcDbEntity
  8
Hidden
 62
     7
370
    -3
100
AcDbLine
 10
3.030000923871396
 20
-80.59233677368123
 30
0.0
 11
1.50600092387139
 21
-80.59233677368123
 31
0.0
  0
LINE
  5
4CB
330
1F
100
AcDbEntity
  8
Hidden
 62
     7
370
    -3
100
AcDbLine
 10
1.50600092387139
 20
-80.59233677368123
 30
0.0
 11
-1.500000000000654
 21
-80.59233677368123
 31
0.0
  0
LINE
  5
4CC
330
1F
100
AcDbEntity
  8
Hidden
 62
     7
370
    -3
100
AcDbLine
 10
-1.500000000000655
 20
-81.59233677368123
 30
0.0
 11
1.506000923871392
 21
-81.59233677368123
 31
0.0
  0
LINE
  5
4CD
330
1F
100
AcDbEntity
  8
Hidden
 62
     7
370
    -3
100
AcDbLine
 10
1.506000923871392
 20
-81.59233677368123
 30
0.0
 11
3.030000923871397
 21
-81.59233677368123
 31
0.0
  0
LINE
  5
4CE
330
1F
100
AcDbEntity
  8
Hidden
 62
     7
370
    -3
100
AcDbLine
 10
3.030000923871397
 20
-81.59233677368123
 30
0.0
 11
10.34999999999935
 21
-81.59233677368123
 31
0.0
  0
LINE
  5
4CF
330
1F
100
AcDbEntity
  8
Hidden
 62
     7
370
    -3
100
AcDbLine
 10
10.34999999999935
 20
-81.59233677368123
 30
0.0
 11
10.34999999999935
 21
-80.59233677368123
 31
0.0
  0
ARC
  5
4D0
330
1F
100
AcDbEntity
  8
Hidden
 62
     7
370
    -3
100
AcDbCircle
 10
10.34999999999935
 20
-80.74233677368123
 30
-0.0000000000000063
 40
0.15
100
AcDbArc
 50
0.0
 51
90.0
  0
ARC
  5
4D1
330
1F
100
AcDbEntity
  8
Hidden
 62
     7
370
    -3
100
AcDbCircle
 10
10.34999999999935
 20
-81.44233677368122
 30
0.0000000000000044
 40
0.15
100
AcDbArc
 50
270.0
 51
0.0
  0
LINE
  5
4D2
330
1F
100
AcDbEntity
  8
Hidden
 62
     7
370
    -3
100
AcDbLine
 10
10.49999999999935
 20
-81.44233677368123
 30
0.0
 11
10.49999999999935
 21
-80.74234336233232
 31
0.0
  0
LINE
  5
4D3
330
1F
100
AcDbEntity
  8
Hidden
 62
     7
370
    -3
100
AcDbLine
 10
-1.500000000000655
 20
-83.74833677368122
 30
0.0
 11
-1.500000000000648
 21
-84.59732231902882
 31
0.0
  0
LINE
  5
4D4
330
1F
100
AcDbEntity
  8
Hidden
 62
     7
370
    -3
100
AcDbLine
 10
-1.500000000000648
 20
-84.59732231902882
 30
0.0
 11
-1.500000000000648
 21
-84.66137046950338
 31
0.0
  0
LINE
  5
4D5
330
1F
100
AcDbEntity
  8
Hidden
 62
     7
370
    -3
100
AcDbLine
 10
-1.500000000000648
 20
-84.66137046950338
 30
0.0
 11
-1.500000000000649
 21
-85.17460487610573
 31
0.0
  0
LINE
  5
4D6
330
1F
100
AcDbEntity
  8
Hidden
 62
     7
370
    -3
100
AcDbLine
 10
-1.500000000000649
 20
-85.17460487610573
 30
0.0
 11
-1.50000000000065
 21
-85.2387496374406
 31
0.0
  0
LINE
  5
4D7
330
1F
100
AcDbEntity
  8
Hidden
 62
     7
370
    -3
100
AcDbLine
 10
-1.500000000000655
 20
-85.54833677368121
 30
0.0
 11
-1.500000000000659
 21
-85.23874963744062
 31
0.0
  0
LINE
  5
4D8
330
1F
100
AcDbEntity
  8
Hidden
 62
     7
370
    -3
100
AcDbLine
 10
-1.500000000000655
 20
-83.74833677368122
 30
0.0
 11
-2.000000000000655
 21
-83.74833677368122
 31
0.0
  0
LINE
  5
4D9
330
1F
100
AcDbEntity
  8
Hidden
 62
     7
370
    -3
100
AcDbLine
 10
-2.000000000000655
 20
-85.54833677368121
 30
0.0
 11
-1.500000000000655
 21
-85.54833677368121
 31
0.0
  0
LINE
  5
4DA
330
1F
100
AcDbEntity
  8
Hidden
 62
     7
370
    -3
100
AcDbLine
 10
-4.850000000000654
 20
-84.14833677368122
 30
0.0
 11
-4.850000000000651
 21
-84.59720077885345
 31
0.0
  0
LINE
  5
4DB
330
1F
100
AcDbEntity
  8
Hidden
 62
     7
370
    -3
100
AcDbLine
 10
-4.850000000000651
 20
-84.59720077885345
 30
0.0
 11
-4.850000000000651
 21
-84.6613611311432
 31
0.0
  0
LINE
  5
4DC
330
1F
100
AcDbEntity
  8
Hidden
 62
     7
370
    -3
100
AcDbLine
 10
-4.850000000000654
 20
-85.14833677368122
 30
0.0
 11
-4.850000000000658
 21
-84.6613611311432
 31
0.0
  0
ARC
  5
4DD
330
1F
100
AcDbEntity
  8
Hidden
 62
     7
370
    -3
100
AcDbCircle
 10
-4.850000000000654
 20
-84.29833677368121
 30
0.0000000000000042
 40
0.15
100
AcDbArc
 50
90.0
 51
180.0
  0
ARC
  5
4DE
330
1F
100
AcDbEntity
  8
Hidden
 62
     7
370
    -3
100
AcDbCircle
 10
-4.850000000000654
 20
-84.99833677368122
 30
0.0000000000000011
 40
0.15
100
AcDbArc
 50
180.0
 51
270.0
  0
LINE
  5
4DF
330
1F
100
AcDbEntity
  8
Hidden
 62
     7
370
    -3
100
AcDbLine
 10
-5.000000000000655
 20
-84.99833677368122
 30
0.0
 11
-5.000000000000655
 21
-84.29833677368121
 31
0.0
  0
LINE
  5
4E0
330
1F
100
AcDbEntity
  8
Hidden
 62
     7
370
    -3
100
AcDbLine
 10
-2.000000000000655
 20
-84.14833677368122
 30
0.0
 11
-2.158891612496056
 21
-84.14833677368122
 31
0.0
  0
LINE
  5
4E1
330
1F
100
AcDbEntity
  8
Hidden
 62
     7
370
    -3
100
AcDbLine
 10
-2.158891612496056
 20
-84.14833677368122
 30
0.0
 11
-3.600000000000712
 21
-84.14833677368122
 31
0.0
  0
LINE
  5
4E2
330
1F
100
AcDbEntity
  8
Hidden
 62
     7
370
    -3
100
AcDbLine
 10
-3.600000000000712
 20
-84.14833677368122
 30
0.0
 11
-3.650000000000607
 21
-84.14833677368122
 31
0.0
  0
LINE
  5
4E3
330
1F
100
AcDbEntity
  8
Hidden
 62
     7
370
    -3
100
AcDbLine
 10
-3.650000000000607
 20
-84.14833677368122
 30
0.0
 11
-4.250000000000592
 21
-84.14833677368122
 31
0.0
  0
LINE
  5
4E4
330
1F
100
AcDbEntity
  8
Hidden
 62
     7
370
    -3
100
AcDbLine
 10
-4.250000000000592
 20
-84.14833677368122
 30
0.0
 11
-4.850000000000654
 21
-84.14833677368122
 31
0.0
  0
LINE
  5
4E5
330
1F
100
AcDbEntity
  8
Hidden
 62
     7
370
    -3
100
AcDbLine
 10
-4.850000000000654
 20
-85.14833677368122
 30
0.0
 11
-4.250000000000592
 21
-85.14833677368122
 31
0.0
  0
LINE
  5
4E6
330
1F
100
AcDbEntity
  8
Hidden
 62
     7
370
    -3
100
AcDbLine
 10
-4.250000000000592
 20
-85.14833677368122
 30
0.0
 11
-3.65000000000059
 21
-85.14833677368124
 31
0.0
  0
LINE
  5
4E7
330
1F
100
AcDbEntity
  8
Hidden
 62
     7
370
    -3
100
AcDbLine
 10
-3.65000000000059
 20
-85.14833677368124
 30
0.0
 11
-3.600000000000711
 21
-85.14833677368122
 31
0.0
  0
LINE
  5
4E8
330
1F
100
AcDbEntity
  8
Hidden
 62
     7
370
    -3
100
AcDbLine
 10
-3.600000000000711
 20
-85.14833677368122
 30
0.0
 11
-2.287045100642318
 21
-85.14833677368122
 31
0.0
  0
LINE
  5
4E9
330
1F
100
AcDbEntity
  8
Hidden
 62
     7
370
    -3
100
AcDbLine
 10
-2.287045100642318
 20
-85.14833677368122
 30
0.0
 11
-2.000000000000655
 21
-85.14833677368122
 31
0.0
  0
LINE
  5
4EA
330
1F
100
AcDbEntity
  8
Hidden
 62
     7
370
    -3
100
AcDbLine
 10
14.64999999999935
 20
-84.14833677368122
 30
0.0
 11
3.030000923871394
 21
-84.14833677368122
 31
0.0
  0
LINE
  5
4EB
330
1F
100
AcDbEntity
  8
Hidden
 62
     7
370
    -3
100
AcDbLine
 10
3.030000923871393
 20
-84.14833677368122
 30
0.0
 11
1.50600092387139
 21
-84.14833677368122
 31
0.0
  0
LINE
  5
4EC
330
1F
100
AcDbEntity
  8
Hidden
 62
     7
370
    -3
100
AcDbLine
 10
1.50600092387139
 20
-84.14833677368122
 30
0.0
 11
-1.500000000000654
 21
-84.14833677368122
 31
0.0
  0
LINE
  5
4ED
330
1F
100
AcDbEntity
  8
Hidden
 62
     7
370
    -3
100
AcDbLine
 10
-1.500000000000655
 20
-85.14833677368122
 30
0.0
 11
-1.290000000000596
 21
-85.14833677368122
 31
0.0
  0
LINE
  5
4EE
330
1F
100
AcDbEntity
  8
Hidden
 62
     7
370
    -3
100
AcDbLine
 10
-1.290000000000596
 20
-85.14833677368122
 30
0.0
 11
-0.7852559180549218
 21
-85.14833677368122
 31
0.0
  0
LINE
  5
4EF
330
1F
100
AcDbEntity
  8
Hidden
 62
     7
370
    -3
100
AcDbLine
 10
-0.7852559180549218
 20
-85.14833677368122
 30
0.0
 11
1.506000923871392
 21
-85.14833677368122
 31
0.0
  0
LINE
  5
4F0
330
1F
100
AcDbEntity
  8
Hidden
 62
     7
370
    -3
100
AcDbLine
 10
1.506000923871391
 20
-85.14833677368122
 30
0.0
 11
3.030000923871396
 21
-85.14833677368122
 31
0.0
  0
LINE
  5
4F1
330
1F
100
AcDbEntity
  8
Hidden
 62
     7
370
    -3
100
AcDbLine
 10
3.030000923871396
 20
-85.14833677368122
 30
0.0
 11
14.64999999999935
 21
-85.14833677368122
 31
0.0
  0
LINE
  5
4F2
330
1F
100
AcDbEntity
  8
Hidden
 62
     7
370
    -3
100
AcDbLine
 10
14.64999999999935
 20
-85.14833677368122
 30
0.0
 11
14.64999999999935
 21
-84.14833677368122
 31
0.0
  0
ARC
  5
4F3
330
1F
100
AcDbEntity
  8
Hidden
 62
     7
370
    -3
100
AcDbCircle
 10
14.64999999999935
 20
-84.29833677368121
 30
0.0000000000000022
 40
0.15
100
AcDbArc
 50
0.0
 51
90.0
  0
ARC
  5
4F4
330
1F
100
AcDbEntity
  8
Hidden
 62
     7
370
    -3
100
AcDbCircle
 10
14.64999999999935
 20
-84.99833677368122
 30
-0.0000000000000009
 40
0.15
100
AcDbArc
 50
270.0
 51
0.0
  0
LINE
  5
4F5
330
1F
100
AcDbEntity
  8
Hidden
 62
     7
370
    -3
100
AcDbLine
 10
14.79999999999935
 20
-84.99833677368122
 30
0.0
 11
14.79999999999935
 21
-84.29834336233232
 31
0.0
  0
LINE
  5
4F6
330
1F
100
AcDbEntity
  8
Hidden
 62
     7
370
    -3
100
AcDbLine
 10
9.380000923871396
 20
-74.32000339031183
 30
0.0
 11
1.506000923871393
 21
-74.32000339031183
 31
0.0
  0
LINE
  5
4F7
330
1F
100
AcDbEntity
  8
Hidden
 62
     7
370
    -3
100
AcDbLine
 10
9.380000923871396
 20
-105.6890033903118
 30
0.0
 11
1.506000923871393
 21
-105.6890033903118
 31
0.0
  0
LINE
  5
4F8
330
1F
100
AcDbEntity
  8
Hidden
 62
     7
370
    -3
100
AcDbLine
 10
1.506000923871392
 20
-105.6890033903118
 30
0.0
 11
1.506000923871392
 21
-74.32000339031183
 31
0.0
  0
LINE
  5
4F9
330
1F
100
AcDbEntity
  8
Hidden
 62
     7
370
    -3
100
AcDbLine
 10
3.030000923871397
 20
-104.6095033903118
 30
0.0
 11
17.00000092387139
 21
-104.6095033903118
 31
0.0
  0
LINE
  5
4FA
330
1F
100
AcDbEntity
  8
Hidden
 62
     7
370
    -3
100
AcDbLine
 10
17.00000092387139
 20
-75.39950339031182
 30
0.0
 11
3.030000923871397
 21
-75.39950339031182
 31
0.0
  0
LINE
  5
4FB
330
1F
100
AcDbEntity
  8
Hidden
 62
     7
370
    -3
100
AcDbLine
 10
3.030000923871397
 20
-75.39950339031182
 30
0.0
 11
3.030000923871397
 21
-104.6095033903118
 31
0.0
  0
LINE
  5
4FC
330
1F
100
AcDbEntity
  8
Hidden
 62
     7
370
    -3
100
AcDbLine
 10
1.506000923871298
 20
-75.08200339031177
 30
0.0
 11
9.380000923871405
 21
-75.08200339031177
 31
0.0
  0
LINE
  5
4FD
330
1F
100
AcDbEntity
  8
Hidden
 62
     7
370
    -3
100
AcDbLine
 10
9.380000923871409
 20
-104.9270033903118
 30
0.0
 11
1.506000923871299
 21
-104.9270033903118
 31
0.0
  0
SPLINE
  5
4FE
330
1F
100
AcDbEntity
  8
Hidden
370
    -3
100
AcDbSpline
210
0.0
220
0.0
230
1.0
 70
     8
 71
     3
 72
    10
 73
     6
 74
     0
 42
0.0000000001
 43
0.00000001
 40
0.0
 40
0.0
 40
0.0
 40
0.0
 40
0.3289848406496046
 40
0.6776755778056713
 40
1.0
 40
1.0
 40
1.0
 40
1.0
 10
-9.080178724557468
 20
-75.01333677368171
 30
-0.0000000000000069
 10
-9.080393039600006
 20
-75.01723598813686
 30
-0.0000000000000069
 10
-9.080834506963663
 20
-75.0252679764913
 30
-0.000000000000007
 10
-9.084150200424597
 20
-75.03679459635639
 30
-0.000000000000007
 10
-9.087984592602481
 20
-75.04377486938249
 30
-0.000000000000007
 10
-9.089826455973197
 20
-75.0471278673566
 30
-0.000000000000007
  0
SPLINE
  5
4FF
330
1F
100
AcDbEntity
  8
Hidden
370
    -3
100
AcDbSpline
210
0.0
220
0.0
230
1.0
 70
     8
 71
     3
 72
     9
 73
     5
 74
     0
 42
0.0000000001
 43
0.00000001
 40
0.0
 40
0.0
 40
0.0
 40
0.0
 40
0.2706419969977705
 40
1.0
 40
1.0
 40
1.0
 40
1.0
 10
-9.095659656427307
 20
-75.05507297316558
 30
-0.000000000000007
 10
-9.09672715824648
 20
-75.05626773600059
 30
-0.000000000000007
 10
-9.100671489987368
 20
-75.06068228676611
 30
-0.000000000000007
 10
-9.105456796951582
 20
-75.06420050167723
 30
-0.000000000000007
 10
-9.108946998882757
 20
-75.06676653987897
 30
-0.0000000000000069
  0
SPLINE
  5
500
330
1F
100
AcDbEntity
  8
Hidden
370
    -3
100
AcDbSpline
210
0.0
220
0.0
230
1.0
 70
     8
 71
     3
 72
    11
 73
     7
 74
     0
 42
0.0000000001
 43
0.00000001
 40
0.0
 40
0.0
 40
0.0
 40
0.0
 40
0.0097381629511658
 40
0.5099563372481908
 40
0.9902074713571981
 40
1.0
 40
1.0
 40
1.0
 40
1.0
 10
-9.108946998882757
 20
-75.06676653987897
 30
-0.0000000000000069
 10
-9.109016998945087
 20
-75.06681256801637
 30
-0.0000000000000069
 10
-9.112682677530621
 20
-75.06922291383631
 30
-0.0000000000000069
 10
-9.12030709307874
 20
-75.07316895115567
 30
-0.0000000000000069
 10
-9.128550940413108
 20
-75.07554253542978
 30
-0.0000000000000068
 10
-9.132698407152235
 20
-75.07629870539228
 30
-0.0000000000000068
 10
-9.132781285862697
 20
-75.07631381591523
 30
-0.0000000000000068
  0
LINE
  5
501
330
1F
100
AcDbEntity
  8
Hidden
370
    -3
100
AcDbLine
 10
-9.132781285862697
 20
-75.07631381591523
 30
-0.0000000000000068
 11
-9.14130676146797
 21
-75.07727232518268
 31
-0.0000000000000068
  0
LINE
  5
502
330
1F
100
AcDbEntity
  8
Hidden
370
    -3
100
AcDbLine
 10
-9.14130676146797
 20
-75.07727232518268
 30
-0.0000000000000068
 11
-9.144178182091121
 21
-75.07733677368127
 31
-0.0000000000000067
  0
LINE
  5
503
330
1F
100
AcDbEntity
  8
Hidden
370
    -3
100
AcDbLine
 10
-9.656254563356386
 20
-74.43733677368127
 30
-0.0000000000000002
 11
-9.666831908229925
 21
-74.43821686088044
 31
-0.0000000000000001
  0
SPLINE
  5
504
330
1F
100
AcDbEntity
  8
Hidden
370
    -3
100
AcDbSpline
210
0.0
220
0.0
230
1.0
 70
     8
 71
     3
 72
    10
 73
     6
 74
     0
 42
0.0000000001
 43
0.00000001
 40
0.0
 40
0.0
 40
0.0
 40
0.0
 40
0.0469539157339853
 40
0.5833848197405059
 40
1.0
 40
1.0
 40
1.0
 40
1.0
 10
-9.666831908229925
 20
-74.43821686088044
 30
-0.0000000000000001
 10
-9.667188174517731
 20
-74.43827868952737
 30
-0.0000000000000001
 10
-9.671614649729472
 20
-74.43904688731173
 30
-0.0000000000000001
 10
-9.679117095835384
 20
-74.44112663581869
 30
0.0
 10
-9.6856264008486
 20
-74.44454334290627
 30
0.0
 10
-9.688471882642412
 20
-74.44603692444727
 30
0.0
  0
SPLINE
  5
505
330
1F
100
AcDbEntity
  8
Hidden
370
    -3
100
AcDbSpline
210
0.0
220
0.0
230
1.0
 70
     8
 71
     3
 72
    11
 73
     7
 74
     0
 42
0.0000000001
 43
0.00000001
 40
0.0
 40
0.0
 40
0.0
 40
0.0
 40
0.099491167622322
 40
0.4974247449384607
 40
0.8953573549508776
 40
1.0
 40
1.0
 40
1.0
 40
1.0
 10
-9.688471882642412
 20
-74.44603692444727
 30
0.0
 10
-9.689412415069286
 20
-74.44660529308094
 30
0.0
 10
-9.694114783266627
 20
-74.4494469586215
 30
0.0
 10
-9.701813580557905
 20
-74.4557781313837
 30
0.0000000000000001
 10
-9.708182594664
 20
-74.46352071188628
 30
0.0000000000000001
 10
-9.711044894443424
 20
-74.46827720073517
 30
0.0000000000000001
 10
-9.711640862145428
 20
-74.46926756301283
 30
0.0000000000000001
  0
SPLINE
  5
506
330
1F
100
AcDbEntity
  8
Hidden
370
    -3
100
AcDbSpline
210
0.0
220
0.0
230
1.0
 70
     8
 71
     3
 72
    10
 73
     6
 74
     0
 42
0.0000000001
 43
0.00000001
 40
0.0
 40
0.0
 40
0.0
 40
0.0
 40
0.3366138153187925
 40
0.6933995768342943
 40
1.0
 40
1.0
 40
1.0
 40
1.0
 10
-9.72026432463021
 20
-75.01333677368127
 30
-0.0000000000000023
 10
-9.720049759531319
 20
-75.01723619665485
 30
-0.0000000000000023
 10
-9.719607771288404
 20
-75.02526871973241
 30
-0.0000000000000024
 10
-9.716361040545957
 20
-75.03653088885764
 30
-0.0000000000000024
 10
-9.71271840239346
 20
-75.04330630709549
 30
-0.0000000000000025
 10
-9.711034866581608
 20
-75.04643773513365
 30
-0.0000000000000025
  0
SPLINE
  5
507
330
1F
100
AcDbEntity
  8
Hidden
370
    -3
100
AcDbSpline
210
0.0
220
0.0
230
1.0
 70
     8
 71
     3
 72
    10
 73
     6
 74
     0
 42
0.0000000001
 43
0.00000001
 40
0.0
 40
0.0
 40
0.0
 40
0.0
 40
0.107011970806076
 40
0.7289489577064608
 40
1.0
 40
1.0
 40
1.0
 40
1.0
 10
-9.711034866581608
 20
-75.04643773513365
 30
-0.0000000000000025
 10
-9.710636225481743
 20
-75.04708017308946
 30
-0.0000000000000025
 10
-9.707920744100955
 20
-75.0514563608631
 30
-0.0000000000000026
 10
-9.703439446593139
 20
-75.05702367544926
 30
-0.0000000000000026
 10
-9.698707196283948
 20
-75.06120036060454
 30
-0.0000000000000027
 10
-9.697270803704464
 20
-75.06246812100858
 30
-0.0000000000000027
  0
LINE
  5
508
330
1F
100
AcDbEntity
  8
Hidden
370
    -3
100
AcDbLine
 10
-9.666832111553747
 20
-75.07645668648219
 30
-0.000000000000003
 11
-9.656254643625575
 21
-75.07733677368127
 31
-0.000000000000003
  0
SPLINE
  5
509
330
1F
100
AcDbEntity
  8
Hidden
370
    -3
100
AcDbSpline
210
0.0
220
0.0
230
1.0
 70
    24
 71
     3
 72
     9
 73
     5
 74
     0
 42
0.0000000001
 43
0.00000001
 40
0.0
 40
0.0
 40
0.0
 40
0.0
 40
0.2373523009803874
 40
1.0
 40
1.0
 40
1.0
 40
1.0
 10
-9.65600000000055
 20
-75.07733677368128
 30
-0.000000000000003
 10
-9.656006655256714
 20
-75.07733677368128
 30
-0.000000000000003
 10
-9.656034694825479
 20
-75.07733677368125
 30
-0.000000000000003
 10
-9.65606273439425
 20
-75.07733677368127
 30
-0.000000000000003
 10
-9.656084118706854
 20
-75.07733677368127
 30
-0.000000000000003
  0
LINE
  5
50A
330
1F
100
AcDbEntity
  8
Hidden
370
    -3
100
AcDbLine
 10
-9.144178165545588
 20
-74.43733677368127
 30
-0.0000000000000039
 11
-9.140937635239373
 21
-74.43741886764364
 31
-0.0000000000000039
  0
LINE
  5
50B
330
1F
100
AcDbEntity
  8
Hidden
370
    -3
100
AcDbLine
 10
-9.140937635239373
 20
-74.43741886764364
 30
-0.0000000000000039
 11
-9.132781297987528
 21
-74.43835972625486
 31
-0.000000000000004
  0
SPLINE
  5
50C
330
1F
100
AcDbEntity
  8
Hidden
370
    -3
100
AcDbSpline
210
0.0
220
0.0
230
1.0
 70
     8
 71
     3
 72
    10
 73
     6
 74
     0
 42
0.0000000001
 43
0.00000001
 40
0.0
 40
0.0
 40
0.0
 40
0.0
 40
0.0100806309923097
 40
0.5044040257237142
 40
1.0
 40
1.0
 40
1.0
 40
1.0
 10
-9.13278129798753
 20
-74.43835972625487
 30
-0.000000000000004
 10
-9.132698414172863
 20
-74.4383748450009
 30
-0.000000000000004
 10
-9.12855116090892
 20
-74.43913134093481
 30
-0.000000000000004
 10
-9.120397233353323
 20
-74.44136380917611
 30
-0.0000000000000041
 10
-9.11317864009544
 20
-74.4454560259596
 30
-0.0000000000000041
 10
-9.109564703576414
 20
-74.4475047647026
 30
-0.0000000000000042
  0
SPLINE
  5
50D
330
1F
100
AcDbEntity
  8
Hidden
370
    -3
100
AcDbSpline
210
0.0
220
0.0
230
1.0
 70
     8
 71
     3
 72
    13
 73
     9
 74
     0
 42
0.0000000001
 43
0.00000001
 40
0.0
 40
0.0
 40
0.0
 40
0.0
 40
0.0076081028392582
 40
0.2140824207002353
 40
0.4205570871114208
 40
0.6227413899995979
 40
0.8168557820945188
 40
1.0
 40
1.0
 40
1.0
 40
1.0
 10
-9.109564703576416
 20
-74.44750476470261
 30
-0.0000000000000042
 10
-9.109428717476765
 20
-74.44759268411137
 30
-0.0000000000000042
 10
-9.105602240099966
 20
-74.45006662541417
 30
-0.0000000000000042
 10
-9.098602179883487
 20
-74.45576347317994
 30
-0.0000000000000043
 10
-9.090279442663173
 20
-74.4659936375592
 30
-0.0000000000000044
 10
-9.084374660998167
 20
-74.477464837981
 30
-0.0000000000000045
 10
-9.080814059558998
 20
-74.4893925091743
 30
-0.0000000000000046
 10
-9.080386346025742
 20
-74.49743329055688
 30
-0.0000000000000046
 10
-9.080178707926947
 20
-74.50133677368126
 30
-0.0000000000000046
  0
SPLINE
  5
50E
330
1F
100
AcDbEntity
  8
Hidden
370
    -3
100
AcDbSpline
210
0.0
220
0.0
230
1.0
 70
    24
 71
     3
 72
     9
 73
     5
 74
     0
 42
0.0000000001
 43
0.00000001
 40
0.0
 40
0.0
 40
0.0
 40
0.0
 40
0.237226171037023
 40
1.0
 40
1.0
 40
1.0
 40
1.0
 10
-9.144000000000549
 20
-74.43733677368128
 30
-0.0000000000000039
 10
-9.144004499799685
 20
-74.43733677368128
 30
-0.0000000000000039
 10
-9.144023468192241
 20
-74.4373367736813
 30
-0.0000000000000039
 10
-9.144042436584796
 20
-74.43733677368128
 30
-0.0000000000000039
 10
-9.14405690517821
 20
-74.43733677368127
 30
-0.0000000000000039
  0
LINE
  5
50F
330
1F
100
AcDbEntity
  8
Hidden
370
    -3
100
AcDbLine
 10
-9.10215137500918
 20
-75.01333677368126
 30
-0.0000000000000068
 11
-9.719999998470211
 21
-75.01333677368127
 31
-0.0000000000000023
  0
LINE
  5
510
330
1F
100
AcDbEntity
  8
Hidden
370
    -3
100
AcDbLine
 10
-9.700939368614478
 20
-74.50133677368127
 30
-0.0000000000000001
 11
-9.102151023600644
 21
-74.50133677368126
 31
-0.0000000000000045
  0
LINE
  5
511
330
1F
100
AcDbEntity
  8
Hidden
370
    -3
100
AcDbLine
 10
-1.290000000000596
 20
-74.50133677368126
 30
-0.0000000000000053
 11
-1.999999999999887
 21
-74.50133677368126
 31
-0.0000000000000002
  0
LINE
  5
512
330
1F
100
AcDbEntity
  8
Hidden
370
    -3
100
AcDbLine
 10
-1.999999999999887
 20
-74.50133677368126
 30
-0.0000000000000002
 11
-3.599999999999183
 21
-74.50133677368126
 31
-0.0000000000000025
  0
LINE
  5
513
330
1F
100
AcDbEntity
  8
Hidden
370
    -3
100
AcDbLine
 10
-3.599999999999183
 20
-74.50133677368126
 30
-0.0000000000000025
 11
-3.64999999999909
 21
-74.50133677368126
 31
-0.0000000000000022
  0
LINE
  5
514
330
1F
100
AcDbEntity
  8
Hidden
370
    -3
100
AcDbLine
 10
-3.64999999999909
 20
-74.50133677368126
 30
-0.0000000000000022
 11
-4.249999999999581
 21
-74.50133677368126
 31
0.0000000000000022
  0
LINE
  5
515
330
1F
100
AcDbEntity
  8
Hidden
370
    -3
100
AcDbLine
 10
-4.249999999999581
 20
-74.50133677368126
 30
0.0000000000000022
 11
-6.150000000001352
 21
-74.50133677368126
 31
0.000000000000002
  0
LINE
  5
516
330
1F
100
AcDbEntity
  8
Hidden
370
    -3
100
AcDbLine
 10
-6.150000000001352
 20
-74.50133677368126
 30
0.000000000000002
 11
-6.367999076129454
 21
-74.50133677368126
 31
0.0000000000000036
  0
LINE
  5
517
330
1F
100
AcDbEntity
  8
Hidden
370
    -3
100
AcDbLine
 10
-6.367999076128742
 20
-75.01333677368127
 30
0.0000000000000013
 11
-6.150000000000591
 21
-75.01333677368127
 31
-0.0000000000000003
  0
LINE
  5
518
330
1F
100
AcDbEntity
  8
Hidden
370
    -3
100
AcDbLine
 10
-6.150000000000593
 20
-75.01333677368129
 30
-0.0000000000000003
 11
-4.249999999999587
 21
-75.01333677368129
 31
-0.0000000000000001
  0
LINE
  5
519
330
1F
100
AcDbEntity
  8
Hidden
370
    -3
100
AcDbLine
 10
-4.249999999999586
 20
-75.01333677368127
 30
-0.0000000000000001
 11
-3.649999999999094
 21
-75.01333677368127
 31
-0.0000000000000045
  0
LINE
  5
51A
330
1F
100
AcDbEntity
  8
Hidden
370
    -3
100
AcDbLine
 10
-3.649999999999094
 20
-75.01333677368127
 30
-0.0000000000000045
 11
-3.599999999999185
 21
-75.01333677368127
 31
-0.0000000000000048
  0
LINE
  5
51B
330
1F
100
AcDbEntity
  8
Hidden
370
    -3
100
AcDbLine
 10
-3.599999999999185
 20
-75.01333677368127
 30
-0.0000000000000048
 11
-1.999999999999884
 21
-75.01333677368127
 31
-0.0000000000000025
  0
LINE
  5
51C
330
1F
100
AcDbEntity
  8
Hidden
370
    -3
100
AcDbLine
 10
-1.999999999999884
 20
-75.01333677368127
 30
-0.0000000000000025
 11
-1.290000000000596
 21
-75.01333677368127
 31
-0.0000000000000076
  0
LINE
  5
51D
330
1F
100
AcDbEntity
  8
Hidden
370
    -3
100
AcDbLine
 10
-1.295599274466596
 20
-75.07733677368125
 30
-0.0000000000000079
 11
-2.000000000000523
 21
-75.07733677368125
 31
-0.0000000000000028
  0
LINE
  5
51E
330
1F
100
AcDbEntity
  8
Hidden
370
    -3
100
AcDbLine
 10
-2.000000000000523
 20
-75.07733677368125
 30
-0.0000000000000028
 11
-3.600000000000677
 21
-75.07733677368125
 31
-0.0000000000000051
  0
LINE
  5
51F
330
1F
100
AcDbEntity
  8
Hidden
370
    -3
100
AcDbLine
 10
-3.600000000000677
 20
-75.07733677368125
 30
-0.0000000000000051
 11
-3.650000000000581
 21
-75.07733677368125
 31
-0.0000000000000048
  0
LINE
  5
520
330
1F
100
AcDbEntity
  8
Hidden
370
    -3
100
AcDbLine
 10
-3.650000000000581
 20
-75.07733677368125
 30
-0.0000000000000048
 11
-4.249999998347893
 21
-75.07733677368125
 31
-0.0000000000000004
  0
LINE
  5
521
330
1F
100
AcDbEntity
  8
Hidden
370
    -3
100
AcDbLine
 10
-4.249999998347893
 20
-75.07733677368125
 30
-0.0000000000000004
 11
-6.15000000128268
 21
-75.07733677368125
 31
-0.0000000000000006
  0
LINE
  5
522
330
1F
100
AcDbEntity
  8
Hidden
370
    -3
100
AcDbLine
 10
-6.15000000128268
 20
-75.07733677368125
 30
-0.0000000000000006
 11
-6.367999077376991
 21
-75.07733677368125
 31
0.000000000000001
  0
LINE
  5
523
330
1F
100
AcDbEntity
  8
Hidden
370
    -3
100
AcDbLine
 10
-6.367999076222989
 20
-74.43733677368125
 30
0.0000000000000038
 11
-6.150000000037353
 21
-74.43733677368125
 31
0.0000000000000023
  0
LINE
  5
524
330
1F
100
AcDbEntity
  8
Hidden
370
    -3
100
AcDbLine
 10
-6.150000000037353
 20
-74.43733677368125
 30
0.0000000000000023
 11
-4.250000000000602
 21
-74.43733677368125
 31
0.0000000000000024
  0
LINE
  5
525
330
1F
100
AcDbEntity
  8
Hidden
370
    -3
100
AcDbLine
 10
-4.250000000000602
 20
-74.43733677368125
 30
0.0000000000000024
 11
-3.650000000000587
 21
-74.43733677368125
 31
-0.0000000000000019
  0
LINE
  5
526
330
1F
100
AcDbEntity
  8
Hidden
370
    -3
100
AcDbLine
 10
-3.650000000000587
 20
-74.43733677368125
 30
-0.0000000000000019
 11
-3.600000000000692
 21
-74.43733677368125
 31
-0.0000000000000023
  0
LINE
  5
527
330
1F
100
AcDbEntity
  8
Hidden
370
    -3
100
AcDbLine
 10
-3.600000000000692
 20
-74.43733677368125
 30
-0.0000000000000023
 11
-2.000000000000586
 21
-74.43733677368125
 31
0.0000000000000001
  0
LINE
  5
528
330
1F
100
AcDbEntity
  8
Hidden
370
    -3
100
AcDbLine
 10
-2.000000000000586
 20
-74.43733677368125
 30
0.0000000000000001
 11
-1.295599274466596
 21
-74.43733677368125
 31
-0.000000000000005
  0
SPLINE
  5
529
330
1F
100
AcDbEntity
  8
Hidden
370
    -3
100
AcDbSpline
210
0.0
220
0.0
230
1.0
 70
     8
 71
     3
 72
    21
 73
    17
 74
     0
 42
0.0000000001
 43
0.00000001
 40
0.0
 40
0.0
 40
0.0
 40
0.0
 40
0.0139516069086015
 40
0.0280691743168149
 40
0.0425469392801331
 40
0.0575651695942474
 40
0.0787007564851525
 40
0.1014098589891351
 40
0.1259562205285556
 40
0.1666536083793961
 40
0.2124765195055281
 40
0.2637938314402778
 40
0.3208679879234466
 40
0.5024342265747058
 40
0.7284326584506251
 40
1.0
 40
1.0
 40
1.0
 40
1.0
 10
-1.290000000000595
 20
-75.01333677368127
 30
-0.0000000000000076
 10
-1.289947091618267
 20
-75.01389440533133
 30
-0.0000000000000076
 10
-1.289840645485136
 20
-75.01501630190509
 30
-0.0000000000000076
 10
-1.289422285738389
 20
-75.01667663979522
 30
-0.0000000000000077
 10
-1.288815439135841
 20
-75.01831980074803
 30
-0.0000000000000077
 10
-1.28790451899498
 20
-75.0201387017833
 30
-0.0000000000000077
 10
-1.286606092275201
 20
-75.02211738609654
 30
-0.0000000000000077
 10
-1.28484296380537
 20
-75.02422479076664
 30
-0.0000000000000077
 10
-1.282319316438356
 20
-75.02669542087128
 30
-0.0000000000000077
 10
-1.278812841096097
 20
-75.02945818954838
 30
-0.0000000000000078
 10
-1.274149029091193
 20
-75.03243684679974
 30
-0.0000000000000078
 10
-1.268688182091769
 20
-75.03534966206416
 30
-0.0000000000000079
 10
-1.258096786981964
 20
-75.0401625917389
 30
-0.000000000000008
 10
-1.240417088503921
 20
-75.0461758477924
 30
-0.0000000000000081
 10
-1.2140150958245
 20
-75.05292122548474
 30
-0.0000000000000084
 10
-1.194397826471909
 20
-75.0565894957052
 30
-0.0000000000000085
 10
-1.183690880835622
 20
-75.05859160767724
 30
-0.0000000000000086
  0
SPLINE
  5
52A
330
1F
100
AcDbEntity
  8
Hidden
370
    -3
100
AcDbSpline
210
0.0
220
0.0
230
1.0
 70
     8
 71
     3
 72
    18
 73
    14
 74
     0
 42
0.0000000001
 43
0.00000001
 40
0.0
 40
0.0
 40
0.0
 40
0.0
 40
0.4987835582139367
 40
0.6236520621507069
 40
0.7485705790907594
 40
0.8110705339091249
 40
0.8737198363516702
 40
0.8946197712882467
 40
0.9156006054091955
 40
0.9366319690206767
 40
0.9576654326902494
 40
0.9787741718425711
 40
1.0
 40
1.0
 40
1.0
 40
1.0
 10
-1.183690880835596
 20
-74.45608193968526
 30
-0.0000000000000059
 10
-1.203352589066554
 20
-74.45988444860429
 30
-0.0000000000000058
 10
-1.227936528696703
 20
-74.46463890068998
 30
-0.0000000000000056
 10
-1.256372134215701
 20
-74.47423233532777
 30
-0.0000000000000055
 10
-1.267925806037404
 20
-74.47910905374877
 30
-0.0000000000000054
 10
-1.276678478542606
 20
-74.4839999114583
 30
-0.0000000000000054
 10
-1.281478943413494
 20
-74.48739155691993
 30
-0.0000000000000053
 10
-1.284552214528448
 20
-74.49024200015387
 30
-0.0000000000000053
 10
-1.286258856696414
 20
-74.49210086885051
 30
-0.0000000000000053
 10
-1.287766568664352
 20
-74.49413671149449
 30
-0.0000000000000053
 10
-1.288975505169188
 20
-74.4963665681897
 30
-0.0000000000000053
 10
-1.28983053764748
 20
-74.4987853415552
 30
-0.0000000000000053
 10
-1.289943408490112
 20
-74.50048472958267
 30
-0.0000000000000053
 10
-1.290000000000595
 20
-74.50133677368126
 30
-0.0000000000000053
  0
LINE
  5
52B
330
1F
100
AcDbEntity
  8
Hidden
370
    -3
100
AcDbLine
 10
-1.284485791107613
 20
-74.43830907748635
 30
-0.0000000000000051
 11
-1.183690880835622
 21
-74.45608193968543
 31
-0.0000000000000059
  0
SPLINE
  5
52C
330
1F
100
AcDbEntity
  8
Hidden
370
    -3
100
AcDbSpline
210
0.0
220
0.0
230
1.0
 70
     8
 71
     3
 72
     9
 73
     5
 74
     0
 42
0.0000000001
 43
0.00000001
 40
0.0
 40
0.0
 40
0.0
 40
0.0
 40
0.5599484714454561
 40
1.0
 40
1.0
 40
1.0
 40
1.0
 10
-1.284485791107596
 20
-74.43830907748625
 30
-0.0000000000000051
 10
-1.286549389762915
 20
-74.43799712012938
 30
-0.0000000000000051
 10
-1.290234726468974
 20
-74.4374400021573
 30
-0.000000000000005
 10
-1.293959973719679
 20
-74.4373683182807
 30
-0.000000000000005
 10
-1.295599274466596
 20
-74.43733677368125
 30
-0.000000000000005
  0
LINE
  5
52D
330
1F
100
AcDbEntity
  8
Hidden
370
    -3
100
AcDbLine
 10
-1.183690880835622
 20
-75.05859160767712
 30
-0.0000000000000086
 11
-1.284485791095633
 21
-75.07636446987406
 31
-0.000000000000008
  0
SPLINE
  5
52E
330
1F
100
AcDbEntity
  8
Hidden
370
    -3
100
AcDbSpline
210
0.0
220
0.0
230
1.0
 70
     8
 71
     3
 72
     9
 73
     5
 74
     0
 42
0.0000000001
 43
0.00000001
 40
0.0
 40
0.0
 40
0.0
 40
0.0
 40
0.5599484711213878
 40
1.0
 40
1.0
 40
1.0
 40
1.0
 10
-1.284485791095597
 20
-75.07636446987426
 30
-0.000000000000008
 10
-1.286549389751923
 20
-75.07667642723163
 30
-0.0000000000000079
 10
-1.290234726461912
 20
-75.0772335452049
 30
-0.0000000000000079
 10
-1.293959973716683
 20
-75.07730522908169
 30
-0.0000000000000079
 10
-1.295599274466596
 20
-75.07733677368125
 30
-0.0000000000000079
  0
LINE
  5
52F
330
1F
100
AcDbEntity
  8
Hidden
370
    -3
100
AcDbLine
 10
-1.284485791107599
 20
-75.07636446987625
 30
-0.000000000000008
 11
-1.287715570227622
 21
-75.07684934895705
 31
-0.0000000000000079
  0
SPLINE
  5
530
330
1F
100
AcDbEntity
  8
Hidden
370
    -3
100
AcDbSpline
210
0.0
220
0.0
230
1.0
 70
     8
 71
     3
 72
    10
 73
     6
 74
     0
 42
0.0000000001
 43
0.00000001
 40
0.0
 40
0.0
 40
0.0
 40
0.0
 40
0.328984840751517
 40
0.6776755780112798
 40
1.0
 40
1.0
 40
1.0
 40
1.0
 10
-9.080178724557467
 20
-77.55333677368216
 30
-0.0000000000000044
 10
-9.080393039599796
 20
-77.55723598813734
 30
-0.0000000000000044
 10
-9.080834506963019
 20
-77.56526797649175
 30
-0.0000000000000045
 10
-9.084150200422382
 20
-77.57679459635348
 30
-0.0000000000000045
 10
-9.087984592597357
 20
-77.58377486937698
 30
-0.0000000000000045
 10
-9.08982645596578
 20
-77.58712786734822
 30
-0.0000000000000045
  0
SPLINE
  5
531
330
1F
100
AcDbEntity
  8
Hidden
370
    -3
100
AcDbSpline
210
0.0
220
0.0
230
1.0
 70
     8
 71
     3
 72
     9
 73
     5
 74
     0
 42
0.0000000001
 43
0.00000001
 40
0.0
 40
0.0
 40
0.0
 40
0.0
 40
0.2706419942561718
 40
1.0
 40
1.0
 40
1.0
 40
1.0
 10
-9.095659656472371
 20
-77.59507297322119
 30
-0.0000000000000045
 10
-9.096727158276327
 20
-77.59626773603722
 30
-0.0000000000000045
 10
-9.10067149000094
 20
-77.60068228677717
 30
-0.0000000000000045
 10
-9.10545679694035
 20
-77.60420050167157
 30
-0.0000000000000045
 10
-9.108946998866552
 20
-77.6067665398707
 30
-0.0000000000000044
  0
SPLINE
  5
532
330
1F
100
AcDbEntity
  8
Hidden
370
    -3
100
AcDbSpline
210
0.0
220
0.0
230
1.0
 70
     8
 71
     3
 72
    11
 73
     7
 74
     0
 42
0.0000000001
 43
0.00000001
 40
0.0
 40
0.0
 40
0.0
 40
0.0
 40
0.0097381635578453
 40
0.509956337408568
 40
0.99020747109312
 40
1.0
 40
1.0
 40
1.0
 40
1.0
 10
-9.108946998866552
 20
-77.6067665398707
 30
-0.0000000000000044
 10
-9.109016998933294
 20
-77.60681256801104
 30
-0.0000000000000044
 10
-9.112682677522693
 20
-77.60922291383456
 30
-0.0000000000000044
 10
-9.120307093075471
 20
-77.61316895115594
 30
-0.0000000000000044
 10
-9.128550940411895
 20
-77.61554253543056
 30
-0.0000000000000043
 10
-9.132698407153267
 20
-77.61629870539329
 30
-0.0000000000000043
 10
-9.132781285866036
 20
-77.61631381591666
 30
-0.0000000000000043
  0
LINE
  5
533
330
1F
100
AcDbEntity
  8
Hidden
370
    -3
100
AcDbLine
 10
-9.132781285866036
 20
-77.61631381591666
 30
-0.0000000000000043
 11
-9.141306761467895
 21
-77.61727232518288
 31
-0.0000000000000043
  0
LINE
  5
534
330
1F
100
AcDbEntity
  8
Hidden
370
    -3
100
AcDbLine
 10
-9.141306761467895
 20
-77.61727232518288
 30
-0.0000000000000043
 11
-9.144178182087414
 21
-77.61733677368127
 31
-0.0000000000000042
  0
LINE
  5
535
330
1F
100
AcDbEntity
  8
Hidden
370
    -3
100
AcDbLine
 10
-9.656254563355782
 20
-76.97733677368126
 30
0.0000000000000023
 11
-9.666831908228028
 21
-76.97821686088034
 31
0.0000000000000024
  0
SPLINE
  5
536
330
1F
100
AcDbEntity
  8
Hidden
370
    -3
100
AcDbSpline
210
0.0
220
0.0
230
1.0
 70
     8
 71
     3
 72
    10
 73
     6
 74
     0
 42
0.0000000001
 43
0.00000001
 40
0.0
 40
0.0
 40
0.0
 40
0.0
 40
0.0469539157714252
 40
0.5833848195748645
 40
1.0
 40
1.0
 40
1.0
 40
1.0
 10
-9.666831908228028
 20
-76.97821686088034
 30
0.0000000000000024
 10
-9.667188174516252
 20
-76.97827868952731
 30
0.0000000000000024
 10
-9.671614649728427
 20
-76.9790468873118
 30
0.0000000000000024
 10
-9.679117095837197
 20
-76.98112663581956
 30
0.0000000000000025
 10
-9.685626400852348
 20
-76.98454334290892
 30
0.0000000000000025
 10
-9.688471882648246
 20
-76.98603692445135
 30
0.0000000000000025
  0
SPLINE
  5
537
330
1F
100
AcDbEntity
  8
Hidden
370
    -3
100
AcDbSpline
210
0.0
220
0.0
230
1.0
 70
     8
 71
     3
 72
    11
 73
     7
 74
     0
 42
0.0000000001
 43
0.00000001
 40
0.0
 40
0.0
 40
0.0
 40
0.0
 40
0.0994911674304298
 40
0.4974247448802929
 40
0.8953573550260987
 40
1.0
 40
1.0
 40
1.0
 40
1.0
 10
-9.688471882648246
 20
-76.98603692445135
 30
0.0000000000000025
 10
-9.68941241507295
 20
-76.9866052930838
 30
0.0000000000000025
 10
-9.694114783267961
 20
-76.98944695862347
 30
0.0000000000000025
 10
-9.7018135805574
 20
-76.99577813138416
 30
0.0000000000000026
 10
-9.708182594662743
 20
-77.00352071188587
 30
0.0000000000000026
 10
-9.711044894441793
 20
-77.00827720073363
 30
0.0000000000000026
 10
-9.71164086214322
 20
-77.00926756301021
 30
0.0000000000000026
  0
SPLINE
  5
538
330
1F
100
AcDbEntity
  8
Hidden
370
    -3
100
AcDbSpline
210
0.0
220
0.0
230
1.0
 70
     8
 71
     3
 72
    10
 73
     6
 74
     0
 42
0.0000000001
 43
0.00000001
 40
0.0
 40
0.0
 40
0.0
 40
0.0
 40
0.3366138152442923
 40
0.6933995766828117
 40
1.0
 40
1.0
 40
1.0
 40
1.0
 10
-9.720264324630211
 20
-77.55333677368037
 30
0.0000000000000002
 10
-9.720049759531237
 20
-77.55723619665395
 30
0.0000000000000002
 10
-9.719607771288155
 20
-77.56526871973152
 30
0.0000000000000001
 10
-9.716361040544886
 20
-77.57653088885922
 30
0.0000000000000001
 10
-9.71271840239054
 20
-77.58330630709902
 30
0.0
 10
-9.711034866577199
 20
-77.58643773513928
 30
0.0
  0
SPLINE
  5
539
330
1F
100
AcDbEntity
  8
Hidden
370
    -3
100
AcDbSpline
210
0.0
220
0.0
230
1.0
 70
     8
 71
     3
 72
    10
 73
     6
 74
     0
 42
0.0000000001
 43
0.00000001
 40
0.0
 40
0.0
 40
0.0
 40
0.0
 40
0.1070119706325628
 40
0.7289489585951638
 40
1.0
 40
1.0
 40
1.0
 40
1.0
 10
-9.711034866577199
 20
-77.58643773513928
 30
0.0
 10
-9.710636225478606
 20
-77.58708017309293
 30
0.0
 10
-9.707920744098766
 20
-77.59145636086426
 30
-0.0000000000000001
 10
-9.703439446598507
 20
-77.59702367544081
 30
-0.0000000000000001
 10
-9.698707196297846
 20
-77.60120036059138
 30
-0.0000000000000002
 10
-9.697270803725942
 20
-77.60246812098954
 30
-0.0000000000000002
  0
LINE
  5
53A
330
1F
100
AcDbEntity
  8
Hidden
370
    -3
100
AcDbLine
 10
-9.666832111551583
 20
-77.61645668648234
 30
-0.0000000000000005
 11
-9.656254643625575
 21
-77.61733677368127
 31
-0.0000000000000005
  0
SPLINE
  5
53B
330
1F
100
AcDbEntity
  8
Hidden
370
    -3
100
AcDbSpline
210
0.0
220
0.0
230
1.0
 70
    24
 71
     3
 72
     9
 73
     5
 74
     0
 42
0.0000000001
 43
0.00000001
 40
0.0
 40
0.0
 40
0.0
 40
0.0
 40
0.2373523009803874
 40
1.0
 40
1.0
 40
1.0
 40
1.0
 10
-9.65600000000055
 20
-77.61733677368129
 30
-0.0000000000000005
 10
-9.656006655256714
 20
-77.61733677368129
 30
-0.0000000000000005
 10
-9.656034694825479
 20
-77.61733677368123
 30
-0.0000000000000005
 10
-9.65606273439425
 20
-77.61733677368126
 30
-0.0000000000000005
 10
-9.656084118706854
 20
-77.61733677368127
 30
-0.0000000000000005
  0
LINE
  5
53C
330
1F
100
AcDbEntity
  8
Hidden
370
    -3
100
AcDbLine
 10
-9.144178165545588
 20
-76.97733677368126
 30
-0.0000000000000014
 11
-9.140937635239373
 21
-76.97741886764365
 31
-0.0000000000000014
  0
LINE
  5
53D
330
1F
100
AcDbEntity
  8
Hidden
370
    -3
100
AcDbLine
 10
-9.140937635239373
 20
-76.97741886764365
 30
-0.0000000000000014
 11
-9.132781297987531
 21
-76.97835972625485
 31
-0.0000000000000015
  0
SPLINE
  5
53E
330
1F
100
AcDbEntity
  8
Hidden
370
    -3
100
AcDbSpline
210
0.0
220
0.0
230
1.0
 70
     8
 71
     3
 72
    10
 73
     6
 74
     0
 42
0.0000000001
 43
0.00000001
 40
0.0
 40
0.0
 40
0.0
 40
0.0
 40
0.0100806309925124
 40
0.5044040257237824
 40
1.0
 40
1.0
 40
1.0
 40
1.0
 10
-9.132781297987531
 20
-76.97835972625485
 30
-0.0000000000000015
 10
-9.132698414172864
 20
-76.97837484500087
 30
-0.0000000000000015
 10
-9.128551160908964
 20
-76.97913134093534
 30
-0.0000000000000015
 10
-9.120397233353303
 20
-76.9813638091759
 30
-0.0000000000000016
 10
-9.11317864009543
 20
-76.98545602595951
 30
-0.0000000000000016
 10
-9.109564703576414
 20
-76.9875047647026
 30
-0.0000000000000017
  0
SPLINE
  5
53F
330
1F
100
AcDbEntity
  8
Hidden
370
    -3
100
AcDbSpline
210
0.0
220
0.0
230
1.0
 70
     8
 71
     3
 72
    13
 73
     9
 74
     0
 42
0.0000000001
 43
0.00000001
 40
0.0
 40
0.0
 40
0.0
 40
0.0
 40
0.0076081028392582
 40
0.2140824207002363
 40
0.4205570871114056
 40
0.6227413899995962
 40
0.816855782094518
 40
1.0
 40
1.0
 40
1.0
 40
1.0
 10
-9.109564703576414
 20
-76.9875047647026
 30
-0.0000000000000017
 10
-9.109428717476765
 20
-76.98759268411136
 30
-0.0000000000000017
 10
-9.1056022401
 20
-76.9900666254144
 30
-0.0000000000000017
 10
-9.098602179883466
 20
-76.99576347317979
 30
-0.0000000000000018
 10
-9.090279442663183
 20
-77.00599363755926
 30
-0.0000000000000019
 10
-9.084374660998163
 20
-77.01746483798098
 30
-0.000000000000002
 10
-9.080814059558998
 20
-77.02939250917431
 30
-0.0000000000000021
 10
-9.080386346025746
 20
-77.0374332905569
 30
-0.0000000000000021
 10
-9.08017870792695
 20
-77.04133677368128
 30
-0.0000000000000021
  0
SPLINE
  5
540
330
1F
100
AcDbEntity
  8
Hidden
370
    -3
100
AcDbSpline
210
0.0
220
0.0
230
1.0
 70
    24
 71
     3
 72
     9
 73
     5
 74
     0
 42
0.0000000001
 43
0.00000001
 40
0.0
 40
0.0
 40
0.0
 40
0.0
 40
0.237226171037023
 40
1.0
 40
1.0
 40
1.0
 40
1.0
 10
-9.144000000000549
 20
-76.97733677368129
 30
-0.0000000000000014
 10
-9.144004499799685
 20
-76.97733677368129
 30
-0.0000000000000014
 10
-9.144023468192241
 20
-76.97733677368126
 30
-0.0000000000000014
 10
-9.144042436584796
 20
-76.97733677368127
 30
-0.0000000000000014
 10
-9.14405690517821
 20
-76.97733677368126
 30
-0.0000000000000014
  0
LINE
  5
541
330
1F
100
AcDbEntity
  8
Hidden
370
    -3
100
AcDbLine
 10
-9.10215137500918
 20
-77.55333677368125
 30
-0.0000000000000043
 11
-9.719999998470211
 21
-77.55333677368127
 31
0.0000000000000002
  0
LINE
  5
542
330
1F
100
AcDbEntity
  8
Hidden
370
    -3
100
AcDbLine
 10
-9.700939368614476
 20
-77.04133677368127
 30
0.0000000000000024
 11
-9.102151023600646
 21
-77.04133677368125
 31
-0.000000000000002
  0
LINE
  5
543
330
1F
100
AcDbEntity
  8
Hidden
370
    -3
100
AcDbLine
 10
-1.290000000000596
 20
-77.04133677368128
 30
-0.0000000000000028
 11
-1.999999999999887
 21
-77.04133677368128
 31
0.0000000000000023
  0
LINE
  5
544
330
1F
100
AcDbEntity
  8
Hidden
370
    -3
100
AcDbLine
 10
-1.999999999999887
 20
-77.04133677368128
 30
0.0000000000000023
 11
-3.599999999999183
 21
-77.04133677368128
 31
0.0
  0
LINE
  5
545
330
1F
100
AcDbEntity
  8
Hidden
370
    -3
100
AcDbLine
 10
-3.599999999999183
 20
-77.04133677368128
 30
0.0
 11
-6.367999076129454
 21
-77.04133677368128
 31
0.0000000000000061
  0
LINE
  5
546
330
1F
100
AcDbEntity
  8
Hidden
370
    -3
100
AcDbLine
 10
-6.367999076128742
 20
-77.55333677368125
 30
0.0000000000000038
 11
-3.599999999999185
 21
-77.55333677368125
 31
-0.0000000000000023
  0
LINE
  5
547
330
1F
100
AcDbEntity
  8
Hidden
370
    -3
100
AcDbLine
 10
-3.599999999999185
 20
-77.55333677368125
 30
-0.0000000000000023
 11
-1.999999999999884
 21
-77.55333677368125
 31
0.0
  0
LINE
  5
548
330
1F
100
AcDbEntity
  8
Hidden
370
    -3
100
AcDbLine
 10
-1.999999999999884
 20
-77.55333677368125
 30
0.0
 11
-1.290000000000596
 21
-77.55333677368125
 31
-0.0000000000000051
  0
LINE
  5
549
330
1F
100
AcDbEntity
  8
Hidden
370
    -3
100
AcDbLine
 10
-6.367999076222989
 20
-76.97733677368126
 30
0.0000000000000063
 11
-3.600000000000692
 21
-76.97733677368126
 31
0.0000000000000002
  0
LINE
  5
54A
330
1F
100
AcDbEntity
  8
Hidden
370
    -3
100
AcDbLine
 10
-3.600000000000692
 20
-76.97733677368126
 30
0.0000000000000002
 11
-2.000000000000586
 21
-76.97733677368126
 31
0.0000000000000026
  0
LINE
  5
54B
330
1F
100
AcDbEntity
  8
Hidden
370
    -3
100
AcDbLine
 10
-2.000000000000586
 20
-76.97733677368126
 30
0.0000000000000026
 11
-1.295599274466596
 21
-76.97733677368126
 31
-0.0000000000000025
  0
LINE
  5
54C
330
1F
100
AcDbEntity
  8
Hidden
370
    -3
100
AcDbLine
 10
-1.295599274466596
 20
-77.61733677368127
 30
-0.0000000000000054
 11
-2.000000000000523
 21
-77.61733677368127
 31
-0.0000000000000003
  0
LINE
  5
54D
330
1F
100
AcDbEntity
  8
Hidden
370
    -3
100
AcDbLine
 10
-2.000000000000523
 20
-77.61733677368127
 30
-0.0000000000000003
 11
-3.600000000000677
 21
-77.61733677368127
 31
-0.0000000000000026
  0
LINE
  5
54E
330
1F
100
AcDbEntity
  8
Hidden
370
    -3
100
AcDbLine
 10
-3.600000000000678
 20
-77.61733677368129
 30
-0.0000000000000026
 11
-6.367999077376991
 21
-77.61733677368127
 31
0.0000000000000035
  0
SPLINE
  5
54F
330
1F
100
AcDbEntity
  8
Hidden
370
    -3
100
AcDbSpline
210
0.0
220
0.0
230
1.0
 70
     8
 71
     3
 72
    21
 73
    17
 74
     0
 42
0.0000000001
 43
0.00000001
 40
0.0
 40
0.0
 40
0.0
 40
0.0
 40
0.0139516069088294
 40
0.0280691743170416
 40
0.0425469392803585
 40
0.0575651695942649
 40
0.0787007564851682
 40
0.1014098589891488
 40
0.1259562205285672
 40
0.1666536083794041
 40
0.2124765195055322
 40
0.2637938314402775
 40
0.3208679879235309
 40
0.5024342265747038
 40
0.7284326584506036
 40
1.0
 40
1.0
 40
1.0
 40
1.0
 10
-1.290000000000595
 20
-77.55333677368125
 30
-0.0000000000000051
 10
-1.289947091618268
 20
-77.55389440533129
 30
-0.0000000000000051
 10
-1.289840645485139
 20
-77.55501630190508
 30
-0.0000000000000051
 10
-1.289422285738387
 20
-77.55667663979523
 30
-0.0000000000000052
 10
-1.288815439135847
 20
-77.55831980074802
 30
-0.0000000000000052
 10
-1.28790451899497
 20
-77.56013870178332
 30
-0.0000000000000052
 10
-1.286606092275202
 20
-77.5621173860965
 30
-0.0000000000000052
 10
-1.28484296380537
 20
-77.5642247907666
 30
-0.0000000000000052
 10
-1.282319316438356
 20
-77.56669542087126
 30
-0.0000000000000053
 10
-1.278812841096097
 20
-77.56945818954836
 30
-0.0000000000000053
 10
-1.274149029091194
 20
-77.57243684679972
 30
-0.0000000000000053
 10
-1.268688182091762
 20
-77.57534966206414
 30
-0.0000000000000054
 10
-1.258096786981985
 20
-77.58016259173894
 30
-0.0000000000000055
 10
-1.240417088503908
 20
-77.58617584779239
 30
-0.0000000000000056
 10
-1.214015095824501
 20
-77.59292122548474
 30
-0.0000000000000059
 10
-1.194397826471909
 20
-77.5965894957052
 30
-0.000000000000006
 10
-1.183690880835622
 20
-77.59859160767726
 30
-0.0000000000000061
  0
SPLINE
  5
550
330
1F
100
AcDbEntity
  8
Hidden
370
    -3
100
AcDbSpline
210
0.0
220
0.0
230
1.0
 70
     8
 71
     3
 72
    18
 73
    14
 74
     0
 42
0.0000000001
 43
0.00000001
 40
0.0
 40
0.0
 40
0.0
 40
0.0
 40
0.4987835582140249
 40
0.6236520621508171
 40
0.7485705790908918
 40
0.8110705339091545
 40
0.873719836351847
 40
0.8946197712882699
 40
0.9156006054093931
 40
0.9366319690206917
 40
0.9576654326904714
 40
0.9787741718427968
 40
1.0
 40
1.0
 40
1.0
 40
1.0
 10
-1.183690880835596
 20
-76.99608193968527
 30
-0.0000000000000034
 10
-1.203352589066551
 20
-76.99988444860428
 30
-0.0000000000000033
 10
-1.227936528696696
 20
-77.00463890069001
 30
-0.0000000000000031
 10
-1.256372134215707
 20
-77.0142323353278
 30
-0.000000000000003
 10
-1.267925806037383
 20
-77.01910905374878
 30
-0.0000000000000029
 10
-1.276678478542631
 20
-77.02399991145825
 30
-0.0000000000000029
 10
-1.281478943413462
 20
-77.02739155691995
 30
-0.0000000000000028
 10
-1.284552214528468
 20
-77.03024200015385
 30
-0.0000000000000028
 10
-1.286258856696393
 20
-77.03210086885055
 30
-0.0000000000000028
 10
-1.28776656866437
 20
-77.03413671149445
 30
-0.0000000000000028
 10
-1.288975505169178
 20
-77.0363665681897
 30
-0.0000000000000028
 10
-1.289830537647479
 20
-77.03878534155523
 30
-0.0000000000000028
 10
-1.289943408490112
 20
-77.04048472958266
 30
-0.0000000000000028
 10
-1.290000000000595
 20
-77.04133677368127
 30
-0.0000000000000028
  0
LINE
  5
551
330
1F
100
AcDbEntity
  8
Hidden
370
    -3
100
AcDbLine
 10
-1.284485791107613
 20
-76.97830907748634
 30
-0.0000000000000026
 11
-1.183690880835622
 21
-76.99608193968542
 31
-0.0000000000000034
  0
SPLINE
  5
552
330
1F
100
AcDbEntity
  8
Hidden
370
    -3
100
AcDbSpline
210
0.0
220
0.0
230
1.0
 70
     8
 71
     3
 72
     9
 73
     5
 74
     0
 42
0.0000000001
 43
0.00000001
 40
0.0
 40
0.0
 40
0.0
 40
0.0
 40
0.5599484714456466
 40
1.0
 40
1.0
 40
1.0
 40
1.0
 10
-1.284485791107596
 20
-76.97830907748626
 30
-0.0000000000000026
 10
-1.286549389762915
 20
-76.97799712012937
 30
-0.0000000000000026
 10
-1.290234726468971
 20
-76.97744000215725
 30
-0.0000000000000026
 10
-1.293959973719679
 20
-76.97736831828071
 30
-0.0000000000000025
 10
-1.295599274466596
 20
-76.97733677368126
 30
-0.0000000000000025
  0
LINE
  5
553
330
1F
100
AcDbEntity
  8
Hidden
370
    -3
100
AcDbLine
 10
-1.183690880835622
 20
-77.5985916076771
 30
-0.0000000000000061
 11
-1.284485791095633
 21
-77.61636446987406
 31
-0.0000000000000055
  0
SPLINE
  5
554
330
1F
100
AcDbEntity
  8
Hidden
370
    -3
100
AcDbSpline
210
0.0
220
0.0
230
1.0
 70
     8
 71
     3
 72
     9
 73
     5
 74
     0
 42
0.0000000001
 43
0.00000001
 40
0.0
 40
0.0
 40
0.0
 40
0.0
 40
0.5599484711211973
 40
1.0
 40
1.0
 40
1.0
 40
1.0
 10
-1.284485791095597
 20
-77.61636446987427
 30
-0.0000000000000055
 10
-1.286549389751923
 20
-77.61667642723164
 30
-0.0000000000000054
 10
-1.290234726461915
 20
-77.61723354520485
 30
-0.0000000000000054
 10
-1.293959973716684
 20
-77.61730522908167
 30
-0.0000000000000054
 10
-1.295599274466596
 20
-77.61733677368127
 30
-0.0000000000000054
  0
SPLINE
  5
555
330
1F
100
AcDbEntity
  8
Hidden
370
    -3
100
AcDbSpline
210
0.0
220
0.0
230
1.0
 70
     8
 71
     3
 72
    10
 73
     6
 74
     0
 42
0.0000000001
 43
0.00000001
 40
0.0
 40
0.0
 40
0.0
 40
0.0
 40
0.3289848405162495
 40
0.6776755775396874
 40
1.0
 40
1.0
 40
1.0
 40
1.0
 10
-9.080178724557468
 20
-80.09333677367837
 30
-0.0000000000000019
 10
-9.080393039600128
 20
-80.0972359881334
 30
-0.0000000000000019
 10
-9.08083450696404
 20
-80.10526797648774
 30
-0.000000000000002
 10
-9.08415020042628
 20
-80.11679459635721
 30
-0.000000000000002
 10
-9.087984592607368
 20
-80.12377486938688
 30
-0.000000000000002
 10
-9.089826455980777
 20
-80.12712786736479
 30
-0.000000000000002
  0
SPLINE
  5
556
330
1F
100
AcDbEntity
  8
Hidden
370
    -3
100
AcDbSpline
210
0.0
220
0.0
230
1.0
 70
     8
 71
     3
 72
     9
 73
     5
 74
     0
 42
0.0000000001
 43
0.00000001
 40
0.0
 40
0.0
 40
0.0
 40
0.0
 40
0.2706419995664214
 40
1.0
 40
1.0
 40
1.0
 40
1.0
 10
-9.095659656383235
 20
-80.13507297311101
 30
-0.000000000000002
 10
-9.096727158216494
 20
-80.1362677359638
 30
-0.000000000000002
 10
-9.100671489971981
 20
-80.14068228675305
 30
-0.000000000000002
 10
-9.105456796958679
 20
-80.14420050168005
 30
-0.000000000000002
 10
-9.108946998893963
 20
-80.1467665398843
 30
-0.000000000000002
  0
SPLINE
  5
557
330
1F
100
AcDbEntity
  8
Hidden
370
    -3
100
AcDbSpline
210
0.0
220
0.0
230
1.0
 70
     8
 71
     3
 72
    11
 73
     7
 74
     0
 42
0.0000000001
 43
0.00000001
 40
0.0
 40
0.0
 40
0.0
 40
0.0
 40
0.0097381624075684
 40
0.5099563370201033
 40
0.9902074714204352
 40
1.0
 40
1.0
 40
1.0
 40
1.0
 10
-9.108946998893963
 20
-80.1467665398843
 30
-0.000000000000002
 10
-9.109016998952342
 20
-80.1468125680191
 30
-0.000000000000002
 10
-9.112682677533977
 20
-80.14922291383614
 30
-0.0000000000000019
 10
-9.120307093077203
 20
-80.15316895115394
 30
-0.0000000000000019
 10
-9.128550940410461
 20
-80.15554253542825
 30
-0.0000000000000018
 10
-9.132698407148744
 20
-80.1562987053912
 30
-0.0000000000000018
 10
-9.132781285858613
 20
-80.15631381591405
 30
-0.0000000000000018
  0
LINE
  5
558
330
1F
100
AcDbEntity
  8
Hidden
370
    -3
100
AcDbLine
 10
-9.132781285858613
 20
-80.15631381591405
 30
-0.0000000000000018
 11
-9.141306761467945
 21
-80.15727232518257
 31
-0.0000000000000018
  0
LINE
  5
559
330
1F
100
AcDbEntity
  8
Hidden
370
    -3
100
AcDbLine
 10
-9.141306761467945
 20
-80.15727232518257
 30
-0.0000000000000018
 11
-9.144178182087858
 21
-80.15733677368127
 31
-0.0000000000000017
  0
LINE
  5
55A
330
1F
100
AcDbEntity
  8
Hidden
370
    -3
100
AcDbLine
 10
-9.656254563355983
 20
-79.51733677368127
 30
0.0000000000000048
 11
-9.66683190823413
 21
-79.51821686088078
 31
0.0000000000000049
  0
SPLINE
  5
55B
330
1F
100
AcDbEntity
  8
Hidden
370
    -3
100
AcDbSpline
210
0.0
220
0.0
230
1.0
 70
     8
 71
     3
 72
    10
 73
     6
 74
     0
 42
0.0000000001
 43
0.00000001
 40
0.0
 40
0.0
 40
0.0
 40
0.0
 40
0.0469539155718758
 40
0.5833848199730775
 40
1.0
 40
1.0
 40
1.0
 40
1.0
 10
-9.66683190823413
 20
-79.51821686088078
 30
0.0000000000000049
 10
-9.667188174520442
 20
-79.51827868952745
 30
0.0000000000000049
 10
-9.67161464973068
 20
-79.51904688731155
 30
0.0000000000000049
 10
-9.679117095831144
 20
-79.52112663581673
 30
0.000000000000005
 10
-9.685626400841223
 20
-79.52454334290123
 30
0.000000000000005
 10
-9.688471882631593
 20
-79.52603692443981
 30
0.000000000000005
  0
SPLINE
  5
55C
330
1F
100
AcDbEntity
  8
Hidden
370
    -3
100
AcDbSpline
210
0.0
220
0.0
230
1.0
 70
     8
 71
     3
 72
    11
 73
     7
 74
     0
 42
0.0000000001
 43
0.00000001
 40
0.0
 40
0.0
 40
0.0
 40
0.0
 40
0.0994911679384873
 40
0.4974247450187096
 40
0.8953573547947291
 40
1.0
 40
1.0
 40
1.0
 40
1.0
 10
-9.688471882631593
 20
-79.52603692443981
 30
0.000000000000005
 10
-9.6894124150621
 20
-79.52660529307542
 30
0.000000000000005
 10
-9.694114783263416
 20
-79.5294469586173
 30
0.000000000000005
 10
-9.701813580557882
 20
-79.53577813138205
 30
0.0000000000000051
 10
-9.708182594665647
 20
-79.54352071188629
 30
0.0000000000000051
 10
-9.711044894445944
 20
-79.54827720073737
 30
0.0000000000000051
 10
-9.711640862149114
 20
-79.54926756301711
 30
0.0000000000000051
  0
SPLINE
  5
55D
330
1F
100
AcDbEntity
  8
Hidden
370
    -3
100
AcDbSpline
210
0.0
220
0.0
230
1.0
 70
     8
 71
     3
 72
    10
 73
     6
 74
     0
 42
0.0000000001
 43
0.00000001
 40
0.0
 40
0.0
 40
0.0
 40
0.0
 40
0.3366138153324007
 40
0.6933995768616326
 40
1.0
 40
1.0
 40
1.0
 40
1.0
 10
-9.720264324630211
 20
-80.09333677368127
 30
0.0000000000000027
 10
-9.720049759531346
 20
-80.09723619665486
 30
0.0000000000000027
 10
-9.719607771288482
 20
-80.10526871973242
 30
0.0000000000000026
 10
-9.716361040546207
 20
-80.11653088885724
 30
0.0000000000000026
 10
-9.712718402394048
 20
-80.12330630709475
 30
0.0000000000000025
 10
-9.711034866582473
 20
-80.12643773513254
 30
0.0000000000000025
  0
SPLINE
  5
55E
330
1F
100
AcDbEntity
  8
Hidden
370
    -3
100
AcDbSpline
210
0.0
220
0.0
230
1.0
 70
     8
 71
     3
 72
    10
 73
     6
 74
     0
 42
0.0000000001
 43
0.00000001
 40
0.0
 40
0.0
 40
0.0
 40
0.0
 40
0.1070119708398699
 40
0.7289489575584535
 40
1.0
 40
1.0
 40
1.0
 40
1.0
 10
-9.711034866582473
 20
-80.12643773513254
 30
0.0000000000000025
 10
-9.710636225482375
 20
-80.12708017308876
 30
0.0000000000000025
 10
-9.707920744101417
 20
-80.13145636086283
 30
0.0000000000000024
 10
-9.703439446592293
 20
-80.13702367545059
 30
0.0000000000000024
 10
-9.698707196281687
 20
-80.1412003606067
 30
0.0000000000000023
 10
-9.697270803700935
 20
-80.14246812101172
 30
0.0000000000000023
  0
LINE
  5
55F
330
1F
100
AcDbEntity
  8
Hidden
370
    -3
100
AcDbLine
 10
-9.66683211155408
 20
-80.15645668648216
 30
0.000000000000002
 11
-9.656254643625575
 21
-80.15733677368127
 31
0.000000000000002
  0
SPLINE
  5
560
330
1F
100
AcDbEntity
  8
Hidden
370
    -3
100
AcDbSpline
210
0.0
220
0.0
230
1.0
 70
    24
 71
     3
 72
     9
 73
     5
 74
     0
 42
0.0000000001
 43
0.00000001
 40
0.0
 40
0.0
 40
0.0
 40
0.0
 40
0.2373523009803874
 40
1.0
 40
1.0
 40
1.0
 40
1.0
 10
-9.65600000000055
 20
-80.15733677368128
 30
0.0000000000000019
 10
-9.656006655256714
 20
-80.15733677368128
 30
0.0000000000000019
 10
-9.656034694825479
 20
-80.15733677368125
 30
0.0000000000000019
 10
-9.65606273439425
 20
-80.15733677368127
 30
0.000000000000002
 10
-9.656084118706854
 20
-80.15733677368127
 30
0.000000000000002
  0
LINE
  5
561
330
1F
100
AcDbEntity
  8
Hidden
370
    -3
100
AcDbLine
 10
-9.144178165545588
 20
-79.51733677368127
 30
0.0000000000000011
 11
-9.140937635239375
 21
-79.51741886764363
 31
0.0000000000000011
  0
LINE
  5
562
330
1F
100
AcDbEntity
  8
Hidden
370
    -3
100
AcDbLine
 10
-9.140937635239375
 20
-79.51741886764363
 30
0.0000000000000011
 11
-9.132781297987531
 21
-79.51835972625484
 31
0.000000000000001
  0
SPLINE
  5
563
330
1F
100
AcDbEntity
  8
Hidden
370
    -3
100
AcDbSpline
210
0.0
220
0.0
230
1.0
 70
     8
 71
     3
 72
    10
 73
     6
 74
     0
 42
0.0000000001
 43
0.00000001
 40
0.0
 40
0.0
 40
0.0
 40
0.0
 40
0.0100806309926111
 40
0.5044040257238318
 40
1.0
 40
1.0
 40
1.0
 40
1.0
 10
-9.132781297987533
 20
-79.51835972625486
 30
0.000000000000001
 10
-9.132698414172863
 20
-79.51837484500089
 30
0.000000000000001
 10
-9.128551160908906
 20
-79.51913134093454
 30
0.000000000000001
 10
-9.120397233353332
 20
-79.52136380917622
 30
0.0000000000000009
 10
-9.113178640095438
 20
-79.52545602595961
 30
0.0000000000000009
 10
-9.109564703576414
 20
-79.5275047647026
 30
0.0000000000000008
  0
SPLINE
  5
564
330
1F
100
AcDbEntity
  8
Hidden
370
    -3
100
AcDbSpline
210
0.0
220
0.0
230
1.0
 70
     8
 71
     3
 72
    13
 73
     9
 74
     0
 42
0.0000000001
 43
0.00000001
 40
0.0
 40
0.0
 40
0.0
 40
0.0
 40
0.0076081028392582
 40
0.2140824207002363
 40
0.4205570871114056
 40
0.6227413899995962
 40
0.816855782094518
 40
1.0
 40
1.0
 40
1.0
 40
1.0
 10
-9.109564703576414
 20
-79.5275047647026
 30
0.0000000000000008
 10
-9.109428717476765
 20
-79.52759268411135
 30
0.0000000000000008
 10
-9.1056022401
 20
-79.53006662541438
 30
0.0000000000000008
 10
-9.098602179883466
 20
-79.5357634731798
 30
0.0000000000000007
 10
-9.090279442663183
 20
-79.54599363755923
 30
0.0000000000000006
 10
-9.084374660998163
 20
-79.557464837981
 30
0.0000000000000005
 10
-9.080814059558998
 20
-79.5693925091743
 30
0.0000000000000004
 10
-9.080386346025746
 20
-79.5774332905569
 30
0.0000000000000004
 10
-9.08017870792695
 20
-79.58133677368127
 30
0.0000000000000004
  0
SPLINE
  5
565
330
1F
100
AcDbEntity
  8
Hidden
370
    -3
100
AcDbSpline
210
0.0
220
0.0
230
1.0
 70
    24
 71
     3
 72
     9
 73
     5
 74
     0
 42
0.0000000001
 43
0.00000001
 40
0.0
 40
0.0
 40
0.0
 40
0.0
 40
0.237226171037023
 40
1.0
 40
1.0
 40
1.0
 40
1.0
 10
-9.144000000000549
 20
-79.51733677368128
 30
0.0000000000000011
 10
-9.144004499799685
 20
-79.5173367736813
 30
0.0000000000000011
 10
-9.144023468192241
 20
-79.51733677368131
 30
0.0000000000000011
 10
-9.144042436584796
 20
-79.5173367736813
 30
0.0000000000000011
 10
-9.14405690517821
 20
-79.51733677368127
 30
0.0000000000000011
  0
LINE
  5
566
330
1F
100
AcDbEntity
  8
Hidden
370
    -3
100
AcDbLine
 10
-9.102151375009178
 20
-80.09333677368127
 30
-0.0000000000000018
 11
-9.719999998470211
 21
-80.09333677368127
 31
0.0000000000000027
  0
LINE
  5
567
330
1F
100
AcDbEntity
  8
Hidden
370
    -3
100
AcDbLine
 10
-9.700939368614474
 20
-79.58133677368126
 30
0.0000000000000049
 11
-9.10216132298796
 21
-79.58133677368124
 31
0.0000000000000005
  0
LINE
  5
568
330
1F
100
AcDbEntity
  8
Hidden
370
    -3
100
AcDbLine
 10
-1.290000000000596
 20
-79.58133677368126
 30
-0.0000000000000003
 11
-1.999999999999887
 21
-79.58133677368126
 31
0.0000000000000048
  0
LINE
  5
569
330
1F
100
AcDbEntity
  8
Hidden
370
    -3
100
AcDbLine
 10
-1.999999999999887
 20
-79.58133677368126
 30
0.0000000000000048
 11
-3.599999999999183
 21
-79.58133677368126
 31
0.0000000000000025
  0
LINE
  5
56A
330
1F
100
AcDbEntity
  8
Hidden
370
    -3
100
AcDbLine
 10
-3.599999999999183
 20
-79.58133677368126
 30
0.0000000000000025
 11
-4.626097625754334
 21
-79.58133677368126
 31
0.0000000000000099
  0
LINE
  5
56B
330
1F
100
AcDbEntity
  8
Hidden
370
    -3
100
AcDbLine
 10
-4.626097625754334
 20
-79.58133677368126
 30
0.0000000000000099
 11
-5.570060786205731
 21
-79.58133677368126
 31
0.0000000000000028
  0
LINE
  5
56C
330
1F
100
AcDbEntity
  8
Hidden
370
    -3
100
AcDbLine
 10
-5.570060786205731
 20
-79.58133677368126
 30
0.0000000000000028
 11
-6.367999076129454
 21
-79.58133677368126
 31
0.0000000000000086
  0
LINE
  5
56D
330
1F
100
AcDbEntity
  8
Hidden
370
    -3
100
AcDbLine
 10
-6.367999076128742
 20
-80.09333677368127
 30
0.0000000000000063
 11
-3.599999999999186
 21
-80.09333677368129
 31
0.0000000000000002
  0
LINE
  5
56E
330
1F
100
AcDbEntity
  8
Hidden
370
    -3
100
AcDbLine
 10
-3.599999999999185
 20
-80.09333677368127
 30
0.0000000000000002
 11
-1.999999999999884
 21
-80.09333677368127
 31
0.0000000000000025
  0
LINE
  5
56F
330
1F
100
AcDbEntity
  8
Hidden
370
    -3
100
AcDbLine
 10
-1.999999999999884
 20
-80.09333677368127
 30
0.0000000000000025
 11
-1.290000000000596
 21
-80.09333677368127
 31
-0.0000000000000026
  0
LINE
  5
570
330
1F
100
AcDbEntity
  8
Hidden
370
    -3
100
AcDbLine
 10
-6.367999076222989
 20
-79.51733677368125
 30
0.0000000000000088
 11
-5.597878303916136
 21
-79.51733677368125
 31
0.0000000000000033
  0
LINE
  5
571
330
1F
100
AcDbEntity
  8
Hidden
370
    -3
100
AcDbLine
 10
-5.597878303916136
 20
-79.51733677368125
 30
0.0000000000000033
 11
-4.598032330648443
 21
-79.51733677368125
 31
0.0000000000000099
  0
LINE
  5
572
330
1F
100
AcDbEntity
  8
Hidden
370
    -3
100
AcDbLine
 10
-4.598032330648443
 20
-79.51733677368125
 30
0.0000000000000099
 11
-3.600000000000693
 21
-79.51733677368127
 31
0.0000000000000027
  0
LINE
  5
573
330
1F
100
AcDbEntity
  8
Hidden
370
    -3
100
AcDbLine
 10
-3.600000000000692
 20
-79.51733677368125
 30
0.0000000000000027
 11
-2.000000000000586
 21
-79.51733677368125
 31
0.0000000000000051
  0
LINE
  5
574
330
1F
100
AcDbEntity
  8
Hidden
370
    -3
100
AcDbLine
 10
-2.000000000000586
 20
-79.51733677368125
 30
0.0000000000000051
 11
-1.295599274466596
 21
-79.51733677368125
 31
0.0
  0
LINE
  5
575
330
1F
100
AcDbEntity
  8
Hidden
370
    -3
100
AcDbLine
 10
-1.295599274466596
 20
-80.15733677368125
 30
-0.0000000000000029
 11
-2.000000000000523
 21
-80.15733677368125
 31
0.0000000000000022
  0
LINE
  5
576
330
1F
100
AcDbEntity
  8
Hidden
370
    -3
100
AcDbLine
 10
-2.000000000000523
 20
-80.15733677368125
 30
0.0000000000000022
 11
-3.600000000000677
 21
-80.15733677368125
 31
-0.0000000000000001
  0
LINE
  5
577
330
1F
100
AcDbEntity
  8
Hidden
370
    -3
100
AcDbLine
 10
-3.600000000000678
 20
-80.15733677368127
 30
-0.0000000000000001
 11
-6.367999077376991
 21
-80.15733677368125
 31
0.000000000000006
  0
SPLINE
  5
578
330
1F
100
AcDbEntity
  8
Hidden
370
    -3
100
AcDbSpline
210
0.0
220
0.0
230
1.0
 70
     8
 71
     3
 72
    21
 73
    17
 74
     0
 42
0.0000000001
 43
0.00000001
 40
0.0
 40
0.0
 40
0.0
 40
0.0
 40
0.0139516069086015
 40
0.0280691743168149
 40
0.0425469392801331
 40
0.0575651695942474
 40
0.0787007564851525
 40
0.1014098589891351
 40
0.1259562205285555
 40
0.166653608379396
 40
0.2124765195055281
 40
0.2637938314402777
 40
0.32086798792344
 40
0.5024342265747058
 40
0.7284326584506181
 40
1.0
 40
1.0
 40
1.0
 40
1.0
 10
-1.290000000000595
 20
-80.09333677368127
 30
-0.0000000000000026
 10
-1.289947091618267
 20
-80.09389440533131
 30
-0.0000000000000026
 10
-1.289840645485136
 20
-80.09501630190509
 30
-0.0000000000000026
 10
-1.289422285738388
 20
-80.0966766397952
 30
-0.0000000000000027
 10
-1.28881543913584
 20
-80.098319800748
 30
-0.0000000000000027
 10
-1.28790451899498
 20
-80.10013870178331
 30
-0.0000000000000027
 10
-1.286606092275201
 20
-80.10211738609652
 30
-0.0000000000000027
 10
-1.284842963805371
 20
-80.10422479076664
 30
-0.0000000000000027
 10
-1.282319316438355
 20
-80.10669542087129
 30
-0.0000000000000028
 10
-1.278812841096097
 20
-80.1094581895484
 30
-0.0000000000000028
 10
-1.274149029091193
 20
-80.11243684679967
 30
-0.0000000000000028
 10
-1.26868818209177
 20
-80.1153496620642
 30
-0.0000000000000029
 10
-1.258096786981963
 20
-80.12016259173885
 30
-0.000000000000003
 10
-1.240417088503923
 20
-80.12617584779247
 30
-0.0000000000000031
 10
-1.2140150958245
 20
-80.13292122548468
 30
-0.0000000000000034
 10
-1.194397826471909
 20
-80.13658949570521
 30
-0.0000000000000035
 10
-1.183690880835622
 20
-80.13859160767726
 30
-0.0000000000000036
  0
SPLINE
  5
579
330
1F
100
AcDbEntity
  8
Hidden
370
    -3
100
AcDbSpline
210
0.0
220
0.0
230
1.0
 70
     8
 71
     3
 72
    18
 73
    14
 74
     0
 42
0.0000000001
 43
0.00000001
 40
0.0
 40
0.0
 40
0.0
 40
0.0
 40
0.4987835582139367
 40
0.6236520621507069
 40
0.7485705790907594
 40
0.8110705339091249
 40
0.8737198363516702
 40
0.8946197712882467
 40
0.9156006054091955
 40
0.9366319690206767
 40
0.9576654326902494
 40
0.9787741718425711
 40
1.0
 40
1.0
 40
1.0
 40
1.0
 10
-1.183690880835596
 20
-79.53608193968527
 30
-0.0000000000000009
 10
-1.203352589066554
 20
-79.53988444860428
 30
-0.0000000000000008
 10
-1.227936528696703
 20
-79.54463890068999
 30
-0.0000000000000006
 10
-1.256372134215701
 20
-79.55423233532778
 30
-0.0000000000000005
 10
-1.267925806037404
 20
-79.55910905374877
 30
-0.0000000000000004
 10
-1.276678478542606
 20
-79.5639999114583
 30
-0.0000000000000004
 10
-1.281478943413494
 20
-79.56739155691992
 30
-0.0000000000000003
 10
-1.284552214528448
 20
-79.57024200015388
 30
-0.0000000000000003
 10
-1.286258856696414
 20
-79.57210086885053
 30
-0.0000000000000003
 10
-1.287766568664352
 20
-79.57413671149449
 30
-0.0000000000000003
 10
-1.288975505169188
 20
-79.57636656818968
 30
-0.0000000000000003
 10
-1.28983053764748
 20
-79.57878534155522
 30
-0.0000000000000003
 10
-1.289943408490112
 20
-79.58048472958265
 30
-0.0000000000000003
 10
-1.290000000000595
 20
-79.58133677368126
 30
-0.0000000000000003
  0
LINE
  5
57A
330
1F
100
AcDbEntity
  8
Hidden
370
    -3
100
AcDbLine
 10
-1.284485791107613
 20
-79.51830907748636
 30
-0.0000000000000001
 11
-1.183690880835622
 21
-79.53608193968539
 31
-0.0000000000000009
  0
SPLINE
  5
57B
330
1F
100
AcDbEntity
  8
Hidden
370
    -3
100
AcDbSpline
210
0.0
220
0.0
230
1.0
 70
     8
 71
     3
 72
     9
 73
     5
 74
     0
 42
0.0000000001
 43
0.00000001
 40
0.0
 40
0.0
 40
0.0
 40
0.0
 40
0.5599484714454561
 40
1.0
 40
1.0
 40
1.0
 40
1.0
 10
-1.284485791107596
 20
-79.51830907748625
 30
-0.0000000000000001
 10
-1.286549389762915
 20
-79.51799712012938
 30
-0.0000000000000001
 10
-1.290234726468974
 20
-79.51744000215731
 30
-0.0000000000000001
 10
-1.293959973719679
 20
-79.51736831828069
 30
0.0
 10
-1.295599274466596
 20
-79.51733677368125
 30
0.0
  0
LINE
  5
57C
330
1F
100
AcDbEntity
  8
Hidden
370
    -3
100
AcDbLine
 10
-1.183690880835622
 20
-80.13859160767711
 30
-0.0000000000000036
 11
-1.284485791095633
 21
-80.15636446987406
 31
-0.000000000000003
  0
SPLINE
  5
57D
330
1F
100
AcDbEntity
  8
Hidden
370
    -3
100
AcDbSpline
210
0.0
220
0.0
230
1.0
 70
     8
 71
     3
 72
     9
 73
     5
 74
     0
 42
0.0000000001
 43
0.00000001
 40
0.0
 40
0.0
 40
0.0
 40
0.0
 40
0.5599484711213878
 40
1.0
 40
1.0
 40
1.0
 40
1.0
 10
-1.284485791095597
 20
-80.15636446987426
 30
-0.000000000000003
 10
-1.286549389751923
 20
-80.15667642723163
 30
-0.0000000000000029
 10
-1.290234726461912
 20
-80.15723354520489
 30
-0.0000000000000029
 10
-1.293959973716683
 20
-80.1573052290817
 30
-0.0000000000000029
 10
-1.295599274466596
 20
-80.15733677368125
 30
-0.0000000000000029
  0
LINE
  5
57E
330
1F
100
AcDbEntity
  8
Hidden
370
    -3
100
AcDbLine
 10
-1.284485791107599
 20
-80.15636446987625
 30
-0.000000000000003
 11
-1.287715570227622
 21
-80.15684934895705
 31
-0.0000000000000029
  0
SPLINE
  5
57F
330
1F
100
AcDbEntity
  8
Hidden
370
    -3
100
AcDbSpline
210
0.0
220
0.0
230
1.0
 70
     8
 71
     3
 72
    10
 73
     6
 74
     0
 42
0.0000000001
 43
0.00000001
 40
0.0
 40
0.0
 40
0.0
 40
0.0
 40
0.3289848407711259
 40
0.6776755780498447
 40
1.0
 40
1.0
 40
1.0
 40
1.0
 10
-9.080178724557467
 20
-82.63333677368126
 30
0.0000000000000006
 10
-9.080393039599674
 20
-82.63723598813645
 30
0.0000000000000006
 10
-9.080834506962644
 20
-82.6452679764909
 30
0.0000000000000005
 10
-9.084150200421512
 20
-82.65679459635204
 30
0.0000000000000005
 10
-9.087984592595832
 20
-82.6637748693751
 30
0.0000000000000005
 10
-9.089826455963774
 20
-82.66712786734584
 30
0.0000000000000005
  0
SPLINE
  5
580
330
1F
100
AcDbEntity
  8
Hidden
370
    -3
100
AcDbSpline
210
0.0
220
0.0
230
1.0
 70
     8
 71
     3
 72
     9
 73
     5
 74
     0
 42
0.0000000001
 43
0.00000001
 40
0.0
 40
0.0
 40
0.0
 40
0.0
 40
0.2706419935429414
 40
1.0
 40
1.0
 40
1.0
 40
1.0
 10
-9.095659656483281
 20
-82.67507297323463
 30
0.0000000000000005
 10
-9.096727158283356
 20
-82.67626773604582
 30
0.0000000000000005
 10
-9.100671490004016
 20
-82.68068228677964
 30
0.0000000000000005
 10
-9.105456796937412
 20
-82.68420050166993
 30
0.0000000000000005
 10
-9.10894699886264
 20
-82.68676653986863
 30
0.0000000000000005
  0
SPLINE
  5
581
330
1F
100
AcDbEntity
  8
Hidden
370
    -3
100
AcDbSpline
210
0.0
220
0.0
230
1.0
 70
     8
 71
     3
 72
    11
 73
     7
 74
     0
 42
0.0000000001
 43
0.00000001
 40
0.0
 40
0.0
 40
0.0
 40
0.0
 40
0.0097381636742906
 40
0.5099563374360222
 40
0.9902074710364396
 40
1.0
 40
1.0
 40
1.0
 40
1.0
 10
-9.10894699886264
 20
-82.68676653986863
 30
0.0000000000000005
 10
-9.10901699893023
 20
-82.68681256800951
 30
0.0000000000000005
 10
-9.11268267752037
 20
-82.68922291383363
 30
0.0000000000000006
 10
-9.120307093074095
 20
-82.69316895115561
 30
0.0000000000000006
 10
-9.128550940410886
 20
-82.69554253543083
 30
0.0000000000000006
 10
-9.132698407152844
 20
-82.69629870539335
 30
0.0000000000000007
 10
-9.132781285866107
 20
-82.6963138159168
 30
0.0000000000000007
  0
LINE
  5
582
330
1F
100
AcDbEntity
  8
Hidden
370
    -3
100
AcDbLine
 10
-9.132781285866107
 20
-82.6963138159168
 30
0.0000000000000007
 11
-9.141306761467874
 21
-82.69727232518291
 31
0.0000000000000007
  0
LINE
  5
583
330
1F
100
AcDbEntity
  8
Hidden
370
    -3
100
AcDbLine
 10
-9.141306761467874
 20
-82.69727232518291
 30
0.0000000000000007
 11
-9.144178182086085
 21
-82.69733677368127
 31
0.0000000000000008
  0
LINE
  5
584
330
1F
100
AcDbEntity
  8
Hidden
370
    -3
100
AcDbLine
 10
-9.656254563355782
 20
-82.05733677368127
 30
-0.0000000000000066
 11
-9.666831908226321
 21
-82.05821686088021
 31
-0.0000000000000065
  0
SPLINE
  5
585
330
1F
100
AcDbEntity
  8
Hidden
370
    -3
100
AcDbSpline
210
0.0
220
0.0
230
1.0
 70
     8
 71
     3
 72
    10
 73
     6
 74
     0
 42
0.0000000001
 43
0.00000001
 40
0.0
 40
0.0
 40
0.0
 40
0.0
 40
0.0469539158405241
 40
0.5833848195208485
 40
1.0
 40
1.0
 40
1.0
 40
1.0
 10
-9.666831908226321
 20
-82.05821686088021
 30
-0.0000000000000065
 10
-9.667188174515156
 20
-82.0582786895273
 30
-0.0000000000000065
 10
-9.671614649728006
 20
-82.05904688731191
 30
-0.0000000000000065
 10
-9.679117095838532
 20
-82.06112663582017
 30
-0.0000000000000064
 10
-9.685626400854627
 20
-82.06454334291047
 30
-0.0000000000000064
 10
-9.688471882651516
 20
-82.06603692445361
 30
-0.0000000000000064
  0
SPLINE
  5
586
330
1F
100
AcDbEntity
  8
Hidden
370
    -3
100
AcDbSpline
210
0.0
220
0.0
230
1.0
 70
     8
 71
     3
 72
    11
 73
     7
 74
     0
 42
0.0000000001
 43
0.00000001
 40
0.0
 40
0.0
 40
0.0
 40
0.0
 40
0.0994911673410058
 40
0.4974247448522021
 40
0.8953573550585261
 40
1.0
 40
1.0
 40
1.0
 40
1.0
 10
-9.688471882651516
 20
-82.06603692445361
 30
-0.0000000000000064
 10
-9.689412415075205
 20
-82.06660529308549
 30
-0.0000000000000064
 10
-9.694114783269109
 20
-82.06944695862477
 30
-0.0000000000000063
 10
-9.701813580557692
 20
-82.07577813138484
 30
0.0000000000000076
 10
-9.708182594662663
 20
-82.08352071188618
 30
0.0000000000000076
 10
-9.711044894441498
 20
-82.08827720073349
 30
0.0000000000000076
 10
-9.711640862142664
 20
-82.0892675630096
 30
0.0000000000000076
  0
SPLINE
  5
587
330
1F
100
AcDbEntity
  8
Hidden
370
    -3
100
AcDbSpline
210
0.0
220
0.0
230
1.0
 70
     8
 71
     3
 72
    10
 73
     6
 74
     0
 42
0.0000000001
 43
0.00000001
 40
0.0
 40
0.0
 40
0.0
 40
0.0
 40
0.3366138154297928
 40
0.6933995770594934
 40
1.0
 40
1.0
 40
1.0
 40
1.0
 10
-9.720264324630211
 20
-82.6333367736835
 30
0.0000000000000052
 10
-9.720049759531326
 20
-82.63723619665713
 30
0.0000000000000052
 10
-9.719607771288423
 20
-82.64526871973476
 30
0.0000000000000051
 10
-9.716361040546968
 20
-82.65653088885632
 30
0.0000000000000051
 10
-9.71271840239708
 20
-82.66330630709133
 30
0.000000000000005
 10
-9.71103486658739
 20
-82.6664377351264
 30
0.000000000000005
  0
SPLINE
  5
588
330
1F
100
AcDbEntity
  8
Hidden
370
    -3
100
AcDbSpline
210
0.0
220
0.0
230
1.0
 70
     8
 71
     3
 72
    10
 73
     6
 74
     0
 42
0.0000000001
 43
0.00000001
 40
0.0
 40
0.0
 40
0.0
 40
0.0
 40
0.1070119710359911
 40
0.7289489562031721
 40
1.0
 40
1.0
 40
1.0
 40
1.0
 10
-9.71103486658739
 20
-82.6664377351264
 30
0.000000000000005
 10
-9.710636225485638
 20
-82.66708017308542
 30
0.000000000000005
 10
-9.707920744103427
 20
-82.67145636086254
 30
0.0000000000000049
 10
-9.703439446583234
 20
-82.67702367546413
 30
0.0000000000000049
 10
-9.698707196259797
 20
-82.68120036062739
 30
0.0000000000000048
 10
-9.697270803667658
 20
-82.68246812104117
 30
0.0000000000000048
  0
LINE
  5
589
330
1F
100
AcDbEntity
  8
Hidden
370
    -3
100
AcDbLine
 10
-9.666832111559636
 20
-82.69645668648174
 30
0.0000000000000045
 11
-9.656254643625575
 21
-82.69733677368127
 31
0.0000000000000044
  0
SPLINE
  5
58A
330
1F
100
AcDbEntity
  8
Hidden
370
    -3
100
AcDbSpline
210
0.0
220
0.0
230
1.0
 70
    24
 71
     3
 72
     9
 73
     5
 74
     0
 42
0.0000000001
 43
0.00000001
 40
0.0
 40
0.0
 40
0.0
 40
0.0
 40
0.2373523009803874
 40
1.0
 40
1.0
 40
1.0
 40
1.0
 10
-9.65600000000055
 20
-82.6973367736813
 30
0.0000000000000044
 10
-9.656006655256714
 20
-82.6973367736813
 30
0.0000000000000044
 10
-9.656034694825479
 20
-82.69733677368122
 30
0.0000000000000044
 10
-9.65606273439425
 20
-82.69733677368124
 30
0.0000000000000044
 10
-9.656084118706854
 20
-82.69733677368127
 30
0.0000000000000044
  0
LINE
  5
58B
330
1F
100
AcDbEntity
  8
Hidden
370
    -3
100
AcDbLine
 10
-9.144178165545586
 20
-82.05733677368127
 30
-0.0000000000000103
 11
-9.140937635239357
 21
-82.05741886764346
 31
-0.0000000000000103
  0
LINE
  5
58C
330
1F
100
AcDbEntity
  8
Hidden
370
    -3
100
AcDbLine
 10
-9.140937635239357
 20
-82.05741886764346
 30
-0.0000000000000103
 11
-9.132781297991178
 21
-82.0583597262536
 31
-0.0000000000000103
  0
SPLINE
  5
58D
330
1F
100
AcDbEntity
  8
Hidden
370
    -3
100
AcDbSpline
210
0.0
220
0.0
230
1.0
 70
     8
 71
     3
 72
    10
 73
     6
 74
     0
 42
0.0000000001
 43
0.00000001
 40
0.0
 40
0.0
 40
0.0
 40
0.0
 40
0.0100806311503709
 40
0.5044040261916297
 40
1.0
 40
1.0
 40
1.0
 40
1.0
 10
-9.132781297991178
 20
-82.0583597262536
 30
-0.0000000000000103
 10
-9.132698414175264
 20
-82.05837484499983
 30
-0.0000000000000103
 10
-9.128551160910128
 20
-82.05913134093426
 30
-0.0000000000000104
 10
-9.120397233359544
 20
-82.061363809173
 30
-0.0000000000000104
 10
-9.113178640106415
 20
-82.06545602595146
 30
-0.0000000000000105
 10
-9.109564703592612
 20
-82.0675047646904
 30
-0.0000000000000106
  0
SPLINE
  5
58E
330
1F
100
AcDbEntity
  8
Hidden
370
    -3
100
AcDbSpline
210
0.0
220
0.0
230
1.0
 70
     8
 71
     3
 72
    13
 73
     9
 74
     0
 42
0.0000000001
 43
0.00000001
 40
0.0
 40
0.0
 40
0.0
 40
0.0
 40
0.007608103142517
 40
0.2140824209382426
 40
0.4205570872844668
 40
0.6227413901101587
 40
0.8168557821470975
 40
1.0
 40
1.0
 40
1.0
 40
1.0
 10
-9.10956470359261
 20
-82.06750476469038
 30
-0.0000000000000106
 10
-9.109428717487479
 20
-82.06759268410264
 30
-0.0000000000000106
 10
-9.105602240104702
 20
-82.07006662540816
 30
-0.0000000000000106
 10
-9.098602179883272
 20
-82.07576347317776
 30
0.0000000000000032
 10
-9.0902794426629
 20
-82.08599363755681
 30
0.0000000000000031
 10
-9.084374660997947
 20
-82.09746483797848
 30
0.000000000000003
 10
-9.08081405955887
 20
-82.10939250917178
 30
0.0000000000000029
 10
-9.080386346025703
 20
-82.11743329055439
 30
0.0000000000000029
 10
-9.080178707926947
 20
-82.12133677367882
 30
0.0000000000000029
  0
SPLINE
  5
58F
330
1F
100
AcDbEntity
  8
Hidden
370
    -3
100
AcDbSpline
210
0.0
220
0.0
230
1.0
 70
    24
 71
     3
 72
     9
 73
     5
 74
     0
 42
0.0000000001
 43
0.00000001
 40
0.0
 40
0.0
 40
0.0
 40
0.0
 40
0.237226171037023
 40
1.0
 40
1.0
 40
1.0
 40
1.0
 10
-9.144000000000549
 20
-82.0573367736813
 30
-0.0000000000000103
 10
-9.144004499799685
 20
-82.05733677368129
 30
-0.0000000000000103
 10
-9.144023468192241
 20
-82.05733677368127
 30
-0.0000000000000103
 10
-9.144042436584796
 20
-82.05733677368129
 30
-0.0000000000000103
 10
-9.14405690517821
 20
-82.05733677368127
 30
-0.0000000000000103
  0
LINE
  5
590
330
1F
100
AcDbEntity
  8
Hidden
370
    -3
100
AcDbLine
 10
-9.102151375009178
 20
-82.63333677368126
 30
0.0000000000000007
 11
-9.719999998470211
 21
-82.63333677368126
 31
0.0000000000000052
  0
LINE
  5
591
330
1F
100
AcDbEntity
  8
Hidden
370
    -3
100
AcDbLine
 10
-9.700939368614474
 20
-82.12133677368126
 30
0.0000000000000074
 11
-9.102151023600646
 21
-82.12133677368125
 31
0.000000000000003
  0
LINE
  5
592
330
1F
100
AcDbEntity
  8
Hidden
370
    -3
100
AcDbLine
 10
-1.290000000000596
 20
-82.12133677368125
 30
0.0000000000000022
 11
-1.999999999999887
 21
-82.12133677368125
 31
0.0000000000000073
  0
LINE
  5
593
330
1F
100
AcDbEntity
  8
Hidden
370
    -3
100
AcDbLine
 10
-1.999999999999887
 20
-82.12133677368125
 30
0.0000000000000073
 11
-3.599999999999183
 21
-82.12133677368125
 31
0.0000000000000049
  0
LINE
  5
594
330
1F
100
AcDbEntity
  8
Hidden
370
    -3
100
AcDbLine
 10
-3.599999999999183
 20
-82.12133677368125
 30
0.0000000000000049
 11
-6.367999076129454
 21
-82.12133677368125
 31
0.000000000000011
  0
LINE
  5
595
330
1F
100
AcDbEntity
  8
Hidden
370
    -3
100
AcDbLine
 10
-6.367999076128742
 20
-82.63333677368125
 30
0.0000000000000088
 11
-5.562250347326348
 21
-82.63333677368125
 31
0.0000000000000029
  0
LINE
  5
596
330
1F
100
AcDbEntity
  8
Hidden
370
    -3
100
AcDbLine
 10
-5.562250347326348
 20
-82.63333677368125
 30
0.0000000000000029
 11
-4.633860895635825
 21
-82.63333677368126
 31
0.0000000000000101
  0
LINE
  5
597
330
1F
100
AcDbEntity
  8
Hidden
370
    -3
100
AcDbLine
 10
-4.633860895635824
 20
-82.63333677368125
 30
0.0000000000000101
 11
-3.599999999999185
 21
-82.63333677368125
 31
0.0000000000000027
  0
LINE
  5
598
330
1F
100
AcDbEntity
  8
Hidden
370
    -3
100
AcDbLine
 10
-3.599999999999185
 20
-82.63333677368125
 30
0.0000000000000027
 11
-1.999999999999884
 21
-82.63333677368125
 31
0.000000000000005
  0
LINE
  5
599
330
1F
100
AcDbEntity
  8
Hidden
370
    -3
100
AcDbLine
 10
-1.999999999999884
 20
-82.63333677368125
 30
0.000000000000005
 11
-1.290000000000596
 21
-82.63333677368125
 31
-0.0000000000000001
  0
LINE
  5
59A
330
1F
100
AcDbEntity
  8
Hidden
370
    -3
100
AcDbLine
 10
-6.367999076222989
 20
-82.05733677368127
 30
-0.0000000000000025
 11
-3.600000000000692
 21
-82.05733677368127
 31
-0.0000000000000086
  0
LINE
  5
59B
330
1F
100
AcDbEntity
  8
Hidden
370
    -3
100
AcDbLine
 10
-3.600000000000692
 20
-82.05733677368127
 30
-0.0000000000000086
 11
-2.000000000000586
 21
-82.05733677368127
 31
-0.0000000000000063
  0
LINE
  5
59C
330
1F
100
AcDbEntity
  8
Hidden
370
    -3
100
AcDbLine
 10
-2.000000000000586
 20
-82.05733677368127
 30
-0.0000000000000063
 11
-1.295599274466596
 21
-82.05733677368127
 31
-0.0000000000000114
  0
LINE
  5
59D
330
1F
100
AcDbEntity
  8
Hidden
370
    -3
100
AcDbLine
 10
-1.295599274466596
 20
-82.69733677368126
 30
-0.0000000000000004
 11
-2.000000000000523
 21
-82.69733677368126
 31
0.0000000000000047
  0
LINE
  5
59E
330
1F
100
AcDbEntity
  8
Hidden
370
    -3
100
AcDbLine
 10
-2.000000000000523
 20
-82.69733677368126
 30
0.0000000000000047
 11
-3.600000000000677
 21
-82.69733677368126
 31
0.0000000000000024
  0
LINE
  5
59F
330
1F
100
AcDbEntity
  8
Hidden
370
    -3
100
AcDbLine
 10
-3.600000000000677
 20
-82.69733677368126
 30
0.0000000000000024
 11
-4.603066774697062
 21
-82.69733677368127
 31
0.0000000000000096
  0
LINE
  5
5A0
330
1F
100
AcDbEntity
  8
Hidden
370
    -3
100
AcDbLine
 10
-4.603066774697061
 20
-82.69733677368126
 30
0.0000000000000096
 11
-5.593257070547522
 21
-82.69733677368126
 31
0.0000000000000029
  0
LINE
  5
5A1
330
1F
100
AcDbEntity
  8
Hidden
370
    -3
100
AcDbLine
 10
-5.593257070547522
 20
-82.69733677368126
 30
0.0000000000000029
 11
-6.367999077376991
 21
-82.69733677368126
 31
0.0000000000000085
  0
SPLINE
  5
5A2
330
1F
100
AcDbEntity
  8
Hidden
370
    -3
100
AcDbSpline
210
0.0
220
0.0
230
1.0
 70
     8
 71
     3
 72
    21
 73
    17
 74
     0
 42
0.0000000001
 43
0.00000001
 40
0.0
 40
0.0
 40
0.0
 40
0.0
 40
0.0139516069088284
 40
0.0280691743170396
 40
0.0425469392803555
 40
0.0575651695943641
 40
0.0787007564851692
 40
0.101409858989237
 40
0.1259562205286536
 40
0.1666536083794876
 40
0.2124765195056751
 40
0.263793831440362
 40
0.3208679879235699
 40
0.5024342265747618
 40
0.7284326584506454
 40
1.0
 40
1.0
 40
1.0
 40
1.0
 10
-1.290000000000595
 20
-82.63333677368125
 30
-0.0000000000000001
 10
-1.289947091618268
 20
-82.63389440533129
 30
-0.0000000000000001
 10
-1.289840645485139
 20
-82.63501630190507
 30
-0.0000000000000002
 10
-1.289422285738388
 20
-82.63667663979524
 30
-0.0000000000000002
 10
-1.288815439135844
 20
-82.63831980074802
 30
-0.0000000000000002
 10
-1.287904518994978
 20
-82.64013870178329
 30
-0.0000000000000002
 10
-1.286606092275193
 20
-82.64211738609652
 30
-0.0000000000000002
 10
-1.284842963805376
 20
-82.6442247907666
 30
-0.0000000000000002
 10
-1.282319316438355
 20
-82.6466954208713
 30
-0.0000000000000003
 10
-1.278812841096093
 20
-82.64945818954837
 30
-0.0000000000000003
 10
-1.274149029091202
 20
-82.65243684679973
 30
-0.0000000000000003
 10
-1.268688182091761
 20
-82.65534966206415
 30
-0.0000000000000004
 10
-1.258096786981977
 20
-82.66016259173892
 30
-0.0000000000000005
 10
-1.240417088503913
 20
-82.66617584779239
 30
-0.0000000000000006
 10
-1.214015095824501
 20
-82.67292122548473
 30
-0.0000000000000009
 10
-1.194397826471909
 20
-82.67658949570519
 30
-0.000000000000001
 10
-1.183690880835622
 20
-82.67859160767725
 30
-0.0000000000000011
  0
SPLINE
  5
5A3
330
1F
100
AcDbEntity
  8
Hidden
370
    -3
100
AcDbSpline
210
0.0
220
0.0
230
1.0
 70
     8
 71
     3
 72
    18
 73
    14
 74
     0
 42
0.0000000001
 43
0.00000001
 40
0.0
 40
0.0
 40
0.0
 40
0.0
 40
0.4987835582140309
 40
0.6236520621508297
 40
0.7485705790908906
 40
0.8110705339091533
 40
0.8737198363518458
 40
0.8946197712882685
 40
0.9156006054093917
 40
0.9366319690206902
 40
0.9576654326904699
 40
0.9787741718427976
 40
1.0
 40
1.0
 40
1.0
 40
1.0
 10
-1.183690880835596
 20
-82.07608193968527
 30
0.0000000000000016
 10
-1.203352589066551
 20
-82.07988444860429
 30
0.0000000000000017
 10
-1.227936528696697
 20
-82.08463890069005
 30
0.0000000000000019
 10
-1.256372134215708
 20
-82.09423233532776
 30
0.000000000000002
 10
-1.267925806037383
 20
-82.0991090537488
 30
0.0000000000000021
 10
-1.276678478542631
 20
-82.10399991145826
 30
0.0000000000000021
 10
-1.281478943413462
 20
-82.10739155691994
 30
0.0000000000000022
 10
-1.284552214528468
 20
-82.11024200015385
 30
0.0000000000000022
 10
-1.286258856696392
 20
-82.11210086885053
 30
0.0000000000000022
 10
-1.287766568664371
 20
-82.11413671149448
 30
0.0000000000000022
 10
-1.288975505169178
 20
-82.11636656818972
 30
0.0000000000000022
 10
-1.289830537647479
 20
-82.1187853415552
 30
0.0000000000000022
 10
-1.289943408490112
 20
-82.12048472958266
 30
0.0000000000000022
 10
-1.290000000000595
 20
-82.12133677368125
 30
0.0000000000000022
  0
LINE
  5
5A4
330
1F
100
AcDbEntity
  8
Hidden
370
    -3
100
AcDbLine
 10
-1.284485791107613
 20
-82.05830907748634
 30
-0.0000000000000115
 11
-1.183690880835622
 21
-82.07608193968541
 31
0.0000000000000016
  0
SPLINE
  5
5A5
330
1F
100
AcDbEntity
  8
Hidden
370
    -3
100
AcDbSpline
210
0.0
220
0.0
230
1.0
 70
     8
 71
     3
 72
     9
 73
     5
 74
     0
 42
0.0000000001
 43
0.00000001
 40
0.0
 40
0.0
 40
0.0
 40
0.0
 40
0.5599484714456466
 40
1.0
 40
1.0
 40
1.0
 40
1.0
 10
-1.284485791107596
 20
-82.05830907748626
 30
-0.0000000000000115
 10
-1.286549389762915
 20
-82.05799712012936
 30
-0.0000000000000115
 10
-1.290234726468971
 20
-82.05744000215724
 30
-0.0000000000000114
 10
-1.293959973719679
 20
-82.05736831828071
 30
-0.0000000000000114
 10
-1.295599274466596
 20
-82.05733677368127
 30
-0.0000000000000114
  0
LINE
  5
5A6
330
1F
100
AcDbEntity
  8
Hidden
370
    -3
100
AcDbLine
 10
-1.183690880835622
 20
-82.6785916076771
 30
-0.0000000000000011
 11
-1.284485791095633
 21
-82.69636446987404
 31
-0.0000000000000005
  0
SPLINE
  5
5A7
330
1F
100
AcDbEntity
  8
Hidden
370
    -3
100
AcDbSpline
210
0.0
220
0.0
230
1.0
 70
     8
 71
     3
 72
     9
 73
     5
 74
     0
 42
0.0000000001
 43
0.00000001
 40
0.0
 40
0.0
 40
0.0
 40
0.0
 40
0.5599484711212925
 40
1.0
 40
1.0
 40
1.0
 40
1.0
 10
-1.284485791095597
 20
-82.69636446987427
 30
-0.0000000000000005
 10
-1.286549389751923
 20
-82.69667642723164
 30
-0.0000000000000005
 10
-1.290234726461913
 20
-82.69723354520488
 30
-0.0000000000000004
 10
-1.293959973716684
 20
-82.69730522908168
 30
-0.0000000000000004
 10
-1.295599274466596
 20
-82.69733677368126
 30
-0.0000000000000004
  0
LINE
  5
5A8
330
1F
100
AcDbEntity
  8
Hidden
370
    -3
100
AcDbLine
 10
-1.2844857910956
 20
-82.05830907748825
 30
-0.0000000000000115
 11
-1.288265470852728
 21
-82.05775835493154
 31
-0.0000000000000115
  0
LINE
  5
5A9
330
1F
100
AcDbEntity
  8
Hidden
370
    -3
100
AcDbLine
 10
-1.284485791107599
 20
-82.69636446987626
 30
-0.0000000000000005
 11
-1.287715570227622
 21
-82.69684934895706
 31
-0.0000000000000004
  0
SPLINE
  5
5AA
330
1F
100
AcDbEntity
  8
Hidden
370
    -3
100
AcDbSpline
210
0.0
220
0.0
230
1.0
 70
     8
 71
     3
 72
    10
 73
     6
 74
     0
 42
0.0000000001
 43
0.00000001
 40
0.0
 40
0.0
 40
0.0
 40
0.0
 40
0.3289848406034258
 40
0.6776755777265874
 40
1.0
 40
1.0
 40
1.0
 40
1.0
 10
-9.080178724557468
 20
-85.17333677367839
 30
0.0000000000000031
 10
-9.08039303959979
 20
-85.1772359881333
 30
0.0000000000000031
 10
-9.080834506963004
 20
-85.18526797648744
 30
0.000000000000003
 10
-9.084150200423554
 20
-85.1967945963537
 30
0.000000000000003
 10
-9.087984592601927
 20
-85.20377486938091
 30
0.000000000000003
 10
-9.089826455973203
 20
-85.20712786735612
 30
0.000000000000003
  0
SPLINE
  5
5AB
330
1F
100
AcDbEntity
  8
Hidden
370
    -3
100
AcDbSpline
210
0.0
220
0.0
230
1.0
 70
     8
 71
     3
 72
     9
 73
     5
 74
     0
 42
0.0000000001
 43
0.00000001
 40
0.0
 40
0.0
 40
0.0
 40
0.0
 40
0.2706419970625603
 40
1.0
 40
1.0
 40
1.0
 40
1.0
 10
-9.095659656422841
 20
-85.21507297315988
 30
0.000000000000003
 10
-9.096727158242574
 20
-85.21626773599574
 30
0.000000000000003
 10
-9.100671489984578
 20
-85.22068228676332
 30
0.000000000000003
 10
-9.105456796950584
 20
-85.22420050167594
 30
0.000000000000003
 10
-9.108946998882754
 20
-85.22676653987851
 30
0.000000000000003
  0
SPLINE
  5
5AC
330
1F
100
AcDbEntity
  8
Hidden
370
    -3
100
AcDbSpline
210
0.0
220
0.0
230
1.0
 70
     8
 71
     3
 72
    11
 73
     7
 74
     0
 42
0.0000000001
 43
0.00000001
 40
0.0
 40
0.0
 40
0.0
 40
0.0
 40
0.0097381628038724
 40
0.5099563371619464
 40
0.9902074713287544
 40
1.0
 40
1.0
 40
1.0
 40
1.0
 10
-9.108946998882754
 20
-85.22676653987851
 30
0.000000000000003
 10
-9.109016998944014
 20
-85.22681256801522
 30
0.000000000000003
 10
-9.112682677528426
 20
-85.22922291383445
 30
0.0000000000000031
 10
-9.120307093075123
 20
-85.23316895115394
 30
0.0000000000000031
 10
-9.128550940409589
 20
-85.23554253542868
 30
0.0000000000000031
 10
-9.132698407148892
 20
-85.23629870539149
 30
0.0000000000000032
 10
-9.132781285859584
 20
-85.2363138159145
 30
0.0000000000000032
  0
LINE
  5
5AD
330
1F
100
AcDbEntity
  8
Hidden
370
    -3
100
AcDbLine
 10
-9.132781285859583
 20
-85.23631381591449
 30
0.0000000000000032
 11
-9.141306761467916
 21
-85.23727232518262
 31
0.0000000000000032
  0
LINE
  5
5AE
330
1F
100
AcDbEntity
  8
Hidden
370
    -3
100
AcDbLine
 10
-9.141306761467916
 20
-85.23727232518262
 30
0.0000000000000032
 11
-9.144178182087213
 21
-85.23733677368126
 31
0.0000000000000032
  0
LINE
  5
5AF
330
1F
100
AcDbEntity
  8
Hidden
370
    -3
100
AcDbLine
 10
-9.65625456335558
 20
-84.59733677368126
 30
-0.0000000000000041
 11
-9.666831908230018
 21
-84.59821686088051
 31
-0.000000000000004
  0
SPLINE
  5
5B0
330
1F
100
AcDbEntity
  8
Hidden
370
    -3
100
AcDbSpline
210
0.0
220
0.0
230
1.0
 70
     8
 71
     3
 72
    10
 73
     6
 74
     0
 42
0.0000000001
 43
0.00000001
 40
0.0
 40
0.0
 40
0.0
 40
0.0
 40
0.0469539156913172
 40
0.5833848197012266
 40
1.0
 40
1.0
 40
1.0
 40
1.0
 10
-9.666831908230018
 20
-84.59821686088051
 30
-0.000000000000004
 10
-9.667188174517491
 20
-84.59827868952736
 30
-0.000000000000004
 10
-9.671614649728866
 20
-84.59904688731169
 30
-0.000000000000004
 10
-9.679117095834718
 20
-84.6011266358185
 30
-0.0000000000000039
 10
-9.685626400848165
 20
-84.60454334290611
 30
-0.0000000000000039
 10
-9.688471882642222
 20
-84.60603692444722
 30
-0.0000000000000039
  0
SPLINE
  5
5B1
330
1F
100
AcDbEntity
  8
Hidden
370
    -3
100
AcDbSpline
210
0.0
220
0.0
230
1.0
 70
     8
 71
     3
 72
    11
 73
     7
 74
     0
 42
0.0000000001
 43
0.00000001
 40
0.0
 40
0.0
 40
0.0
 40
0.0
 40
0.0994911675932614
 40
0.4974247448966775
 40
0.895357354893787
 40
1.0
 40
1.0
 40
1.0
 40
1.0
 10
-9.688471882642222
 20
-84.60603692444722
 30
-0.0000000000000039
 10
-9.689412415068846
 20
-84.6066052930807
 30
-0.0000000000000039
 10
-9.694114783265928
 20
-84.60944695862104
 30
-0.0000000000000038
 10
-9.701813580557008
 20
-84.61577813138274
 30
-0.0000000000000038
 10
-9.7081825946637
 20
-84.62352071188563
 30
-0.0000000000000038
 10
-9.711044894443447
 20
-84.62827720073494
 30
-0.0000000000000038
 10
-9.711640862145792
 20
-84.62926756301317
 30
-0.0000000000000038
  0
SPLINE
  5
5B2
330
1F
100
AcDbEntity
  8
Hidden
370
    -3
100
AcDbSpline
210
0.0
220
0.0
230
1.0
 70
     8
 71
     3
 72
    10
 73
     6
 74
     0
 42
0.0000000001
 43
0.00000001
 40
0.0
 40
0.0
 40
0.0
 40
0.0
 40
0.3366138155254906
 40
0.6933995772546631
 40
1.0
 40
1.0
 40
1.0
 40
1.0
 10
-9.72026432463021
 20
-85.17333677368393
 30
0.0000000000000077
 10
-9.720049759531486
 20
-85.17723619665752
 30
0.0000000000000077
 10
-9.71960777128892
 20
-85.18526871973506
 30
0.0000000000000076
 10
-9.716361040548737
 20
-85.19653088885353
 30
0.0000000000000076
 10
-9.712718402401336
 20
-85.20330630708598
 30
0.0000000000000075
 10
-9.711034866593632
 20
-85.20643773511834
 30
0.0000000000000075
  0
LINE
  5
5B3
330
1F
100
AcDbEntity
  8
Hidden
370
    -3
100
AcDbLine
 10
-9.666832111561728
 20
-85.23645668648167
 30
0.000000000000007
 11
-9.656254643626905
 21
-85.23733677368126
 31
0.0000000000000069
  0
SPLINE
  5
5B4
330
1F
100
AcDbEntity
  8
Hidden
370
    -3
100
AcDbSpline
210
0.0
220
0.0
230
1.0
 70
    24
 71
     3
 72
     9
 73
     5
 74
     0
 42
0.0000000001
 43
0.00000001
 40
0.0
 40
0.0
 40
0.0
 40
0.0
 40
0.2373523009803874
 40
1.0
 40
1.0
 40
1.0
 40
1.0
 10
-9.65600000000055
 20
-85.23733677368128
 30
0.0000000000000069
 10
-9.656006655256714
 20
-85.23733677368126
 30
0.0000000000000069
 10
-9.656034694825479
 20
-85.23733677368122
 30
0.0000000000000069
 10
-9.65606273439425
 20
-85.23733677368125
 30
0.0000000000000069
 10
-9.656084118706854
 20
-85.23733677368126
 30
0.0000000000000069
  0
LINE
  5
5B5
330
1F
100
AcDbEntity
  8
Hidden
370
    -3
100
AcDbLine
 10
-9.144178165545586
 20
-84.59733677368126
 30
-0.0000000000000078
 11
-9.14093763523932
 21
-84.59741886764309
 31
-0.0000000000000078
  0
LINE
  5
5B6
330
1F
100
AcDbEntity
  8
Hidden
370
    -3
100
AcDbLine
 10
-9.14093763523932
 20
-84.59741886764309
 30
-0.0000000000000078
 11
-9.132781297999625
 21
-84.5983597262507
 31
-0.0000000000000078
  0
SPLINE
  5
5B7
330
1F
100
AcDbEntity
  8
Hidden
370
    -3
100
AcDbSpline
210
0.0
220
0.0
230
1.0
 70
     8
 71
     3
 72
    10
 73
     6
 74
     0
 42
0.0000000001
 43
0.00000001
 40
0.0
 40
0.0
 40
0.0
 40
0.0
 40
0.0100806315179098
 40
0.504404027306892
 40
1.0
 40
1.0
 40
1.0
 40
1.0
 10
-9.132781297999625
 20
-84.5983597262507
 30
-0.0000000000000078
 10
-9.132698414180812
 20
-84.59837484499748
 30
-0.0000000000000079
 10
-9.128551160912703
 20
-84.59913134093162
 30
-0.0000000000000079
 10
-9.120397233374469
 20
-84.6013638091662
 30
-0.000000000000008
 10
-9.113178640132672
 20
-84.6054560259323
 30
-0.000000000000008
 10
-9.109564703631325
 20
-84.60750476466114
 30
-0.0000000000000081
  0
SPLINE
  5
5B8
330
1F
100
AcDbEntity
  8
Hidden
370
    -3
100
AcDbSpline
210
0.0
220
0.0
230
1.0
 70
     8
 71
     3
 72
    13
 73
     9
 74
     0
 42
0.0000000001
 43
0.00000001
 40
0.0
 40
0.0
 40
0.0
 40
0.0
 40
0.00760810386846
 40
0.2140824215105342
 40
0.4205570877023455
 40
0.6227413903783109
 40
0.8168557822748415
 40
1.0
 40
1.0
 40
1.0
 40
1.0
 10
-9.109564703631325
 20
-84.60750476466114
 30
-0.0000000000000081
 10
-9.10942871751307
 20
-84.60759268408177
 30
-0.0000000000000081
 10
-9.10560224011596
 20
-84.61006662539315
 30
-0.0000000000000081
 10
-9.098602179882786
 20
-84.6157634731728
 30
-0.0000000000000082
 10
-9.09027944266223
 20
-84.62599363755068
 30
-0.0000000000000083
 10
-9.084374660997437
 20
-84.6374648379718
 30
-0.0000000000000084
 10
-9.080814059558568
 20
-84.64939250916483
 30
-0.0000000000000085
 10
-9.08038634602561
 20
-84.65743329054732
 30
-0.0000000000000085
 10
-9.080178707926951
 20
-84.6613367736717
 30
-0.0000000000000085
  0
SPLINE
  5
5B9
330
1F
100
AcDbEntity
  8
Hidden
370
    -3
100
AcDbSpline
210
0.0
220
0.0
230
1.0
 70
    24
 71
     3
 72
     9
 73
     5
 74
     0
 42
0.0000000001
 43
0.00000001
 40
0.0
 40
0.0
 40
0.0
 40
0.0
 40
0.237226171037023
 40
1.0
 40
1.0
 40
1.0
 40
1.0
 10
-9.144000000000549
 20
-84.59733677368128
 30
-0.0000000000000078
 10
-9.144004499799685
 20
-84.59733677368128
 30
-0.0000000000000078
 10
-9.144023468192241
 20
-84.59733677368128
 30
-0.0000000000000078
 10
-9.144042436584796
 20
-84.59733677368128
 30
-0.0000000000000078
 10
-9.14405690517821
 20
-84.59733677368126
 30
-0.0000000000000078
  0
LINE
  5
5BA
330
1F
100
AcDbEntity
  8
Hidden
370
    -3
100
AcDbLine
 10
-9.102151375009178
 20
-85.17333677368126
 30
0.0000000000000032
 11
-9.719999998470211
 21
-85.17333677368127
 31
0.0000000000000077
  0
LINE
  5
5BB
330
1F
100
AcDbEntity
  8
Hidden
370
    -3
100
AcDbLine
 10
-9.700939368614474
 20
-84.66133677368126
 30
-0.000000000000004
 11
-9.102151023600646
 21
-84.66133677368124
 31
-0.0000000000000084
  0
LINE
  5
5BC
330
1F
100
AcDbEntity
  8
Hidden
370
    -3
100
AcDbLine
 10
-1.290000000000596
 20
-84.66133677368124
 30
-0.0000000000000092
 11
-1.518453648193103
 21
-84.66133677368124
 31
-0.0000000000000076
  0
LINE
  5
5BD
330
1F
100
AcDbEntity
  8
Hidden
370
    -3
100
AcDbLine
 10
-1.999999999999887
 20
-84.66133677368124
 30
-0.0000000000000041
 11
-2.581677012040791
 21
-84.66133677368124
 31
0.0000000000000001
  0
LINE
  5
5BE
330
1F
100
AcDbEntity
  8
Hidden
370
    -3
100
AcDbLine
 10
-2.581677012040791
 20
-84.66133677368124
 30
0.0000000000000001
 11
-3.599999999999183
 21
-84.66133677368124
 31
-0.0000000000000064
  0
LINE
  5
5BF
330
1F
100
AcDbEntity
  8
Hidden
370
    -3
100
AcDbLine
 10
-3.599999999999183
 20
-84.66133677368124
 30
-0.0000000000000064
 11
-6.367999076129454
 21
-84.66133677368124
 31
-0.0000000000000003
  0
LINE
  5
5C0
330
1F
100
AcDbEntity
  8
Hidden
370
    -3
100
AcDbLine
 10
-6.367999076128742
 20
-85.17333677368126
 30
0.0000000000000113
 11
-3.599999999999185
 21
-85.17333677368124
 31
0.0000000000000051
  0
LINE
  5
5C1
330
1F
100
AcDbEntity
  8
Hidden
370
    -3
100
AcDbLine
 10
-3.599999999999185
 20
-85.17333677368124
 30
0.0000000000000051
 11
-2.225892495137406
 21
-85.17333677368126
 31
0.0000000000000091
  0
LINE
  5
5C2
330
1F
100
AcDbEntity
  8
Hidden
370
    -3
100
AcDbLine
 10
-2.225892495137406
 20
-85.17333677368126
 30
0.0000000000000091
 11
-1.999999999999884
 21
-85.17333677368126
 31
0.0000000000000075
  0
LINE
  5
5C3
330
1F
100
AcDbEntity
  8
Hidden
370
    -3
100
AcDbLine
 10
-1.872944556094257
 20
-85.17333677368126
 30
0.0000000000000066
 11
-1.290000000000596
 21
-85.17333677368124
 31
0.0000000000000024
  0
LINE
  5
5C4
330
1F
100
AcDbEntity
  8
Hidden
370
    -3
100
AcDbLine
 10
-6.367999076222989
 20
-84.59733677368125
 30
0.0
 11
-3.600000000000692
 21
-84.59733677368125
 31
-0.0000000000000061
  0
LINE
  5
5C5
330
1F
100
AcDbEntity
  8
Hidden
370
    -3
100
AcDbLine
 10
-3.600000000000692
 20
-84.59733677368125
 30
-0.0000000000000061
 11
-2.576601590385654
 21
-84.59733677368125
 31
0.0000000000000003
  0
LINE
  5
5C6
330
1F
100
AcDbEntity
  8
Hidden
370
    -3
100
AcDbLine
 10
-2.576601590385654
 20
-84.59733677368125
 30
0.0000000000000003
 11
-2.000000000000586
 21
-84.59733677368125
 31
-0.0000000000000038
  0
LINE
  5
5C7
330
1F
100
AcDbEntity
  8
Hidden
370
    -3
100
AcDbLine
 10
-1.523234129484286
 20
-84.59733677368125
 30
-0.0000000000000073
 11
-1.295599274466596
 21
-84.59733677368125
 31
-0.0000000000000089
  0
LINE
  5
5C8
330
1F
100
AcDbEntity
  8
Hidden
370
    -3
100
AcDbLine
 10
-1.295599274466596
 20
-85.23733677368125
 30
0.0000000000000021
 11
-2.000000000000523
 21
-85.23733677368125
 31
0.0000000000000072
  0
LINE
  5
5C9
330
1F
100
AcDbEntity
  8
Hidden
370
    -3
100
AcDbLine
 10
-2.000000000000523
 20
-85.23733677368125
 30
0.0000000000000072
 11
-3.600000000000677
 21
-85.23733677368125
 31
0.0000000000000049
  0
LINE
  5
5CA
330
1F
100
AcDbEntity
  8
Hidden
370
    -3
100
AcDbLine
 10
-3.600000000000678
 20
-85.23733677368126
 30
0.0000000000000049
 11
-6.367999077376991
 21
-85.23733677368125
 31
0.000000000000011
  0
SPLINE
  5
5CB
330
1F
100
AcDbEntity
  8
Hidden
370
    -3
100
AcDbSpline
210
0.0
220
0.0
230
1.0
 70
     8
 71
     3
 72
    21
 73
    17
 74
     0
 42
0.0000000001
 43
0.00000001
 40
0.0
 40
0.0
 40
0.0
 40
0.0
 40
0.0139516069088287
 40
0.0280691743170403
 40
0.0425469392803565
 40
0.0575651695943655
 40
0.0787007564851711
 40
0.1014098589891507
 40
0.1259562205286489
 40
0.166653608379484
 40
0.21247651950561
 40
0.2637938314403528
 40
0.3208679879235075
 40
0.5024342265747492
 40
0.7284326584506315
 40
1.0
 40
1.0
 40
1.0
 40
1.0
 10
-1.290000000000595
 20
-85.17333677368124
 30
0.0000000000000024
 10
-1.289947091618268
 20
-85.1738944053313
 30
0.0000000000000023
 10
-1.289840645485139
 20
-85.1750163019051
 30
0.0000000000000023
 10
-1.289422285738388
 20
-85.17667663979522
 30
0.0000000000000023
 10
-1.288815439135844
 20
-85.17831980074803
 30
0.0000000000000023
 10
-1.287904518994978
 20
-85.18013870178329
 30
0.0000000000000023
 10
-1.286606092275197
 20
-85.18211738609651
 30
0.0000000000000023
 10
-1.284842963805366
 20
-85.1842247907666
 30
0.0000000000000023
 10
-1.282319316438362
 20
-85.18669542087129
 30
0.0000000000000022
 10
-1.278812841096095
 20
-85.18945818954836
 30
0.0000000000000022
 10
-1.274149029091194
 20
-85.19243684679972
 30
0.0000000000000022
 10
-1.268688182091769
 20
-85.19534966206419
 30
0.0000000000000021
 10
-1.258096786981964
 20
-85.20016259173885
 30
0.000000000000002
 10
-1.240417088503923
 20
-85.20617584779244
 30
0.0000000000000018
 10
-1.214015095824498
 20
-85.21292122548469
 30
0.0000000000000016
 10
-1.194397826471909
 20
-85.21658949570518
 30
0.0000000000000015
 10
-1.183690880835622
 20
-85.21859160767725
 30
0.0000000000000014
  0
SPLINE
  5
5CC
330
1F
100
AcDbEntity
  8
Hidden
370
    -3
100
AcDbSpline
210
0.0
220
0.0
230
1.0
 70
     8
 71
     3
 72
    18
 73
    14
 74
     0
 42
0.0000000001
 43
0.00000001
 40
0.0
 40
0.0
 40
0.0
 40
0.0
 40
0.4987835582139686
 40
0.6236520621507468
 40
0.7485705790908073
 40
0.811070533909063
 40
0.8737198363517485
 40
0.8946197712882477
 40
0.9156006054091979
 40
0.9366319690206804
 40
0.9576654326903562
 40
0.9787741718425698
 40
1.0
 40
1.0
 40
1.0
 40
1.0
 10
-1.183690880835596
 20
-84.61608193968526
 30
-0.0000000000000098
 10
-1.203352589066552
 20
-84.6198844486043
 30
-0.0000000000000097
 10
-1.227936528696698
 20
-84.62463890069009
 30
-0.0000000000000095
 10
-1.256372134215706
 20
-84.63423233532775
 30
-0.0000000000000094
 10
-1.267925806037386
 20
-84.63910905374878
 30
-0.0000000000000093
 10
-1.276678478542626
 20
-84.64399991145822
 30
-0.0000000000000092
 10
-1.281478943413479
 20
-84.64739155691998
 30
-0.0000000000000092
 10
-1.284552214528452
 20
-84.65024200015384
 30
-0.0000000000000092
 10
-1.286258856696412
 20
-84.65210086885052
 30
-0.0000000000000092
 10
-1.287766568664356
 20
-84.65413671149443
 30
-0.0000000000000092
 10
-1.288975505169181
 20
-84.65636656818968
 30
-0.0000000000000092
 10
-1.289830537647483
 20
-84.65878534155519
 30
-0.0000000000000092
 10
-1.289943408490113
 20
-84.66048472958265
 30
-0.0000000000000092
 10
-1.290000000000595
 20
-84.66133677368124
 30
-0.0000000000000092
  0
LINE
  5
5CD
330
1F
100
AcDbEntity
  8
Hidden
370
    -3
100
AcDbLine
 10
-1.284485791107613
 20
-84.59830907748635
 30
-0.000000000000009
 11
-1.183690880835622
 21
-84.6160819396854
 31
-0.0000000000000098
  0
SPLINE
  5
5CE
330
1F
100
AcDbEntity
  8
Hidden
370
    -3
100
AcDbSpline
210
0.0
220
0.0
230
1.0
 70
     8
 71
     3
 72
     9
 73
     5
 74
     0
 42
0.0000000001
 43
0.00000001
 40
0.0
 40
0.0
 40
0.0
 40
0.0
 40
0.5599484714455515
 40
1.0
 40
1.0
 40
1.0
 40
1.0
 10
-1.284485791107596
 20
-84.59830907748625
 30
-0.000000000000009
 10
-1.286549389762915
 20
-84.59799712012935
 30
-0.000000000000009
 10
-1.290234726468973
 20
-84.59744000215727
 30
-0.0000000000000089
 10
-1.293959973719679
 20
-84.5973683182807
 30
-0.0000000000000089
 10
-1.295599274466596
 20
-84.59733677368125
 30
-0.0000000000000089
  0
LINE
  5
5CF
330
1F
100
AcDbEntity
  8
Hidden
370
    -3
100
AcDbLine
 10
-1.183690880835622
 20
-85.2185916076771
 30
0.0000000000000014
 11
-1.284485791095633
 21
-85.23636446987405
 31
0.000000000000002
  0
SPLINE
  5
5D0
330
1F
100
AcDbEntity
  8
Hidden
370
    -3
100
AcDbSpline
210
0.0
220
0.0
230
1.0
 70
     8
 71
     3
 72
     9
 73
     5
 74
     0
 42
0.0000000001
 43
0.00000001
 40
0.0
 40
0.0
 40
0.0
 40
0.0
 40
0.559948471121361
 40
1.0
 40
1.0
 40
1.0
 40
1.0
 10
-1.284485791095597
 20
-85.23636446987425
 30
0.000000000000002
 10
-1.286549389751923
 20
-85.23667642723161
 30
0.000000000000002
 10
-1.290234726461913
 20
-85.23723354520487
 30
0.0000000000000021
 10
-1.293959973716683
 20
-85.23730522908167
 30
0.0000000000000021
 10
-1.295599274466596
 20
-85.23733677368125
 30
0.0000000000000021
  0
LINE
  5
5D1
330
1F
100
AcDbEntity
  8
Hidden
370
    -3
100
AcDbLine
 10
-1.2844857910956
 20
-84.59830907748825
 30
-0.000000000000009
 11
-1.288265470852728
 21
-84.59775835493154
 31
-0.000000000000009
  0
LINE
  5
5D2
330
1F
100
AcDbEntity
  8
Hidden
370
    -3
100
AcDbLine
 10
-1.284485791107599
 20
-85.23636446987626
 30
0.000000000000002
 11
-1.287759697097673
 21
-85.23685481078107
 31
0.0000000000000021
  0
SPLINE
  5
5D3
330
1F
100
AcDbEntity
  8
Hidden
370
    -3
100
AcDbSpline
210
0.0
220
0.0
230
1.0
 70
     8
 71
     3
 72
    10
 73
     6
 74
     0
 42
0.0000000001
 43
0.00000001
 40
0.0
 40
0.0
 40
0.0
 40
0.0
 40
0.3289848408520524
 40
0.6776755782114002
 40
1.0
 40
1.0
 40
1.0
 40
1.0
 10
-9.08017872455747
 20
-87.71333677368061
 30
-0.0000000000000083
 10
-9.080393039599455
 20
-87.71723598813597
 30
-0.0000000000000083
 10
-9.080834506961963
 20
-87.7252679764907
 30
-0.0000000000000084
 10
-9.084150200419673
 20
-87.73679459634975
 30
-0.0000000000000084
 10
-9.087984592591908
 20
-87.74377486937097
 30
-0.0000000000000084
 10
-9.089826455958148
 20
-87.74712786733954
 30
-0.0000000000000084
  0
SPLINE
  5
5D4
330
1F
100
AcDbEntity
  8
Hidden
370
    -3
100
AcDbSpline
210
0.0
220
0.0
230
1.0
 70
     8
 71
     3
 72
     9
 73
     5
 74
     0
 42
0.0000000001
 43
0.00000001
 40
0.0
 40
0.0
 40
0.0
 40
0.0
 40
0.2706419915976859
 40
1.0
 40
1.0
 40
1.0
 40
1.0
 10
-9.095659656515377
 20
-87.75507297327431
 30
-0.0000000000000084
 10
-9.096727158304782
 20
-87.75626773607215
 30
-0.0000000000000084
 10
-9.100671490014363
 20
-87.76068228678824
 30
-0.0000000000000084
 10
-9.1054567969308
 20
-87.76420050166682
 30
-0.0000000000000084
 10
-9.108946998852968
 20
-87.76676653986382
 30
-0.0000000000000083
  0
SPLINE
  5
5D5
330
1F
100
AcDbEntity
  8
Hidden
370
    -3
100
AcDbSpline
210
0.0
220
0.0
230
1.0
 70
     8
 71
     3
 72
    11
 73
     7
 74
     0
 42
0.0000000001
 43
0.00000001
 40
0.0
 40
0.0
 40
0.0
 40
0.0
 40
0.009738164074568
 40
0.5099563375867342
 40
0.9902074709564567
 40
1.0
 40
1.0
 40
1.0
 40
1.0
 10
-9.108946998852968
 20
-87.76676653986382
 30
-0.0000000000000083
 10
-9.109016998923467
 20
-87.76681256800663
 30
-0.0000000000000083
 10
-9.112682677516364
 20
-87.76922291383296
 30
-0.0000000000000083
 10
-9.120307093073809
 20
-87.77316895115639
 30
-0.0000000000000083
 10
-9.128550940411666
 20
-87.77554253543173
 30
-0.0000000000000082
 10
-9.132698407154589
 20
-87.77629870539403
 30
-0.0000000000000082
 10
-9.132781285868573
 20
-87.77631381591763
 30
-0.0000000000000082
  0
LINE
  5
5D6
330
1F
100
AcDbEntity
  8
Hidden
370
    -3
100
AcDbLine
 10
-9.132781285868571
 20
-87.77631381591762
 30
-0.0000000000000082
 11
-9.144178182087213
 21
-87.77733677368127
 31
-0.0000000000000081
  0
LINE
  5
5D7
330
1F
100
AcDbEntity
  8
Hidden
370
    -3
100
AcDbLine
 10
-9.656254563355782
 20
-87.13733677368127
 30
-0.0000000000000016
 11
-9.666831908215205
 21
-87.13821686087933
 31
-0.0000000000000015
  0
SPLINE
  5
5D8
330
1F
100
AcDbEntity
  8
Hidden
370
    -3
100
AcDbSpline
210
0.0
220
0.0
230
1.0
 70
     8
 71
     3
 72
    10
 73
     6
 74
     0
 42
0.0000000001
 43
0.00000001
 40
0.0
 40
0.0
 40
0.0
 40
0.0
 40
0.0469539162592138
 40
0.5833848190328822
 40
1.0
 40
1.0
 40
1.0
 40
1.0
 10
-9.666831908215205
 20
-87.13821686087933
 30
-0.0000000000000015
 10
-9.667188174507837
 20
-87.13827868952707
 30
-0.0000000000000015
 10
-9.671614649724658
 20
-87.13904688731219
 30
-0.0000000000000015
 10
-9.679117095848015
 20
-87.14112663582478
 30
-0.0000000000000014
 10
-9.685626400871312
 20
-87.14454334292192
 30
-0.0000000000000014
 10
-9.688471882675934
 20
-87.14603692447044
 30
-0.0000000000000014
  0
SPLINE
  5
5D9
330
1F
100
AcDbEntity
  8
Hidden
370
    -3
100
AcDbSpline
210
0.0
220
0.0
230
1.0
 70
     8
 71
     3
 72
    11
 73
     7
 74
     0
 42
0.0000000001
 43
0.00000001
 40
0.0
 40
0.0
 40
0.0
 40
0.0
 40
0.0994911666324164
 40
0.4974247446385237
 40
0.8953573553358901
 40
1.0
 40
1.0
 40
1.0
 40
1.0
 10
-9.688471882675936
 20
-87.14603692447045
 30
-0.0000000000000014
 10
-9.689412415091587
 20
-87.14660529309793
 30
-0.0000000000000014
 10
-9.69411478327678
 20
-87.14944695863423
 30
-0.0000000000000014
 10
-9.701813580558392
 20
-87.15577813138867
 30
-0.0000000000000013
 10
-9.708182594660308
 20
-87.16352071188719
 30
-0.0000000000000013
 10
-9.71104489443751
 20
-87.16827720073034
 30
-0.0000000000000013
 10
-9.711640862136504
 20
-87.16926756300256
 30
-0.0000000000000013
  0
SPLINE
  5
5DA
330
1F
100
AcDbEntity
  8
Hidden
370
    -3
100
AcDbSpline
210
0.0
220
0.0
230
1.0
 70
     8
 71
     3
 72
    10
 73
     6
 74
     0
 42
0.0000000001
 43
0.00000001
 40
0.0
 40
0.0
 40
0.0
 40
0.0
 40
0.3366138152065619
 40
0.6933995766063122
 40
1.0
 40
1.0
 40
1.0
 40
1.0
 10
-9.72026432463021
 20
-87.71333677367993
 30
-0.0000000000000037
 10
-9.720049759531209
 20
-87.71723619665347
 30
-0.0000000000000037
 10
-9.719607771288063
 20
-87.72526871973098
 30
-0.0000000000000037
 10
-9.71636104054441
 20
-87.73653088885993
 30
-0.0000000000000038
 10
-9.712718402389157
 20
-87.74330630710065
 30
-0.0000000000000039
 10
-9.711034866575073
 20
-87.74643773514198
 30
-0.0000000000000039
  0
LINE
  5
5DB
330
1F
100
AcDbEntity
  8
Hidden
370
    -3
100
AcDbLine
 10
-9.666832111550129
 20
-87.77645668648243
 30
-0.0000000000000044
 11
-9.656254643625575
 21
-87.77733677368127
 31
-0.0000000000000044
  0
SPLINE
  5
5DC
330
1F
100
AcDbEntity
  8
Hidden
370
    -3
100
AcDbSpline
210
0.0
220
0.0
230
1.0
 70
    24
 71
     3
 72
     9
 73
     5
 74
     0
 42
0.0000000001
 43
0.00000001
 40
0.0
 40
0.0
 40
0.0
 40
0.0
 40
0.2373523009803874
 40
1.0
 40
1.0
 40
1.0
 40
1.0
 10
-9.65600000000055
 20
-87.7773367736813
 30
-0.0000000000000044
 10
-9.656006655256714
 20
-87.77733677368128
 30
-0.0000000000000044
 10
-9.656034694825479
 20
-87.77733677368121
 30
-0.0000000000000044
 10
-9.65606273439425
 20
-87.77733677368126
 30
-0.0000000000000044
 10
-9.656084118706854
 20
-87.77733677368127
 30
-0.0000000000000044
  0
LINE
  5
5DD
330
1F
100
AcDbEntity
  8
Hidden
370
    -3
100
AcDbLine
 10
-9.144178165545586
 20
-87.13733677368127
 30
-0.0000000000000053
 11
-9.140937635239357
 21
-87.13741886764349
 31
-0.0000000000000053
  0
LINE
  5
5DE
330
1F
100
AcDbEntity
  8
Hidden
370
    -3
100
AcDbLine
 10
-9.140937635239357
 20
-87.13741886764349
 30
-0.0000000000000053
 11
-9.132781297990867
 21
-87.13835972625371
 31
-0.0000000000000054
  0
SPLINE
  5
5DF
330
1F
100
AcDbEntity
  8
Hidden
370
    -3
100
AcDbSpline
210
0.0
220
0.0
230
1.0
 70
     8
 71
     3
 72
    10
 73
     6
 74
     0
 42
0.0000000001
 43
0.00000001
 40
0.0
 40
0.0
 40
0.0
 40
0.0
 40
0.0100806311397029
 40
0.5044040261699886
 40
1.0
 40
1.0
 40
1.0
 40
1.0
 10
-9.132781297990867
 20
-87.13835972625371
 30
-0.0000000000000054
 10
-9.132698414175039
 20
-87.13837484499993
 30
-0.0000000000000054
 10
-9.128551160909922
 20
-87.13913134093397
 30
-0.0000000000000054
 10
-9.120397233359194
 20
-87.14136380917333
 30
-0.0000000000000055
 10
-9.113178640105836
 20
-87.14545602595194
 30
-0.0000000000000055
 10
-9.109564703591792
 20
-87.14750476469098
 30
-0.0000000000000056
  0
SPLINE
  5
5E0
330
1F
100
AcDbEntity
  8
Hidden
370
    -3
100
AcDbSpline
210
0.0
220
0.0
230
1.0
 70
     8
 71
     3
 72
    13
 73
     9
 74
     0
 42
0.0000000001
 43
0.00000001
 40
0.0
 40
0.0
 40
0.0
 40
0.0
 40
0.0076081031296451
 40
0.2140824209288073
 40
0.4205570872780043
 40
0.6227413901062956
 40
0.816855782145331
 40
1.0
 40
1.0
 40
1.0
 40
1.0
 10
-9.109564703591792
 20
-87.14750476469098
 30
-0.0000000000000056
 10
-9.109428717486892
 20
-87.14759268410306
 30
-0.0000000000000056
 10
-9.105602240104405
 20
-87.1500666254086
 30
-0.0000000000000056
 10
-9.098602179883148
 20
-87.15576347317791
 30
-0.0000000000000057
 10
-9.090279442662801
 20
-87.16599363755698
 30
-0.0000000000000058
 10
-9.084374660997875
 20
-87.17746483797859
 30
-0.0000000000000059
 10
-9.08081405955883
 20
-87.18939250917188
 30
-0.000000000000006
 10
-9.080386346025694
 20
-87.19743329055446
 30
-0.000000000000006
 10
-9.080178707926951
 20
-87.20133677367883
 30
-0.000000000000006
  0
SPLINE
  5
5E1
330
1F
100
AcDbEntity
  8
Hidden
370
    -3
100
AcDbSpline
210
0.0
220
0.0
230
1.0
 70
    24
 71
     3
 72
     9
 73
     5
 74
     0
 42
0.0000000001
 43
0.00000001
 40
0.0
 40
0.0
 40
0.0
 40
0.0
 40
0.2372261708277483
 40
1.0
 40
1.0
 40
1.0
 40
1.0
 10
-9.144000000000567
 20
-87.1373367736813
 30
-0.0000000000000053
 10
-9.144004499799697
 20
-87.13733677368128
 30
-0.0000000000000053
 10
-9.144023468192245
 20
-87.13733677368124
 30
-0.0000000000000053
 10
-9.14404243658479
 20
-87.13733677368126
 30
-0.0000000000000053
 10
-9.14405690517821
 20
-87.13733677368127
 30
-0.0000000000000053
  0
LINE
  5
5E2
330
1F
100
AcDbEntity
  8
Hidden
370
    -3
100
AcDbLine
 10
-9.10215137500918
 20
-87.71333677368125
 30
-0.0000000000000082
 11
-9.719999998470211
 21
-87.71333677368126
 31
-0.0000000000000037
  0
LINE
  5
5E3
330
1F
100
AcDbEntity
  8
Hidden
370
    -3
100
AcDbLine
 10
-9.700939368614474
 20
-87.20133677368128
 30
-0.0000000000000015
 11
-9.102151023600646
 21
-87.20133677368126
 31
-0.0000000000000059
  0
LINE
  5
5E4
330
1F
100
AcDbEntity
  8
Hidden
370
    -3
100
AcDbLine
 10
-1.290000000000596
 20
-87.20133677368125
 30
-0.0000000000000067
 11
-1.999999999999887
 21
-87.20133677368125
 31
-0.0000000000000016
  0
LINE
  5
5E5
330
1F
100
AcDbEntity
  8
Hidden
370
    -3
100
AcDbLine
 10
-1.999999999999887
 20
-87.20133677368125
 30
-0.0000000000000016
 11
-3.599999999999183
 21
-87.20133677368125
 31
-0.0000000000000039
  0
LINE
  5
5E6
330
1F
100
AcDbEntity
  8
Hidden
370
    -3
100
AcDbLine
 10
-3.599999999999183
 20
-87.20133677368125
 30
-0.0000000000000039
 11
-6.367999076129454
 21
-87.20133677368125
 31
0.0000000000000022
  0
LINE
  5
5E7
330
1F
100
AcDbEntity
  8
Hidden
370
    -3
100
AcDbLine
 10
-6.367999076128742
 20
-87.71333677368125
 30
-0.0000000000000001
 11
-3.599999999999186
 21
-87.71333677368126
 31
-0.0000000000000062
  0
LINE
  5
5E8
330
1F
100
AcDbEntity
  8
Hidden
370
    -3
100
AcDbLine
 10
-3.599999999999185
 20
-87.71333677368125
 30
-0.0000000000000062
 11
-2.188754096350766
 21
-87.71333677368125
 31
-0.0000000000000025
  0
LINE
  5
5E9
330
1F
100
AcDbEntity
  8
Hidden
370
    -3
100
AcDbLine
 10
-1.910820853092291
 20
-87.71333677368125
 30
-0.0000000000000045
 11
-1.290000000000596
 21
-87.71333677368125
 31
-0.000000000000009
  0
LINE
  5
5EA
330
1F
100
AcDbEntity
  8
Hidden
370
    -3
100
AcDbLine
 10
-6.367999076222989
 20
-87.13733677368126
 30
0.0000000000000025
 11
-3.600000000000692
 21
-87.13733677368126
 31
-0.0000000000000037
  0
LINE
  5
5EB
330
1F
100
AcDbEntity
  8
Hidden
370
    -3
100
AcDbLine
 10
-3.600000000000692
 20
-87.13733677368126
 30
-0.0000000000000037
 11
-2.000000000000586
 21
-87.13733677368126
 31
-0.0000000000000013
  0
LINE
  5
5EC
330
1F
100
AcDbEntity
  8
Hidden
370
    -3
100
AcDbLine
 10
-2.000000000000586
 20
-87.13733677368126
 30
-0.0000000000000013
 11
-1.295599274466596
 21
-87.13733677368126
 31
-0.0000000000000064
  0
LINE
  5
5ED
330
1F
100
AcDbEntity
  8
Hidden
370
    -3
100
AcDbLine
 10
-1.295599274466596
 20
-87.77733677368126
 30
-0.0000000000000093
 11
-1.765671904984372
 21
-87.77733677368126
 31
-0.0000000000000059
  0
LINE
  5
5EE
330
1F
100
AcDbEntity
  8
Hidden
370
    -3
100
AcDbLine
 10
-2.000000000000523
 20
-87.77733677368126
 30
-0.0000000000000042
 11
-2.334509152624246
 21
-87.77733677368126
 31
-0.0000000000000018
  0
LINE
  5
5EF
330
1F
100
AcDbEntity
  8
Hidden
370
    -3
100
AcDbLine
 10
-2.334509152624246
 20
-87.77733677368126
 30
-0.0000000000000018
 11
-3.600000000000677
 21
-87.77733677368126
 31
-0.0000000000000065
  0
LINE
  5
5F0
330
1F
100
AcDbEntity
  8
Hidden
370
    -3
100
AcDbLine
 10
-3.600000000000678
 20
-87.77733677368127
 30
-0.0000000000000065
 11
-6.367999077376991
 21
-87.77733677368126
 31
-0.0000000000000004
  0
SPLINE
  5
5F1
330
1F
100
AcDbEntity
  8
Hidden
370
    -3
100
AcDbSpline
210
0.0
220
0.0
230
1.0
 70
     8
 71
     3
 72
    21
 73
    17
 74
     0
 42
0.0000000001
 43
0.00000001
 40
0.0
 40
0.0
 40
0.0
 40
0.0
 40
0.013951606908829
 40
0.0280691743170408
 40
0.0425469392803573
 40
0.0575651695943666
 40
0.0787007564851726
 40
0.1014098589891526
 40
0.1259562205286513
 40
0.1666536083794151
 40
0.2124765195056046
 40
0.2637938314403484
 40
0.3208679879235042
 40
0.5024342265747108
 40
0.7284326584506264
 40
1.0
 40
1.0
 40
1.0
 40
1.0
 10
-1.290000000000595
 20
-87.71333677368125
 30
-0.000000000000009
 10
-1.289947091618267
 20
-87.71389440533127
 30
-0.000000000000009
 10
-1.289840645485139
 20
-87.71501630190505
 30
-0.000000000000009
 10
-1.289422285738387
 20
-87.71667663979521
 30
-0.000000000000009
 10
-1.288815439135844
 20
-87.71831980074802
 30
-0.0000000000000091
 10
-1.287904518994978
 20
-87.72013870178327
 30
-0.0000000000000091
 10
-1.286606092275198
 20
-87.72211738609653
 30
-0.0000000000000091
 10
-1.284842963805366
 20
-87.72422479076661
 30
-0.0000000000000091
 10
-1.282319316438366
 20
-87.72669542087128
 30
-0.0000000000000091
 10
-1.278812841096086
 20
-87.72945818954832
 30
-0.0000000000000092
 10
-1.2741490290912
 20
-87.73243684679973
 30
-0.0000000000000092
 10
-1.268688182091768
 20
-87.7353496620642
 30
-0.0000000000000093
 10
-1.258096786981967
 20
-87.74016259173885
 30
-0.0000000000000094
 10
-1.240417088503915
 20
-87.74617584779237
 30
-0.0000000000000095
 10
-1.214015095824503
 20
-87.75292122548474
 30
-0.0000000000000098
 10
-1.194397826471909
 20
-87.7565894957052
 30
-0.0000000000000099
 10
-1.183690880835622
 20
-87.75859160767725
 30
-0.00000000000001
  0
SPLINE
  5
5F2
330
1F
100
AcDbEntity
  8
Hidden
370
    -3
100
AcDbSpline
210
0.0
220
0.0
230
1.0
 70
     8
 71
     3
 72
    18
 73
    14
 74
     0
 42
0.0000000001
 43
0.00000001
 40
0.0
 40
0.0
 40
0.0
 40
0.0
 40
0.4987835582139719
 40
0.6236520621507508
 40
0.7485705790908121
 40
0.8110705339090682
 40
0.8737198363517542
 40
0.8946197712881747
 40
0.9156006054092958
 40
0.9366319690206852
 40
0.9576654326903611
 40
0.9787741718426842
 40
1.0
 40
1.0
 40
1.0
 40
1.0
 10
-1.183690880835596
 20
-87.15608193968525
 30
-0.0000000000000073
 10
-1.203352589066551
 20
-87.15988444860429
 30
-0.0000000000000072
 10
-1.227936528696697
 20
-87.16463890069005
 30
-0.000000000000007
 10
-1.256372134215707
 20
-87.17423233532777
 30
-0.0000000000000069
 10
-1.267925806037383
 20
-87.17910905374877
 30
-0.0000000000000068
 10
-1.276678478542631
 20
-87.18399991145824
 30
-0.0000000000000068
 10
-1.281478943413463
 20
-87.18739155691995
 30
-0.0000000000000067
 10
-1.284552214528467
 20
-87.19024200015383
 30
-0.0000000000000067
 10
-1.286258856696398
 20
-87.19210086885053
 30
-0.0000000000000067
 10
-1.287766568664362
 20
-87.19413671149447
 30
-0.0000000000000067
 10
-1.288975505169183
 20
-87.19636656818969
 30
-0.0000000000000067
 10
-1.289830537647479
 20
-87.19878534155522
 30
-0.0000000000000067
 10
-1.289943408490112
 20
-87.20048472958264
 30
-0.0000000000000067
 10
-1.290000000000595
 20
-87.20133677368125
 30
-0.0000000000000067
  0
LINE
  5
5F3
330
1F
100
AcDbEntity
  8
Hidden
370
    -3
100
AcDbLine
 10
-1.284485791107613
 20
-87.13830907748635
 30
-0.0000000000000065
 11
-1.183690880835622
 21
-87.1560819396854
 31
-0.0000000000000073
  0
SPLINE
  5
5F4
330
1F
100
AcDbEntity
  8
Hidden
370
    -3
100
AcDbSpline
210
0.0
220
0.0
230
1.0
 70
     8
 71
     3
 72
     9
 73
     5
 74
     0
 42
0.0000000001
 43
0.00000001
 40
0.0
 40
0.0
 40
0.0
 40
0.0
 40
0.5599484714455515
 40
1.0
 40
1.0
 40
1.0
 40
1.0
 10
-1.284485791107596
 20
-87.13830907748626
 30
-0.0000000000000065
 10
-1.286549389762915
 20
-87.13799712012936
 30
-0.0000000000000065
 10
-1.290234726468973
 20
-87.1374400021573
 30
-0.0000000000000064
 10
-1.293959973719679
 20
-87.1373683182807
 30
-0.0000000000000064
 10
-1.295599274466596
 20
-87.13733677368126
 30
-0.0000000000000064
  0
LINE
  5
5F5
330
1F
100
AcDbEntity
  8
Hidden
370
    -3
100
AcDbLine
 10
-1.183690880835622
 20
-87.7585916076771
 30
-0.00000000000001
 11
-1.284485791095633
 21
-87.77636446987404
 31
-0.0000000000000094
  0
SPLINE
  5
5F6
330
1F
100
AcDbEntity
  8
Hidden
370
    -3
100
AcDbSpline
210
0.0
220
0.0
230
1.0
 70
     8
 71
     3
 72
     9
 73
     5
 74
     0
 42
0.0000000001
 43
0.00000001
 40
0.0
 40
0.0
 40
0.0
 40
0.0
 40
0.559948471121361
 40
1.0
 40
1.0
 40
1.0
 40
1.0
 10
-1.284485791095597
 20
-87.77636446987425
 30
-0.0000000000000094
 10
-1.286549389751923
 20
-87.77667642723162
 30
-0.0000000000000093
 10
-1.290234726461913
 20
-87.7772335452049
 30
-0.0000000000000093
 10
-1.293959973716683
 20
-87.77730522908166
 30
-0.0000000000000093
 10
-1.295599274466596
 20
-87.77733677368126
 30
-0.0000000000000093
  0
LINE
  5
5F7
330
1F
100
AcDbEntity
  8
Hidden
370
    -3
100
AcDbLine
 10
-1.2844857910956
 20
-87.13830907748824
 30
-0.0000000000000065
 11
-1.288265470852728
 21
-87.13775835493152
 31
-0.0000000000000065
  0
LINE
  5
5F8
330
1F
100
AcDbEntity
  8
Hidden
370
    -3
100
AcDbLine
 10
-1.284485791107599
 20
-87.77636446987626
 30
-0.0000000000000094
 11
-1.287759697097673
 21
-87.77685481078107
 31
-0.0000000000000093
  0
SPLINE
  5
5F9
330
1F
100
AcDbEntity
  8
Hidden
370
    -3
100
AcDbSpline
210
0.0
220
0.0
230
1.0
 70
     8
 71
     3
 72
    10
 73
     6
 74
     0
 42
0.0000000001
 43
0.00000001
 40
0.0
 40
0.0
 40
0.0
 40
0.0
 40
0.3289848409576991
 40
0.6776755784408053
 40
1.0
 40
1.0
 40
1.0
 40
1.0
 10
-9.080178724557468
 20
-90.25333677368594
 30
-0.0000000000000058
 10
-9.080393039599498
 20
-90.2572359881411
 30
-0.0000000000000058
 10
-9.080834506962109
 20
-90.26526797649552
 30
-0.0000000000000059
 10
-9.084150200418796
 20
-90.27679459635
 30
-0.0000000000000059
 10
-9.08798459258817
 20
-90.28377486936792
 30
-0.0000000000000059
 10
-9.089826455952014
 20
-90.28712786733303
 30
-0.0000000000000059
  0
SPLINE
  5
5FA
330
1F
100
AcDbEntity
  8
Hidden
370
    -3
100
AcDbSpline
210
0.0
220
0.0
230
1.0
 70
     8
 71
     3
 72
     9
 73
     5
 74
     0
 42
0.0000000001
 43
0.00000001
 40
0.0
 40
0.0
 40
0.0
 40
0.0
 40
0.2706419893774236
 40
1.0
 40
1.0
 40
1.0
 40
1.0
 10
-9.095659656554478
 20
-90.29507297332273
 30
-0.0000000000000059
 10
-9.096727158331506
 20
-90.29626773610494
 30
-0.0000000000000059
 10
-9.100671490027718
 20
-90.30068228679956
 30
-0.0000000000000059
 10
-9.105456796923644
 20
-90.30420050166393
 30
-0.0000000000000059
 10
-9.108946998841473
 20
-90.30676653985833
 30
-0.0000000000000058
  0
SPLINE
  5
5FB
330
1F
100
AcDbEntity
  8
Hidden
370
    -3
100
AcDbSpline
210
0.0
220
0.0
230
1.0
 70
     8
 71
     3
 72
    11
 73
     7
 74
     0
 42
0.0000000001
 43
0.00000001
 40
0.0
 40
0.0
 40
0.0
 40
0.0
 40
0.0097381646256192
 40
0.5099563377792588
 40
0.9902074708084584
 40
1.0
 40
1.0
 40
1.0
 40
1.0
 10
-9.108946998841473
 20
-90.30676653985833
 30
-0.0000000000000058
 10
-9.109016998915978
 20
-90.30681256800379
 30
-0.0000000000000058
 10
-9.112682677512636
 20
-90.30922291383315
 30
-0.0000000000000058
 10
-9.120307093074453
 20
-90.31316895115822
 30
-0.0000000000000058
 10
-9.128550940413637
 20
-90.31554253543274
 30
-0.0000000000000057
 10
-9.132698407157854
 20
-90.3162987053953
 30
-0.0000000000000057
 10
-9.132781285873149
 20
-90.31631381591912
 30
-0.0000000000000057
  0
LINE
  5
5FC
330
1F
100
AcDbEntity
  8
Hidden
370
    -3
100
AcDbLine
 10
-9.132781285873149
 20
-90.31631381591912
 30
-0.0000000000000057
 11
-9.144178182087856
 21
-90.31733677368128
 31
-0.0000000000000056
  0
LINE
  5
5FD
330
1F
100
AcDbEntity
  8
Hidden
370
    -3
100
AcDbLine
 10
-9.656254563355782
 20
-89.67733677368126
 30
0.0000000000000009
 11
-9.666831908229723
 21
-89.67821686088051
 31
0.000000000000001
  0
SPLINE
  5
5FE
330
1F
100
AcDbEntity
  8
Hidden
370
    -3
100
AcDbSpline
210
0.0
220
0.0
230
1.0
 70
     8
 71
     3
 72
    10
 73
     6
 74
     0
 42
0.0000000001
 43
0.00000001
 40
0.0
 40
0.0
 40
0.0
 40
0.0
 40
0.0469539156832515
 40
0.5833848195349565
 40
1.0
 40
1.0
 40
1.0
 40
1.0
 10
-9.666831908229723
 20
-89.67821686088051
 30
0.000000000000001
 10
-9.667188174517234
 20
-89.67827868952735
 30
0.000000000000001
 10
-9.671614649728552
 20
-89.67904688731163
 30
0.000000000000001
 10
-9.67911709583642
 20
-89.68112663581917
 30
0.0000000000000011
 10
-9.685626400851394
 20
-89.68454334290837
 30
0.0000000000000011
 10
-9.68847188264723
 20
-89.68603692445073
 30
0.0000000000000011
  0
SPLINE
  5
5FF
330
1F
100
AcDbEntity
  8
Hidden
370
    -3
100
AcDbSpline
210
0.0
220
0.0
230
1.0
 70
     8
 71
     3
 72
    11
 73
     7
 74
     0
 42
0.0000000001
 43
0.00000001
 40
0.0
 40
0.0
 40
0.0
 40
0.0
 40
0.0994911674307351
 40
0.4974247448840537
 40
0.8953573550365419
 40
1.0
 40
1.0
 40
1.0
 40
1.0
 10
-9.688471882647232
 20
-89.68603692445075
 30
0.0000000000000011
 10
-9.689412415071915
 20
-89.68660529308318
 30
0.0000000000000011
 10
-9.694114783266862
 20
-89.68944695862271
 30
0.0000000000000011
 10
-9.701813580556244
 20
-89.6957781313832
 30
0.0000000000000012
 10
-9.70818259466153
 20
-89.70352071188469
 30
0.0000000000000012
 10
-9.71104489444059
 20
-89.70827720073216
 30
0.0000000000000012
 10
-9.711640862141966
 20
-89.70926756300861
 30
0.0000000000000012
  0
SPLINE
  5
600
330
1F
100
AcDbEntity
  8
Hidden
370
    -3
100
AcDbSpline
210
0.0
220
0.0
230
1.0
 70
     8
 71
     3
 72
    10
 73
     6
 74
     0
 42
0.0000000001
 43
0.00000001
 40
0.0
 40
0.0
 40
0.0
 40
0.0
 40
0.3366138158122249
 40
0.6933995778355792
 40
1.0
 40
1.0
 40
1.0
 40
1.0
 10
-9.72026432463021
 20
-90.25333677368883
 30
-0.0000000000000012
 10
-9.720049759531602
 20
-90.25723619666257
 30
-0.0000000000000012
 10
-9.719607771289278
 20
-90.26526871974029
 30
-0.0000000000000013
 10
-9.716361040551785
 20
-90.27653088884946
 30
-0.0000000000000013
 10
-9.712718402411143
 20
-90.28330630707455
 30
-0.0000000000000014
 10
-9.711034866609022
 20
-90.28643773509893
 30
-0.0000000000000014
  0
SPLINE
  5
601
330
1F
100
AcDbEntity
  8
Hidden
370
    -3
100
AcDbSpline
210
0.0
220
0.0
230
1.0
 70
     8
 71
     3
 72
    10
 73
     6
 74
     0
 42
0.0000000001
 43
0.00000001
 40
0.0
 40
0.0
 40
0.0
 40
0.0
 40
0.1070119718814345
 40
0.7289489513787888
 40
1.0
 40
1.0
 40
1.0
 40
1.0
 10
-9.711034866609022
 20
-90.28643773509893
 30
-0.0000000000000014
 10
-9.710636225500764
 20
-90.28708017306901
 30
-0.0000000000000014
 10
-9.70792074411366
 20
-90.29145636085788
 30
-0.0000000000000015
 10
-9.703439446553073
 20
-90.2970236755106
 30
-0.0000000000000015
 10
-9.698707196183658
 20
-90.30120036069951
 30
-0.0000000000000016
 10
-9.697270803550635
 20
-90.30246812114487
 30
-0.0000000000000016
  0
LINE
  5
602
330
1F
100
AcDbEntity
  8
Hidden
370
    -3
100
AcDbLine
 10
-9.666832111574758
 20
-90.31645668648059
 30
-0.0000000000000019
 11
-9.656254643625573
 21
-90.31733677368128
 31
-0.0000000000000019
  0
SPLINE
  5
603
330
1F
100
AcDbEntity
  8
Hidden
370
    -3
100
AcDbSpline
210
0.0
220
0.0
230
1.0
 70
    24
 71
     3
 72
     9
 73
     5
 74
     0
 42
0.0000000001
 43
0.00000001
 40
0.0
 40
0.0
 40
0.0
 40
0.0
 40
0.2373523009803874
 40
1.0
 40
1.0
 40
1.0
 40
1.0
 10
-9.65600000000055
 20
-90.31733677368129
 30
-0.0000000000000019
 10
-9.656006655256714
 20
-90.31733677368129
 30
-0.0000000000000019
 10
-9.656034694825479
 20
-90.31733677368125
 30
-0.0000000000000019
 10
-9.65606273439425
 20
-90.31733677368125
 30
-0.0000000000000019
 10
-9.656084118706854
 20
-90.31733677368126
 30
-0.0000000000000019
  0
LINE
  5
604
330
1F
100
AcDbEntity
  8
Hidden
370
    -3
100
AcDbLine
 10
-9.144178165545586
 20
-89.67733677368126
 30
-0.0000000000000028
 11
-9.140937635239336
 21
-89.67741886764335
 31
-0.0000000000000028
  0
LINE
  5
605
330
1F
100
AcDbEntity
  8
Hidden
370
    -3
100
AcDbLine
 10
-9.140937635239336
 20
-89.67741886764335
 30
-0.0000000000000028
 11
-9.13278129799377
 21
-89.67835972625265
 31
-0.0000000000000029
  0
SPLINE
  5
606
330
1F
100
AcDbEntity
  8
Hidden
370
    -3
100
AcDbSpline
210
0.0
220
0.0
230
1.0
 70
     8
 71
     3
 72
    10
 73
     6
 74
     0
 42
0.0000000001
 43
0.00000001
 40
0.0
 40
0.0
 40
0.0
 40
0.0
 40
0.0100806312877551
 40
0.5044040266753745
 40
1.0
 40
1.0
 40
1.0
 40
1.0
 10
-9.132781297993771
 20
-89.67835972625267
 30
-0.0000000000000029
 10
-9.132698414176785
 20
-89.67837484499911
 30
-0.0000000000000029
 10
-9.128551160910364
 20
-89.67913134093284
 30
-0.0000000000000029
 10
-9.120397233365265
 20
-89.6813638091707
 30
-0.000000000000003
 10
-9.113178640116951
 20
-89.6854560259437
 30
-0.000000000000003
 10
-9.109564703608582
 20
-89.68750476467815
 30
-0.0000000000000031
  0
SPLINE
  5
607
330
1F
100
AcDbEntity
  8
Hidden
370
    -3
100
AcDbSpline
210
0.0
220
0.0
230
1.0
 70
     8
 71
     3
 72
    13
 73
     9
 74
     0
 42
0.0000000001
 43
0.00000001
 40
0.0
 40
0.0
 40
0.0
 40
0.0
 40
0.0076081034642732
 40
0.2140824211944486
 40
0.4205570874729055
 40
0.6227413902314601
 40
0.816855782204904
 40
1.0
 40
1.0
 40
1.0
 40
1.0
 10
-9.109564703608582
 20
-89.68750476467815
 30
-0.0000000000000031
 10
-9.109428717497636
 20
-89.6875926840941
 30
-0.0000000000000031
 10
-9.105602240108498
 20
-89.69006662540247
 30
-0.0000000000000031
 10
-9.098602179881798
 20
-89.69576347317644
 30
-0.0000000000000032
 10
-9.090279442661458
 20
-89.70599363755525
 30
-0.0000000000000033
 10
-9.084374660996822
 20
-89.71746483797679
 30
-0.0000000000000034
 10
-9.080814059558227
 20
-89.72939250917013
 30
-0.0000000000000035
 10
-9.080386346025492
 20
-89.73743329055264
 30
-0.0000000000000035
 10
-9.080178707926947
 20
-89.74133677367705
 30
-0.0000000000000035
  0
SPLINE
  5
608
330
1F
100
AcDbEntity
  8
Hidden
370
    -3
100
AcDbSpline
210
0.0
220
0.0
230
1.0
 70
    24
 71
     3
 72
     9
 73
     5
 74
     0
 42
0.0000000001
 43
0.00000001
 40
0.0
 40
0.0
 40
0.0
 40
0.0
 40
0.237226171037023
 40
1.0
 40
1.0
 40
1.0
 40
1.0
 10
-9.144000000000549
 20
-89.67733677368128
 30
-0.0000000000000028
 10
-9.144004499799685
 20
-89.67733677368128
 30
-0.0000000000000028
 10
-9.144023468192241
 20
-89.67733677368126
 30
-0.0000000000000028
 10
-9.144042436584796
 20
-89.67733677368128
 30
-0.0000000000000028
 10
-9.14405690517821
 20
-89.67733677368126
 30
-0.0000000000000028
  0
LINE
  5
609
330
1F
100
AcDbEntity
  8
Hidden
370
    -3
100
AcDbLine
 10
-9.102151375009178
 20
-90.25333677368126
 30
-0.0000000000000057
 11
-9.719999998470211
 21
-90.25333677368126
 31
-0.0000000000000012
  0
LINE
  5
60A
330
1F
100
AcDbEntity
  8
Hidden
370
    -3
100
AcDbLine
 10
-9.700939368614474
 20
-89.74133677368127
 30
0.000000000000001
 11
-9.102151023600646
 21
-89.74133677368125
 31
-0.0000000000000034
  0
LINE
  5
60B
330
1F
100
AcDbEntity
  8
Hidden
370
    -3
100
AcDbLine
 10
-1.290000000000596
 20
-89.74133677368127
 30
-0.0000000000000042
 11
-1.999999999999887
 21
-89.74133677368127
 31
0.0000000000000009
  0
LINE
  5
60C
330
1F
100
AcDbEntity
  8
Hidden
370
    -3
100
AcDbLine
 10
-1.999999999999887
 20
-89.74133677368127
 30
0.0000000000000009
 11
-3.599999999999183
 21
-89.74133677368127
 31
-0.0000000000000014
  0
LINE
  5
60D
330
1F
100
AcDbEntity
  8
Hidden
370
    -3
100
AcDbLine
 10
-3.599999999999183
 20
-89.74133677368127
 30
-0.0000000000000014
 11
-4.636046509360876
 21
-89.74133677368127
 31
0.000000000000006
  0
LINE
  5
60E
330
1F
100
AcDbEntity
  8
Hidden
370
    -3
100
AcDbLine
 10
-4.636046509360876
 20
-89.74133677368128
 30
0.000000000000006
 11
-5.560128054940141
 21
-89.74133677368128
 31
-0.0000000000000012
  0
LINE
  5
60F
330
1F
100
AcDbEntity
  8
Hidden
370
    -3
100
AcDbLine
 10
-5.56012805494014
 20
-89.74133677368127
 30
-0.0000000000000012
 11
-6.367999076129454
 21
-89.74133677368127
 31
0.0000000000000047
  0
LINE
  5
610
330
1F
100
AcDbEntity
  8
Hidden
370
    -3
100
AcDbLine
 10
-6.367999076128742
 20
-90.25333677368126
 30
0.0000000000000024
 11
-5.56784319348671
 21
-90.25333677368126
 31
-0.0000000000000034
  0
LINE
  5
611
330
1F
100
AcDbEntity
  8
Hidden
370
    -3
100
AcDbLine
 10
-5.56784319348671
 20
-90.25333677368126
 30
-0.0000000000000034
 11
-4.628251474203154
 21
-90.25333677368126
 31
0.0000000000000037
  0
LINE
  5
612
330
1F
100
AcDbEntity
  8
Hidden
370
    -3
100
AcDbLine
 10
-4.628251474203154
 20
-90.25333677368126
 30
0.0000000000000037
 11
-3.599999999999185
 21
-90.25333677368126
 31
-0.0000000000000037
  0
LINE
  5
613
330
1F
100
AcDbEntity
  8
Hidden
370
    -3
100
AcDbLine
 10
-3.599999999999185
 20
-90.25333677368126
 30
-0.0000000000000037
 11
-1.999999999999884
 21
-90.25333677368126
 31
-0.0000000000000014
  0
LINE
  5
614
330
1F
100
AcDbEntity
  8
Hidden
370
    -3
100
AcDbLine
 10
-1.999999999999884
 20
-90.25333677368126
 30
-0.0000000000000014
 11
-1.290000000000596
 21
-90.25333677368126
 31
-0.0000000000000065
  0
LINE
  5
615
330
1F
100
AcDbEntity
  8
Hidden
370
    -3
100
AcDbLine
 10
-6.367999076222989
 20
-89.67733677368125
 30
0.0000000000000049
 11
-5.516992085787066
 21
-89.67733677368125
 31
-0.0000000000000012
  0
LINE
  5
616
330
1F
100
AcDbEntity
  8
Hidden
370
    -3
100
AcDbLine
 10
-5.516992085787066
 20
-89.67733677368125
 30
-0.0000000000000012
 11
-4.679033744780891
 21
-89.67733677368125
 31
0.0000000000000066
  0
LINE
  5
617
330
1F
100
AcDbEntity
  8
Hidden
370
    -3
100
AcDbLine
 10
-4.679033744780892
 20
-89.67733677368125
 30
0.0000000000000066
 11
-3.600000000000692
 21
-89.67733677368125
 31
-0.0000000000000012
  0
LINE
  5
618
330
1F
100
AcDbEntity
  8
Hidden
370
    -3
100
AcDbLine
 10
-3.600000000000692
 20
-89.67733677368125
 30
-0.0000000000000012
 11
-2.000000000000586
 21
-89.67733677368125
 31
0.0000000000000012
  0
LINE
  5
619
330
1F
100
AcDbEntity
  8
Hidden
370
    -3
100
AcDbLine
 10
-2.000000000000586
 20
-89.67733677368125
 30
0.0000000000000012
 11
-1.295599274466596
 21
-89.67733677368125
 31
-0.0000000000000039
  0
LINE
  5
61A
330
1F
100
AcDbEntity
  8
Hidden
370
    -3
100
AcDbLine
 10
-1.295599274466596
 20
-90.31733677368126
 30
-0.0000000000000068
 11
-2.000000000000523
 21
-90.31733677368126
 31
-0.0000000000000017
  0
LINE
  5
61B
330
1F
100
AcDbEntity
  8
Hidden
370
    -3
100
AcDbLine
 10
-2.000000000000523
 20
-90.31733677368126
 30
-0.0000000000000017
 11
-3.600000000000677
 21
-90.31733677368126
 31
-0.000000000000004
  0
LINE
  5
61C
330
1F
100
AcDbEntity
  8
Hidden
370
    -3
100
AcDbLine
 10
-3.600000000000677
 20
-90.31733677368126
 30
-0.000000000000004
 11
-4.667917323022162
 21
-90.31733677368126
 31
0.0000000000000037
  0
LINE
  5
61D
330
1F
100
AcDbEntity
  8
Hidden
370
    -3
100
AcDbLine
 10
-4.667917323022162
 20
-90.31733677368126
 30
0.0000000000000037
 11
-5.528388298490792
 21
-90.31733677368126
 31
-0.000000000000004
  0
LINE
  5
61E
330
1F
100
AcDbEntity
  8
Hidden
370
    -3
100
AcDbLine
 10
-5.528388298490792
 20
-90.31733677368126
 30
-0.000000000000004
 11
-6.367999077376991
 21
-90.31733677368126
 31
0.0000000000000021
  0
SPLINE
  5
61F
330
1F
100
AcDbEntity
  8
Hidden
370
    -3
100
AcDbSpline
210
0.0
220
0.0
230
1.0
 70
     8
 71
     3
 72
    21
 73
    17
 74
     0
 42
0.0000000001
 43
0.00000001
 40
0.0
 40
0.0
 40
0.0
 40
0.0
 40
0.0139516069088289
 40
0.0280691743170406
 40
0.0425469392803571
 40
0.0575651695943694
 40
0.0787007564851753
 40
0.1014098589891506
 40
0.1259562205286491
 40
0.1666536083794903
 40
0.2124765195056169
 40
0.2637938314403603
 40
0.3208679879235157
 40
0.5024342265747211
 40
0.7284326584506422
 40
1.0
 40
1.0
 40
1.0
 40
1.0
 10
-1.290000000000595
 20
-90.25333677368124
 30
-0.0000000000000065
 10
-1.289947091618268
 20
-90.2538944053313
 30
-0.0000000000000065
 10
-1.289840645485139
 20
-90.25501630190509
 30
-0.0000000000000065
 10
-1.289422285738388
 20
-90.25667663979523
 30
-0.0000000000000066
 10
-1.288815439135844
 20
-90.258319800748
 30
-0.0000000000000066
 10
-1.287904518994977
 20
-90.26013870178332
 30
-0.0000000000000066
 10
-1.286606092275196
 20
-90.26211738609649
 30
-0.0000000000000066
 10
-1.284842963805367
 20
-90.26422479076663
 30
-0.0000000000000066
 10
-1.282319316438362
 20
-90.26669542087123
 30
-0.0000000000000066
 10
-1.278812841096095
 20
-90.2694581895484
 30
-0.0000000000000067
 10
-1.274149029091193
 20
-90.27243684679968
 30
-0.0000000000000067
 10
-1.268688182091768
 20
-90.27534966206419
 30
-0.0000000000000068
 10
-1.258096786981965
 20
-90.28016259173886
 30
-0.0000000000000069
 10
-1.240417088503915
 20
-90.28617584779244
 30
-0.000000000000007
 10
-1.214015095824501
 20
-90.2929212254847
 30
-0.0000000000000073
 10
-1.194397826471909
 20
-90.29658949570519
 30
-0.0000000000000074
 10
-1.183690880835622
 20
-90.29859160767725
 30
-0.0000000000000075
  0
SPLINE
  5
620
330
1F
100
AcDbEntity
  8
Hidden
370
    -3
100
AcDbSpline
210
0.0
220
0.0
230
1.0
 70
     8
 71
     3
 72
    18
 73
    14
 74
     0
 42
0.0000000001
 43
0.00000001
 40
0.0
 40
0.0
 40
0.0
 40
0.0
 40
0.4987835582139742
 40
0.6236520621507539
 40
0.7485705790908157
 40
0.8110705339091291
 40
0.8737198363517471
 40
0.8946197712882465
 40
0.915600605409197
 40
0.9366319690206797
 40
0.9576654326903558
 40
0.9787741718425694
 40
1.0
 40
1.0
 40
1.0
 40
1.0
 10
-1.183690880835596
 20
-89.69608193968527
 30
-0.0000000000000048
 10
-1.203352589066553
 20
-89.69988444860431
 30
-0.0000000000000047
 10
-1.2279365286967
 20
-89.70463890069006
 30
-0.0000000000000045
 10
-1.256372134215704
 20
-89.71423233532774
 30
-0.0000000000000044
 10
-1.267925806037395
 20
-89.71910905374881
 30
-0.0000000000000043
 10
-1.276678478542617
 20
-89.72399991145826
 30
-0.0000000000000043
 10
-1.281478943413481
 20
-89.72739155691995
 30
-0.0000000000000042
 10
-1.284552214528452
 20
-89.73024200015385
 30
-0.0000000000000042
 10
-1.286258856696413
 20
-89.73210086885054
 30
-0.0000000000000042
 10
-1.287766568664356
 20
-89.73413671149443
 30
-0.0000000000000042
 10
-1.288975505169181
 20
-89.73636656818971
 30
-0.0000000000000042
 10
-1.289830537647483
 20
-89.73878534155521
 30
-0.0000000000000042
 10
-1.289943408490113
 20
-89.74048472958265
 30
-0.0000000000000042
 10
-1.290000000000595
 20
-89.74133677368125
 30
-0.0000000000000042
  0
LINE
  5
621
330
1F
100
AcDbEntity
  8
Hidden
370
    -3
100
AcDbLine
 10
-1.284485791107613
 20
-89.67830907748635
 30
-0.000000000000004
 11
-1.183690880835622
 21
-89.6960819396854
 31
-0.0000000000000048
  0
SPLINE
  5
622
330
1F
100
AcDbEntity
  8
Hidden
370
    -3
100
AcDbSpline
210
0.0
220
0.0
230
1.0
 70
     8
 71
     3
 72
     9
 73
     5
 74
     0
 42
0.0000000001
 43
0.00000001
 40
0.0
 40
0.0
 40
0.0
 40
0.0
 40
0.5599484714455515
 40
1.0
 40
1.0
 40
1.0
 40
1.0
 10
-1.284485791107596
 20
-89.67830907748625
 30
-0.000000000000004
 10
-1.286549389762915
 20
-89.67799712012935
 30
-0.000000000000004
 10
-1.290234726468973
 20
-89.67744000215727
 30
-0.000000000000004
 10
-1.293959973719679
 20
-89.6773683182807
 30
-0.0000000000000039
 10
-1.295599274466596
 20
-89.67733677368125
 30
-0.0000000000000039
  0
LINE
  5
623
330
1F
100
AcDbEntity
  8
Hidden
370
    -3
100
AcDbLine
 10
-1.183690880835622
 20
-90.2985916076771
 30
-0.0000000000000075
 11
-1.284485791095633
 21
-90.31636446987405
 31
-0.0000000000000069
  0
SPLINE
  5
624
330
1F
100
AcDbEntity
  8
Hidden
370
    -3
100
AcDbSpline
210
0.0
220
0.0
230
1.0
 70
     8
 71
     3
 72
     9
 73
     5
 74
     0
 42
0.0000000001
 43
0.00000001
 40
0.0
 40
0.0
 40
0.0
 40
0.0
 40
0.559948471121361
 40
1.0
 40
1.0
 40
1.0
 40
1.0
 10
-1.284485791095597
 20
-90.31636446987424
 30
-0.0000000000000069
 10
-1.286549389751923
 20
-90.31667642723161
 30
-0.0000000000000068
 10
-1.290234726461913
 20
-90.3172335452049
 30
-0.0000000000000068
 10
-1.293959973716683
 20
-90.31730522908167
 30
-0.0000000000000068
 10
-1.295599274466596
 20
-90.31733677368126
 30
-0.0000000000000068
  0
LINE
  5
625
330
1F
100
AcDbEntity
  8
Hidden
370
    -3
100
AcDbLine
 10
-1.284485791107599
 20
-90.31636446987625
 30
-0.0000000000000069
 11
-1.287715569793767
 21
-90.3168493489032
 31
-0.0000000000000068
  0
SPLINE
  5
626
330
1F
100
AcDbEntity
  8
Hidden
370
    -3
100
AcDbSpline
210
0.0
220
0.0
230
1.0
 70
     8
 71
     3
 72
    10
 73
     6
 74
     0
 42
0.0000000001
 43
0.00000001
 40
0.0
 40
0.0
 40
0.0
 40
0.0
 40
0.3289848407259024
 40
0.6776755779585533
 40
1.0
 40
1.0
 40
1.0
 40
1.0
 10
-9.080178724557467
 20
-92.79333677367971
 30
-0.0000000000000033
 10
-9.080393039599688
 20
-92.7972359881349
 30
-0.0000000000000033
 10
-9.080834506962686
 20
-92.80526797648939
 30
-0.0000000000000034
 10
-9.084150200422005
 20
-92.81679459635221
 30
-0.0000000000000034
 10
-9.087984592597461
 20
-92.82377486937655
 30
-0.0000000000000034
 10
-9.08982645596635
 20
-92.82712786734862
 30
-0.0000000000000034
  0
SPLINE
  5
627
330
1F
100
AcDbEntity
  8
Hidden
370
    -3
100
AcDbSpline
210
0.0
220
0.0
230
1.0
 70
     8
 71
     3
 72
     9
 73
     5
 74
     0
 42
0.0000000001
 43
0.00000001
 40
0.0
 40
0.0
 40
0.0
 40
0.0
 40
0.2706419944646205
 40
1.0
 40
1.0
 40
1.0
 40
1.0
 10
-9.09565965646737
 20
-92.83507297321495
 30
-0.0000000000000034
 10
-9.096727158272552
 20
-92.83626773603258
 30
-0.0000000000000034
 10
-9.100671489998653
 20
-92.8406822867751
 30
-0.0000000000000034
 10
-9.1054567969404
 20
-92.84420050167122
 30
-0.0000000000000034
 10
-9.108946998867308
 20
-92.8467665398709
 30
-0.0000000000000033
  0
SPLINE
  5
628
330
1F
100
AcDbEntity
  8
Hidden
370
    -3
100
AcDbSpline
210
0.0
220
0.0
230
1.0
 70
     8
 71
     3
 72
    11
 73
     7
 74
     0
 42
0.0000000001
 43
0.00000001
 40
0.0
 40
0.0
 40
0.0
 40
0.0
 40
0.0097381634610117
 40
0.5099563373609479
 40
0.9902074710917346
 40
1.0
 40
1.0
 40
1.0
 40
1.0
 10
-9.108946998867308
 20
-92.8467665398709
 30
-0.0000000000000033
 10
-9.109016998933347
 20
-92.84681256801076
 30
-0.0000000000000033
 10
-9.112682677522121
 20
-92.8492229138337
 30
-0.0000000000000033
 10
-9.120307093073988
 20
-92.85316895115547
 30
-0.0000000000000033
 10
-9.128550940410335
 20
-92.85554253542963
 30
-0.0000000000000032
 10
-9.13269840715177
 20
-92.85629870539292
 30
-0.0000000000000032
 10
-9.13278128586454
 20
-92.8563138159163
 30
-0.0000000000000032
  0
LINE
  5
629
330
1F
100
AcDbEntity
  8
Hidden
370
    -3
100
AcDbLine
 10
-9.13278128586454
 20
-92.8563138159163
 30
-0.0000000000000032
 11
-9.141306761467877
 21
-92.85727232518286
 31
-0.0000000000000032
  0
LINE
  5
62A
330
1F
100
AcDbEntity
  8
Hidden
370
    -3
100
AcDbLine
 10
-9.141306761467877
 20
-92.85727232518286
 30
-0.0000000000000032
 11
-9.144178182085923
 21
-92.85733677368127
 31
-0.0000000000000031
  0
LINE
  5
62B
330
1F
100
AcDbEntity
  8
Hidden
370
    -3
100
AcDbLine
 10
-9.656254563355784
 20
-92.21733677368127
 30
0.0000000000000034
 11
-9.666831908178699
 21
-92.21821686087661
 31
0.0000000000000035
  0
SPLINE
  5
62C
330
1F
100
AcDbEntity
  8
Hidden
370
    -3
100
AcDbSpline
210
0.0
220
0.0
230
1.0
 70
     8
 71
     3
 72
    10
 73
     6
 74
     0
 42
0.0000000001
 43
0.00000001
 40
0.0
 40
0.0
 40
0.0
 40
0.0
 40
0.0469539174727503
 40
0.5833848166376856
 40
1.0
 40
1.0
 40
1.0
 40
1.0
 10
-9.666831908178699
 20
-92.21821686087661
 30
0.0000000000000035
 10
-9.66718817448292
 20
-92.21827868952633
 30
0.0000000000000035
 10
-9.671614649711191
 20
-92.21904688731311
 30
0.0000000000000035
 10
-9.679117095884326
 20
-92.22112663584191
 30
0.0000000000000036
 10
-9.685626400937792
 20
-92.22454334296795
 30
0.0000000000000036
 10
-9.688471882775584
 20
-92.22603692453964
 30
0.0000000000000036
  0
SPLINE
  5
62D
330
1F
100
AcDbEntity
  8
Hidden
370
    -3
100
AcDbSpline
210
0.0
220
0.0
230
1.0
 70
     8
 71
     3
 72
    11
 73
     7
 74
     0
 42
0.0000000001
 43
0.00000001
 40
0.0
 40
0.0
 40
0.0
 40
0.0
 40
0.0994911635674533
 40
0.4974247437830699
 40
0.8953573566930623
 40
1.0
 40
1.0
 40
1.0
 40
1.0
 10
-9.688471882775584
 20
-92.22603692453964
 30
0.0000000000000036
 10
-9.689412415156244
 20
-92.22660529314791
 30
0.0000000000000036
 10
-9.694114783303268
 20
-92.22944695867093
 30
0.0000000000000036
 10
-9.701813580554331
 20
-92.23577813140012
 30
0.0000000000000037
 10
-9.708182594641913
 20
-92.24352071188365
 30
0.0000000000000037
 10
-9.71104489441177
 20
-92.2482772007068
 30
0.0000000000000037
 10
-9.711640862100488
 20
-92.24926756296031
 30
0.0000000000000037
  0
SPLINE
  5
62E
330
1F
100
AcDbEntity
  8
Hidden
370
    -3
100
AcDbSpline
210
0.0
220
0.0
230
1.0
 70
     8
 71
     3
 72
    10
 73
     6
 74
     0
 42
0.0000000001
 43
0.00000001
 40
0.0
 40
0.0
 40
0.0
 40
0.0
 40
0.3366138159118536
 40
0.6933995780430959
 40
1.0
 40
1.0
 40
1.0
 40
1.0
 10
-9.720264324630211
 20
-92.7933367736955
 30
0.0000000000000013
 10
-9.720049759531404
 20
-92.79723619666892
 30
0.0000000000000013
 10
-9.719607771288672
 20
-92.80526871974605
 30
0.0000000000000012
 10
-9.716361040551709
 20
-92.81653088885079
 30
0.0000000000000012
 10
-9.712718402413463
 20
-92.82330630707257
 30
0.0000000000000011
 10
-9.711034866613332
 20
-92.82643773509375
 30
0.0000000000000011
  0
LINE
  5
62F
330
1F
100
AcDbEntity
  8
Hidden
370
    -3
100
AcDbLine
 10
-9.66683211157882
 20
-92.85645668648034
 30
0.0000000000000006
 11
-9.656254643626903
 21
-92.85733677368127
 31
0.0000000000000006
  0
SPLINE
  5
630
330
1F
100
AcDbEntity
  8
Hidden
370
    -3
100
AcDbSpline
210
0.0
220
0.0
230
1.0
 70
    24
 71
     3
 72
     9
 73
     5
 74
     0
 42
0.0000000001
 43
0.00000001
 40
0.0
 40
0.0
 40
0.0
 40
0.0
 40
0.2373523009803874
 40
1.0
 40
1.0
 40
1.0
 40
1.0
 10
-9.65600000000055
 20
-92.8573367736813
 30
0.0000000000000006
 10
-9.656006655256714
 20
-92.85733677368128
 30
0.0000000000000006
 10
-9.656034694825479
 20
-92.85733677368121
 30
0.0000000000000006
 10
-9.65606273439425
 20
-92.85733677368125
 30
0.0000000000000006
 10
-9.656084118706854
 20
-92.85733677368127
 30
0.0000000000000006
  0
LINE
  5
631
330
1F
100
AcDbEntity
  8
Hidden
370
    -3
100
AcDbLine
 10
-9.144178165545586
 20
-92.21733677368127
 30
-0.0000000000000003
 11
-9.140937635239355
 21
-92.21741886764345
 31
-0.0000000000000003
  0
LINE
  5
632
330
1F
100
AcDbEntity
  8
Hidden
370
    -3
100
AcDbLine
 10
-9.140937635239355
 20
-92.21741886764345
 30
-0.0000000000000003
 11
-9.13278129799164
 21
-92.21835972625345
 31
-0.0000000000000004
  0
SPLINE
  5
633
330
1F
100
AcDbEntity
  8
Hidden
370
    -3
100
AcDbSpline
210
0.0
220
0.0
230
1.0
 70
     8
 71
     3
 72
    10
 73
     6
 74
     0
 42
0.0000000001
 43
0.00000001
 40
0.0
 40
0.0
 40
0.0
 40
0.0
 40
0.0100806311657265
 40
0.5044040262224582
 40
1.0
 40
1.0
 40
1.0
 40
1.0
 10
-9.13278129799164
 20
-92.21835972625345
 30
-0.0000000000000004
 10
-9.132698414175602
 20
-92.21837484499974
 30
-0.0000000000000004
 10
-9.12855116091029
 20
-92.21913134093337
 30
-0.0000000000000004
 10
-9.120397233360128
 20
-92.22136380917308
 30
-0.0000000000000005
 10
-9.113178640107309
 20
-92.22545602595099
 30
-0.0000000000000005
 10
-9.109564703593822
 20
-92.22750476468951
 30
-0.0000000000000006
  0
SPLINE
  5
634
330
1F
100
AcDbEntity
  8
Hidden
370
    -3
100
AcDbSpline
210
0.0
220
0.0
230
1.0
 70
     8
 71
     3
 72
    13
 73
     9
 74
     0
 42
0.0000000001
 43
0.00000001
 40
0.0
 40
0.0
 40
0.0
 40
0.0
 40
0.0076081031608453
 40
0.2140824209524834
 40
0.4205570872949863
 40
0.6227413901169111
 40
0.8168557821505223
 40
1.0
 40
1.0
 40
1.0
 40
1.0
 10
-9.109564703593822
 20
-92.22750476468951
 30
-0.0000000000000006
 10
-9.10942871748836
 20
-92.22759268410195
 30
-0.0000000000000006
 10
-9.105602240105238
 20
-92.2300666254074
 30
-0.0000000000000006
 10
-9.098602179883521
 20
-92.23576347317756
 30
-0.0000000000000007
 10
-9.09027944266315
 20
-92.24599363755635
 30
-0.0000000000000008
 10
-9.08437466099814
 20
-92.25746483797798
 30
-0.0000000000000009
 10
-9.080814059558989
 20
-92.26939250917117
 30
-0.000000000000001
 10
-9.080386346025744
 20
-92.27743329055377
 30
-0.000000000000001
 10
-9.08017870792695
 20
-92.28133677367815
 30
-0.000000000000001
  0
SPLINE
  5
635
330
1F
100
AcDbEntity
  8
Hidden
370
    -3
100
AcDbSpline
210
0.0
220
0.0
230
1.0
 70
    24
 71
     3
 72
     9
 73
     5
 74
     0
 42
0.0000000001
 43
0.00000001
 40
0.0
 40
0.0
 40
0.0
 40
0.0
 40
0.237226171037023
 40
1.0
 40
1.0
 40
1.0
 40
1.0
 10
-9.144000000000549
 20
-92.2173367736813
 30
-0.0000000000000003
 10
-9.144004499799685
 20
-92.2173367736813
 30
-0.0000000000000003
 10
-9.144023468192241
 20
-92.21733677368127
 30
-0.0000000000000003
 10
-9.144042436584796
 20
-92.21733677368128
 30
-0.0000000000000003
 10
-9.14405690517821
 20
-92.21733677368127
 30
-0.0000000000000003
  0
LINE
  5
636
330
1F
100
AcDbEntity
  8
Hidden
370
    -3
100
AcDbLine
 10
-9.102151375009178
 20
-92.79333677368126
 30
-0.0000000000000032
 11
-9.719999998470211
 21
-92.79333677368126
 31
0.0000000000000013
  0
LINE
  5
637
330
1F
100
AcDbEntity
  8
Hidden
370
    -3
100
AcDbLine
 10
-9.700939368614474
 20
-92.28133677368126
 30
0.0000000000000035
 11
-9.102151023600646
 21
-92.28133677368125
 31
-0.0000000000000009
  0
LINE
  5
638
330
1F
100
AcDbEntity
  8
Hidden
370
    -3
100
AcDbLine
 10
-1.290000000000596
 20
-92.28133677368126
 30
-0.0000000000000017
 11
-1.863845451788695
 21
-92.28133677368128
 31
0.0000000000000024
  0
LINE
  5
639
330
1F
100
AcDbEntity
  8
Hidden
370
    -3
100
AcDbLine
 10
-1.999999999999887
 20
-92.28133677368126
 30
0.0000000000000034
 11
-2.235303414917007
 21
-92.28133677368126
 31
0.0000000000000051
  0
LINE
  5
63A
330
1F
100
AcDbEntity
  8
Hidden
370
    -3
100
AcDbLine
 10
-2.235303414917007
 20
-92.28133677368126
 30
0.0000000000000051
 11
-3.599999999999183
 21
-92.28133677368128
 31
0.0000000000000011
  0
LINE
  5
63B
330
1F
100
AcDbEntity
  8
Hidden
370
    -3
100
AcDbLine
 10
-3.599999999999183
 20
-92.28133677368128
 30
0.0000000000000011
 11
-6.367999076129454
 21
-92.28133677368128
 31
0.0000000000000072
  0
LINE
  5
63C
330
1F
100
AcDbEntity
  8
Hidden
370
    -3
100
AcDbLine
 10
-6.367999076128742
 20
-92.79333677368126
 30
0.0000000000000049
 11
-3.599999999999185
 21
-92.79333677368126
 31
-0.0000000000000012
  0
LINE
  5
63D
330
1F
100
AcDbEntity
  8
Hidden
370
    -3
100
AcDbLine
 10
-3.599999999999185
 20
-92.79333677368126
 30
-0.0000000000000012
 11
-1.999999999999884
 21
-92.79333677368126
 31
0.0000000000000011
  0
LINE
  5
63E
330
1F
100
AcDbEntity
  8
Hidden
370
    -3
100
AcDbLine
 10
-1.999999999999884
 20
-92.79333677368126
 30
0.0000000000000011
 11
-1.290000000000596
 21
-92.79333677368126
 31
-0.000000000000004
  0
LINE
  5
63F
330
1F
100
AcDbEntity
  8
Hidden
370
    -3
100
AcDbLine
 10
-1.295599274466596
 20
-92.85733677368125
 30
-0.0000000000000043
 11
-2.000000000000523
 21
-92.85733677368125
 31
0.0000000000000008
  0
LINE
  5
640
330
1F
100
AcDbEntity
  8
Hidden
370
    -3
100
AcDbLine
 10
-2.000000000000523
 20
-92.85733677368125
 30
0.0000000000000008
 11
-3.600000000000677
 21
-92.85733677368125
 31
-0.0000000000000015
  0
LINE
  5
641
330
1F
100
AcDbEntity
  8
Hidden
370
    -3
100
AcDbLine
 10
-3.600000000000678
 20
-92.85733677368127
 30
-0.0000000000000015
 11
-6.367999077376991
 21
-92.85733677368125
 31
0.0000000000000046
  0
LINE
  5
642
330
1F
100
AcDbEntity
  8
Hidden
370
    -3
100
AcDbLine
 10
-6.367999076222989
 20
-92.21733677368125
 30
0.0000000000000074
 11
-3.600000000000692
 21
-92.21733677368125
 31
0.0000000000000013
  0
LINE
  5
643
330
1F
100
AcDbEntity
  8
Hidden
370
    -3
100
AcDbLine
 10
-3.600000000000692
 20
-92.21733677368125
 30
0.0000000000000013
 11
-2.35676976446539
 21
-92.21733677368125
 31
0.0000000000000062
  0
LINE
  5
644
330
1F
100
AcDbEntity
  8
Hidden
370
    -3
100
AcDbLine
 10
-2.35676976446539
 20
-92.21733677368125
 30
0.0000000000000062
 11
-2.000000000000586
 21
-92.21733677368125
 31
0.0000000000000037
  0
LINE
  5
645
330
1F
100
AcDbEntity
  8
Hidden
370
    -3
100
AcDbLine
 10
-1.743713275476897
 20
-92.21733677368125
 30
0.0000000000000018
 11
-1.295599274466596
 21
-92.21733677368125
 31
-0.0000000000000014
  0
SPLINE
  5
646
330
1F
100
AcDbEntity
  8
Hidden
370
    -3
100
AcDbSpline
210
0.0
220
0.0
230
1.0
 70
     8
 71
     3
 72
    21
 73
    17
 74
     0
 42
0.0000000001
 43
0.00000001
 40
0.0
 40
0.0
 40
0.0
 40
0.0
 40
0.0139516069088297
 40
0.0280691743170397
 40
0.0425469392803586
 40
0.0575651695943677
 40
0.0787007564851775
 40
0.1014098589891572
 40
0.1259562205286557
 40
0.1666536083794911
 40
0.2124765195056176
 40
0.2637938314403672
 40
0.3208679879235705
 40
0.5024342265747367
 40
0.7284326584506431
 40
1.0
 40
1.0
 40
1.0
 40
1.0
 10
-1.290000000000595
 20
-92.79333677368125
 30
-0.000000000000004
 10
-1.289947091618267
 20
-92.79389440533129
 30
-0.000000000000004
 10
-1.289840645485137
 20
-92.79501630190508
 30
-0.000000000000004
 10
-1.289422285738388
 20
-92.79667663979522
 30
-0.0000000000000041
 10
-1.288815439135842
 20
-92.79831980074799
 30
-0.0000000000000041
 10
-1.287904518994977
 20
-92.8001387017833
 30
-0.0000000000000041
 10
-1.286606092275195
 20
-92.80211738609653
 30
-0.0000000000000041
 10
-1.284842963805365
 20
-92.80422479076661
 30
-0.0000000000000041
 10
-1.282319316438361
 20
-92.80669542087129
 30
-0.0000000000000042
 10
-1.278812841096093
 20
-92.80945818954835
 30
-0.0000000000000042
 10
-1.274149029091192
 20
-92.8124368467997
 30
-0.0000000000000042
 10
-1.268688182091763
 20
-92.81534966206421
 30
-0.0000000000000043
 10
-1.258096786981974
 20
-92.82016259173888
 30
-0.0000000000000044
 10
-1.240417088503907
 20
-92.82617584779244
 30
-0.0000000000000045
 10
-1.214015095824502
 20
-92.83292122548468
 30
-0.0000000000000048
 10
-1.194397826471909
 20
-92.83658949570518
 30
-0.0000000000000049
 10
-1.183690880835622
 20
-92.83859160767726
 30
-0.000000000000005
  0
SPLINE
  5
647
330
1F
100
AcDbEntity
  8
Hidden
370
    -3
100
AcDbSpline
210
0.0
220
0.0
230
1.0
 70
     8
 71
     3
 72
    18
 73
    14
 74
     0
 42
0.0000000001
 43
0.00000001
 40
0.0
 40
0.0
 40
0.0
 40
0.0
 40
0.4987835582139692
 40
0.6236520621507475
 40
0.7485705790908083
 40
0.811070533909064
 40
0.8737198363517497
 40
0.89461977128817
 40
0.915600605409291
 40
0.9366319690206804
 40
0.9576654326903562
 40
0.9787741718425697
 40
1.0
 40
1.0
 40
1.0
 40
1.0
 10
-1.183690880835596
 20
-92.23608193968526
 30
-0.0000000000000023
 10
-1.203352589066551
 20
-92.23988444860427
 30
-0.0000000000000022
 10
-1.227936528696696
 20
-92.24463890069
 30
-0.000000000000002
 10
-1.256372134215707
 20
-92.25423233532781
 30
-0.0000000000000019
 10
-1.267925806037383
 20
-92.25910905374877
 30
-0.0000000000000018
 10
-1.276678478542631
 20
-92.26399991145826
 30
-0.0000000000000018
 10
-1.281478943413463
 20
-92.26739155691996
 30
-0.0000000000000017
 10
-1.284552214528467
 20
-92.27024200015384
 30
-0.0000000000000017
 10
-1.286258856696398
 20
-92.27210086885056
 30
-0.0000000000000017
 10
-1.287766568664362
 20
-92.27413671149446
 30
-0.0000000000000017
 10
-1.288975505169179
 20
-92.27636656818969
 30
-0.0000000000000017
 10
-1.289830537647483
 20
-92.2787853415552
 30
-0.0000000000000017
 10
-1.289943408490113
 20
-92.28048472958267
 30
-0.0000000000000017
 10
-1.290000000000595
 20
-92.28133677368125
 30
-0.0000000000000017
  0
LINE
  5
648
330
1F
100
AcDbEntity
  8
Hidden
370
    -3
100
AcDbLine
 10
-1.284485791107613
 20
-92.21830907748635
 30
-0.0000000000000015
 11
-1.183690880835622
 21
-92.2360819396854
 31
-0.0000000000000023
  0
SPLINE
  5
649
330
1F
100
AcDbEntity
  8
Hidden
370
    -3
100
AcDbSpline
210
0.0
220
0.0
230
1.0
 70
     8
 71
     3
 72
     9
 73
     5
 74
     0
 42
0.0000000001
 43
0.00000001
 40
0.0
 40
0.0
 40
0.0
 40
0.0
 40
0.5599484714455515
 40
1.0
 40
1.0
 40
1.0
 40
1.0
 10
-1.284485791107596
 20
-92.21830907748625
 30
-0.0000000000000015
 10
-1.286549389762915
 20
-92.21799712012935
 30
-0.0000000000000015
 10
-1.290234726468973
 20
-92.21744000215729
 30
-0.0000000000000015
 10
-1.293959973719679
 20
-92.2173683182807
 30
-0.0000000000000014
 10
-1.295599274466596
 20
-92.21733677368125
 30
-0.0000000000000014
  0
LINE
  5
64A
330
1F
100
AcDbEntity
  8
Hidden
370
    -3
100
AcDbLine
 10
-1.183690880835622
 20
-92.83859160767712
 30
-0.000000000000005
 11
-1.284485791095633
 21
-92.85636446987404
 31
-0.0000000000000044
  0
SPLINE
  5
64B
330
1F
100
AcDbEntity
  8
Hidden
370
    -3
100
AcDbSpline
210
0.0
220
0.0
230
1.0
 70
     8
 71
     3
 72
     9
 73
     5
 74
     0
 42
0.0000000001
 43
0.00000001
 40
0.0
 40
0.0
 40
0.0
 40
0.0
 40
0.5599484711212925
 40
1.0
 40
1.0
 40
1.0
 40
1.0
 10
-1.284485791095597
 20
-92.85636446987428
 30
-0.0000000000000044
 10
-1.286549389751923
 20
-92.85667642723163
 30
-0.0000000000000043
 10
-1.290234726461913
 20
-92.85723354520488
 30
-0.0000000000000043
 10
-1.293959973716684
 20
-92.8573052290817
 30
-0.0000000000000043
 10
-1.295599274466596
 20
-92.85733677368125
 30
-0.0000000000000043
  0
LINE
  5
64C
330
1F
100
AcDbEntity
  8
Hidden
370
    -3
100
AcDbLine
 10
-1.2844857910956
 20
-92.21830907748826
 30
-0.0000000000000015
 11
-1.288265470852728
 21
-92.21775835493152
 31
-0.0000000000000015
  0
LINE
  5
64D
330
1F
100
AcDbEntity
  8
Hidden
370
    -3
100
AcDbLine
 10
-1.284485791107599
 20
-92.85636446987625
 30
-0.0000000000000044
 11
-1.287715570227622
 21
-92.85684934895707
 31
-0.0000000000000043
  0
SPLINE
  5
64E
330
1F
100
AcDbEntity
  8
Hidden
370
    -3
100
AcDbSpline
210
0.0
220
0.0
230
1.0
 70
     8
 71
     3
 72
    10
 73
     6
 74
     0
 42
0.0000000001
 43
0.00000001
 40
0.0
 40
0.0
 40
0.0
 40
0.0
 40
0.3289848406776069
 40
0.6776755778616635
 40
1.0
 40
1.0
 40
1.0
 40
1.0
 10
-9.080178724557468
 20
-95.3333367736797
 30
-0.0000000000000008
 10
-9.080393039599802
 20
-95.33723598813489
 30
-0.0000000000000008
 10
-9.080834506963033
 20
-95.34526797648935
 30
-0.0000000000000009
 10
-9.084150200423089
 20
-95.35679459635368
 30
-0.0000000000000009
 10
-9.087984592599913
 20
-95.36377486937921
 30
-0.0000000000000009
 10
-9.089826455969877
 20
-95.36712786735262
 30
-0.0000000000000009
  0
SPLINE
  5
64F
330
1F
100
AcDbEntity
  8
Hidden
370
    -3
100
AcDbSpline
210
0.0
220
0.0
230
1.0
 70
     8
 71
     3
 72
     9
 73
     5
 74
     0
 42
0.0000000001
 43
0.00000001
 40
0.0
 40
0.0
 40
0.0
 40
0.0
 40
0.2706419957570649
 40
1.0
 40
1.0
 40
1.0
 40
1.0
 10
-9.095659656446177
 20
-95.37507297318878
 30
-0.0000000000000009
 10
-9.096727158258517
 20
-95.37626773601536
 30
-0.0000000000000009
 10
-9.100671489992225
 20
-95.38068228676985
 30
-0.0000000000000009
 10
-9.105456796945578
 20
-95.38420050167383
 30
-0.0000000000000009
 10
-9.108946998874766
 20
-95.38676653987469
 30
-0.0000000000000009
  0
SPLINE
  5
650
330
1F
100
AcDbEntity
  8
Hidden
370
    -3
100
AcDbSpline
210
0.0
220
0.0
230
1.0
 70
     8
 71
     3
 72
    11
 73
     7
 74
     0
 42
0.0000000001
 43
0.00000001
 40
0.0
 40
0.0
 40
0.0
 40
0.0
 40
0.0097381631811368
 40
0.5099563372847368
 40
0.9902074712092639
 40
1.0
 40
1.0
 40
1.0
 40
1.0
 10
-9.108946998874766
 20
-95.38676653987469
 30
-0.0000000000000009
 10
-9.109016998938769
 20
-95.38681256801321
 30
-0.0000000000000009
 10
-9.112682677525678
 20
-95.38922291383489
 30
-0.0000000000000008
 10
-9.12030709307544
 20
-95.39316895115498
 30
-0.0000000000000008
 10
-9.128550940410808
 20
-95.39554253542953
 30
-0.0000000000000008
 10
-9.132698407151215
 20
-95.39629870539244
 30
-0.0000000000000007
 10
-9.132781285862958
 20
-95.39631381591562
 30
-0.0000000000000007
  0
LINE
  5
651
330
1F
100
AcDbEntity
  8
Hidden
370
    -3
100
AcDbLine
 10
-9.132781285862958
 20
-95.39631381591562
 30
-0.0000000000000007
 11
-9.144178182087416
 21
-95.39733677368127
 31
-0.0000000000000006
  0
LINE
  5
652
330
1F
100
AcDbEntity
  8
Hidden
370
    -3
100
AcDbLine
 10
-9.656254563355178
 20
-94.75733677368127
 30
0.0000000000000059
 11
-9.66683190821833
 21
-94.75821686087964
 31
0.000000000000006
  0
SPLINE
  5
653
330
1F
100
AcDbEntity
  8
Hidden
370
    -3
100
AcDbSpline
210
0.0
220
0.0
230
1.0
 70
     8
 71
     3
 72
    10
 73
     6
 74
     0
 42
0.0000000001
 43
0.00000001
 40
0.0
 40
0.0
 40
0.0
 40
0.0
 40
0.0469539160931678
 40
0.5833848190082374
 40
1.0
 40
1.0
 40
1.0
 40
1.0
 10
-9.66683190821833
 20
-94.75821686087964
 30
0.000000000000006
 10
-9.667188174509594
 20
-94.75827868952715
 30
0.000000000000006
 10
-9.671614649724903
 20
-94.75904688731195
 30
0.000000000000006
 10
-9.67911709584616
 20
-94.7611266358239
 30
0.0000000000000061
 10
-9.685626400868804
 20
-94.7645433429203
 30
0.0000000000000061
 10
-9.688471882672816
 20
-94.76603692446838
 30
0.0000000000000061
  0
SPLINE
  5
654
330
1F
100
AcDbEntity
  8
Hidden
370
    -3
100
AcDbSpline
210
0.0
220
0.0
230
1.0
 70
     8
 71
     3
 72
    11
 73
     7
 74
     0
 42
0.0000000001
 43
0.00000001
 40
0.0
 40
0.0
 40
0.0
 40
0.0
 40
0.0994911666863051
 40
0.4974247446639503
 40
0.8953573553366071
 40
1.0
 40
1.0
 40
1.0
 40
1.0
 10
-9.688471882672816
 20
-94.76603692446838
 30
0.0000000000000061
 10
-9.689412415089057
 20
-94.76660529309619
 30
0.0000000000000061
 10
-9.69411478327488
 20
-94.7694469586327
 30
0.0000000000000061
 10
-9.70181358055703
 20
-94.77577813138727
 30
0.0000000000000062
 10
-9.708182594659085
 20
-94.78352071188569
 30
0.0000000000000062
 10
-9.711044894436402
 20
-94.78827720072888
 30
0.0000000000000062
 10
-9.711640862135443
 20
-94.78926756300116
 30
0.0000000000000062
  0
SPLINE
  5
655
330
1F
100
AcDbEntity
  8
Hidden
370
    -3
100
AcDbSpline
210
0.0
220
0.0
230
1.0
 70
     8
 71
     3
 72
    10
 73
     6
 74
     0
 42
0.0000000001
 43
0.00000001
 40
0.0
 40
0.0
 40
0.0
 40
0.0
 40
0.3366138147607078
 40
0.6933995756990423
 40
1.0
 40
1.0
 40
1.0
 40
1.0
 10
-9.72026432463021
 20
-95.33333677366792
 30
0.0000000000000038
 10
-9.720049759531289
 20
-95.3372361966415
 30
0.0000000000000038
 10
-9.7196077712883
 20
-95.34526871971926
 30
0.0000000000000037
 10
-9.716361040540882
 20
-95.35653088886347
 30
0.0000000000000037
 10
-9.71271840237515
 20
-95.3633063071163
 30
0.0000000000000036
 10
-9.711034866552371
 20
-95.36643773517035
 30
0.0000000000000036
  0
SPLINE
  5
656
330
1F
100
AcDbEntity
  8
Hidden
370
    -3
100
AcDbSpline
210
0.0
220
0.0
230
1.0
 70
     8
 71
     3
 72
    10
 73
     6
 74
     0
 42
0.0000000001
 43
0.00000001
 40
0.0
 40
0.0
 40
0.0
 40
0.0
 40
0.1070119695718834
 40
0.7289489647977938
 40
1.0
 40
1.0
 40
1.0
 40
1.0
 10
-9.71103486655237
 20
-95.36643773517032
 30
0.0000000000000036
 10
-9.710636225462054
 20
-95.36708017310998
 30
0.0000000000000036
 10
-9.707920744088565
 20
-95.37145636086662
 30
0.0000000000000035
 10
-9.703439446640157
 20
-95.37702367537825
 30
0.0000000000000035
 10
-9.698707196398546
 20
-95.38120036049618
 30
0.0000000000000034
 10
-9.697270803879142
 20
-95.38246812085393
 30
0.0000000000000034
  0
LINE
  5
657
330
1F
100
AcDbEntity
  8
Hidden
370
    -3
100
AcDbLine
 10
-9.666832111528253
 20
-95.39645668648416
 30
0.0000000000000031
 11
-9.656254643625577
 21
-95.39733677368127
 31
0.0000000000000031
  0
SPLINE
  5
658
330
1F
100
AcDbEntity
  8
Hidden
370
    -3
100
AcDbSpline
210
0.0
220
0.0
230
1.0
 70
    24
 71
     3
 72
     9
 73
     5
 74
     0
 42
0.0000000001
 43
0.00000001
 40
0.0
 40
0.0
 40
0.0
 40
0.0
 40
0.2373523009803874
 40
1.0
 40
1.0
 40
1.0
 40
1.0
 10
-9.65600000000055
 20
-95.39733677368129
 30
0.000000000000003
 10
-9.656006655256714
 20
-95.39733677368127
 30
0.000000000000003
 10
-9.656034694825479
 20
-95.39733677368122
 30
0.000000000000003
 10
-9.65606273439425
 20
-95.39733677368125
 30
0.000000000000003
 10
-9.656084118706854
 20
-95.39733677368126
 30
0.000000000000003
  0
LINE
  5
659
330
1F
100
AcDbEntity
  8
Hidden
370
    -3
100
AcDbLine
 10
-9.144178165545586
 20
-94.75733677368127
 30
0.0000000000000022
 11
-9.140937635239267
 21
-94.7574188676426
 31
0.0000000000000022
  0
LINE
  5
65A
330
1F
100
AcDbEntity
  8
Hidden
370
    -3
100
AcDbLine
 10
-9.140937635239267
 20
-94.7574188676426
 30
0.0000000000000022
 11
-9.132781298010686
 21
-94.75835972624692
 31
0.0000000000000021
  0
SPLINE
  5
65B
330
1F
100
AcDbEntity
  8
Hidden
370
    -3
100
AcDbSpline
210
0.0
220
0.0
230
1.0
 70
     8
 71
     3
 72
    10
 73
     6
 74
     0
 42
0.0000000001
 43
0.00000001
 40
0.0
 40
0.0
 40
0.0
 40
0.0
 40
0.0100806319991137
 40
0.504404028738421
 40
1.0
 40
1.0
 40
1.0
 40
1.0
 10
-9.132781298010688
 20
-94.75835972624695
 30
0.0000000000000021
 10
-9.132698414188074
 20
-94.75837484499438
 30
0.0000000000000021
 10
-9.128551160915977
 20
-94.75913134092751
 30
0.0000000000000021
 10
-9.120397233393545
 20
-94.76136380915779
 30
0.000000000000002
 10
-9.113178640166199
 20
-94.76545602590785
 30
0.000000000000002
 10
-9.109564703680775
 20
-94.76750476462378
 30
0.0000000000000019
  0
SPLINE
  5
65C
330
1F
100
AcDbEntity
  8
Hidden
370
    -3
100
AcDbSpline
210
0.0
220
0.0
230
1.0
 70
     8
 71
     3
 72
    13
 73
     9
 74
     0
 42
0.0000000001
 43
0.00000001
 40
0.0
 40
0.0
 40
0.0
 40
0.0
 40
0.0076081047967204
 40
0.214082422239869
 40
0.420557088232579
 40
0.6227413907174821
 40
0.8168557824364072
 40
1.0
 40
1.0
 40
1.0
 40
1.0
 10
-9.109564703680775
 20
-94.76750476462378
 30
0.0000000000000019
 10
-9.109428717545741
 20
-94.7675926840551
 30
0.0000000000000019
 10
-9.105602240130342
 20
-94.77006662537467
 30
0.0000000000000019
 10
-9.098602179882056
 20
-94.77576347316644
 30
0.0000000000000018
 10
-9.090279442661265
 20
-94.7859936375433
 30
0.0000000000000017
 10
-9.0843746609967
 20
-94.79746483796403
 30
0.0000000000000016
 10
-9.080814059558147
 20
-94.80939250915708
 30
0.0000000000000015
 10
-9.080386346025474
 20
-94.81743329053961
 30
0.0000000000000015
 10
-9.08017870792695
 20
-94.82133677366411
 30
0.0000000000000015
  0
SPLINE
  5
65D
330
1F
100
AcDbEntity
  8
Hidden
370
    -3
100
AcDbSpline
210
0.0
220
0.0
230
1.0
 70
    24
 71
     3
 72
     9
 73
     5
 74
     0
 42
0.0000000001
 43
0.00000001
 40
0.0
 40
0.0
 40
0.0
 40
0.0
 40
0.237226171037023
 40
1.0
 40
1.0
 40
1.0
 40
1.0
 10
-9.144000000000549
 20
-94.75733677368129
 30
0.0000000000000022
 10
-9.144004499799685
 20
-94.75733677368129
 30
0.0000000000000022
 10
-9.144023468192241
 20
-94.75733677368127
 30
0.0000000000000022
 10
-9.144042436584796
 20
-94.75733677368129
 30
0.0000000000000022
 10
-9.14405690517821
 20
-94.75733677368127
 30
0.0000000000000022
  0
LINE
  5
65E
330
1F
100
AcDbEntity
  8
Hidden
370
    -3
100
AcDbLine
 10
-9.102151375009178
 20
-95.3333367736813
 30
-0.0000000000000007
 11
-9.719999998470211
 21
-95.33333677368128
 31
0.0000000000000038
  0
LINE
  5
65F
330
1F
100
AcDbEntity
  8
Hidden
370
    -3
100
AcDbLine
 10
-9.700939368614474
 20
-94.82133677368127
 30
0.000000000000006
 11
-9.102151023600644
 21
-94.82133677368125
 31
0.0000000000000016
  0
LINE
  5
660
330
1F
100
AcDbEntity
  8
Hidden
370
    -3
100
AcDbLine
 10
-1.290000000000596
 20
-94.82133677368128
 30
0.0000000000000008
 11
-1.927000185015981
 21
-94.82133677368128
 31
0.0000000000000054
  0
LINE
  5
661
330
1F
100
AcDbEntity
  8
Hidden
370
    -3
100
AcDbLine
 10
-2.173386693104834
 20
-94.82133677368128
 30
0.0000000000000071
 11
-3.599999999999183
 21
-94.82133677368128
 31
0.0000000000000035
  0
LINE
  5
662
330
1F
100
AcDbEntity
  8
Hidden
370
    -3
100
AcDbLine
 10
-3.599999999999183
 20
-94.82133677368128
 30
0.0000000000000035
 11
-6.367999076129454
 21
-94.82133677368128
 31
0.0000000000000097
  0
LINE
  5
663
330
1F
100
AcDbEntity
  8
Hidden
370
    -3
100
AcDbLine
 10
-6.367999076128742
 20
-95.33333677368125
 30
0.0000000000000074
 11
-3.599999999999184
 21
-95.33333677368125
 31
0.0000000000000013
  0
LINE
  5
664
330
1F
100
AcDbEntity
  8
Hidden
370
    -3
100
AcDbLine
 10
-3.599999999999184
 20
-95.33333677368125
 30
0.0000000000000013
 11
-2.581640195462284
 21
-95.33333677368125
 31
0.0000000000000078
  0
LINE
  5
665
330
1F
100
AcDbEntity
  8
Hidden
370
    -3
100
AcDbLine
 10
-2.581640195462284
 20
-95.33333677368125
 30
0.0000000000000078
 11
-1.999999999999884
 21
-95.33333677368125
 31
0.0000000000000036
  0
LINE
  5
666
330
1F
100
AcDbEntity
  8
Hidden
370
    -3
100
AcDbLine
 10
-1.518441376308296
 20
-95.33333677368125
 30
0.0000000000000001
 11
-1.290000000000596
 21
-95.33333677368125
 31
-0.0000000000000015
  0
LINE
  5
667
330
1F
100
AcDbEntity
  8
Hidden
370
    -3
100
AcDbLine
 10
-1.295599274466596
 20
-95.39733677368126
 30
-0.0000000000000018
 11
-1.520974196615303
 21
-95.39733677368126
 31
-0.0000000000000002
  0
LINE
  5
668
330
1F
100
AcDbEntity
  8
Hidden
370
    -3
100
AcDbLine
 10
-2.000000000000523
 20
-95.39733677368126
 30
0.0000000000000033
 11
-2.579408349955965
 21
-95.39733677368126
 31
0.0000000000000075
  0
LINE
  5
669
330
1F
100
AcDbEntity
  8
Hidden
370
    -3
100
AcDbLine
 10
-2.579408349955965
 20
-95.39733677368126
 30
0.0000000000000075
 11
-3.600000000000677
 21
-95.39733677368126
 31
0.000000000000001
  0
LINE
  5
66A
330
1F
100
AcDbEntity
  8
Hidden
370
    -3
100
AcDbLine
 10
-3.600000000000678
 20
-95.39733677368129
 30
0.000000000000001
 11
-6.367999077376991
 21
-95.39733677368126
 31
0.0000000000000071
  0
LINE
  5
66B
330
1F
100
AcDbEntity
  8
Hidden
370
    -3
100
AcDbLine
 10
-6.367999076222989
 20
-94.75733677368126
 30
0.0000000000000099
 11
-3.600000000000692
 21
-94.75733677368125
 31
0.0000000000000038
  0
LINE
  5
66C
330
1F
100
AcDbEntity
  8
Hidden
370
    -3
100
AcDbLine
 10
-3.600000000000692
 20
-94.75733677368125
 30
0.0000000000000038
 11
-2.000000000000586
 21
-94.75733677368125
 31
0.0000000000000062
  0
LINE
  5
66D
330
1F
100
AcDbEntity
  8
Hidden
370
    -3
100
AcDbLine
 10
-2.000000000000586
 20
-94.75733677368125
 30
0.0000000000000062
 11
-1.295599274466596
 21
-94.75733677368126
 31
0.0000000000000011
  0
SPLINE
  5
66E
330
1F
100
AcDbEntity
  8
Hidden
370
    -3
100
AcDbSpline
210
0.0
220
0.0
230
1.0
 70
     8
 71
     3
 72
    21
 73
    17
 74
     0
 42
0.0000000001
 43
0.00000001
 40
0.0
 40
0.0
 40
0.0
 40
0.0
 40
0.013951606908829
 40
0.0280691743170408
 40
0.0425469392803573
 40
0.0575651695943665
 40
0.0787007564851726
 40
0.1014098589891525
 40
0.1259562205286461
 40
0.1666536083794155
 40
0.2124765195055989
 40
0.2637938314403426
 40
0.3208679879235048
 40
0.5024342265747113
 40
0.7284326584506267
 40
1.0
 40
1.0
 40
1.0
 40
1.0
 10
-1.290000000000595
 20
-95.33333677368125
 30
-0.0000000000000015
 10
-1.289947091618268
 20
-95.33389440533129
 30
-0.0000000000000015
 10
-1.289840645485139
 20
-95.33501630190509
 30
-0.0000000000000015
 10
-1.289422285738388
 20
-95.33667663979523
 30
-0.0000000000000016
 10
-1.288815439135843
 20
-95.338319800748
 30
-0.0000000000000016
 10
-1.287904518994978
 20
-95.34013870178333
 30
-0.0000000000000016
 10
-1.286606092275197
 20
-95.34211738609649
 30
-0.0000000000000016
 10
-1.284842963805366
 20
-95.34422479076663
 30
-0.0000000000000016
 10
-1.282319316438367
 20
-95.34669542087126
 30
-0.0000000000000017
 10
-1.278812841096086
 20
-95.3494581895484
 30
-0.0000000000000017
 10
-1.2741490290912
 20
-95.35243684679968
 30
-0.0000000000000017
 10
-1.268688182091769
 20
-95.35534966206419
 30
-0.0000000000000018
 10
-1.258096786981967
 20
-95.36016259173887
 30
-0.0000000000000019
 10
-1.240417088503916
 20
-95.3661758477924
 30
-0.000000000000002
 10
-1.214015095824503
 20
-95.37292122548476
 30
-0.0000000000000023
 10
-1.194397826471909
 20
-95.37658949570519
 30
-0.0000000000000024
 10
-1.183690880835622
 20
-95.37859160767725
 30
-0.0000000000000025
  0
SPLINE
  5
66F
330
1F
100
AcDbEntity
  8
Hidden
370
    -3
100
AcDbSpline
210
0.0
220
0.0
230
1.0
 70
     8
 71
     3
 72
    18
 73
    14
 74
     0
 42
0.0000000001
 43
0.00000001
 40
0.0
 40
0.0
 40
0.0
 40
0.0
 40
0.4987835582139556
 40
0.6236520621507678
 40
0.7485705790908251
 40
0.8110705339091361
 40
0.8737198363517519
 40
0.8946197712882504
 40
0.9156006054092001
 40
0.936631969020682
 40
0.9576654326903573
 40
0.9787741718425703
 40
1.0
 40
1.0
 40
1.0
 40
1.0
 10
-1.183690880835596
 20
-94.77608193968524
 30
0.0000000000000002
 10
-1.203352589066555
 20
-94.77988444860425
 30
0.0000000000000003
 10
-1.227936528696708
 20
-94.78463890069
 30
0.0000000000000005
 10
-1.256372134215701
 20
-94.79423233532779
 30
0.0000000000000006
 10
-1.267925806037395
 20
-94.79910905374878
 30
0.0000000000000007
 10
-1.276678478542617
 20
-94.80399991145828
 30
0.0000000000000007
 10
-1.281478943413481
 20
-94.80739155691994
 30
0.0000000000000008
 10
-1.284552214528452
 20
-94.81024200015383
 30
0.0000000000000008
 10
-1.286258856696413
 20
-94.81210086885052
 30
0.0000000000000008
 10
-1.287766568664356
 20
-94.81413671149446
 30
0.0000000000000008
 10
-1.28897550516918
 20
-94.81636656818968
 30
0.0000000000000008
 10
-1.289830537647483
 20
-94.81878534155523
 30
0.0000000000000008
 10
-1.289943408490113
 20
-94.82048472958265
 30
0.0000000000000008
 10
-1.290000000000595
 20
-94.82133677368125
 30
0.0000000000000008
  0
LINE
  5
670
330
1F
100
AcDbEntity
  8
Hidden
370
    -3
100
AcDbLine
 10
-1.284485791107613
 20
-94.75830907748635
 30
0.000000000000001
 11
-1.183690880835622
 21
-94.77608193968543
 31
0.0000000000000002
  0
SPLINE
  5
671
330
1F
100
AcDbEntity
  8
Hidden
370
    -3
100
AcDbSpline
210
0.0
220
0.0
230
1.0
 70
     8
 71
     3
 72
     9
 73
     5
 74
     0
 42
0.0000000001
 43
0.00000001
 40
0.0
 40
0.0
 40
0.0
 40
0.0
 40
0.5599484714455515
 40
1.0
 40
1.0
 40
1.0
 40
1.0
 10
-1.284485791107596
 20
-94.75830907748625
 30
0.000000000000001
 10
-1.286549389762915
 20
-94.75799712012935
 30
0.000000000000001
 10
-1.290234726468973
 20
-94.7574400021573
 30
0.000000000000001
 10
-1.293959973719679
 20
-94.7573683182807
 30
0.0000000000000011
 10
-1.295599274466596
 20
-94.75733677368126
 30
0.0000000000000011
  0
LINE
  5
672
330
1F
100
AcDbEntity
  8
Hidden
370
    -3
100
AcDbLine
 10
-1.183690880835622
 20
-95.37859160767711
 30
-0.0000000000000025
 11
-1.284485791095633
 21
-95.39636446987406
 31
-0.0000000000000019
  0
SPLINE
  5
673
330
1F
100
AcDbEntity
  8
Hidden
370
    -3
100
AcDbSpline
210
0.0
220
0.0
230
1.0
 70
     8
 71
     3
 72
     9
 73
     5
 74
     0
 42
0.0000000001
 43
0.00000001
 40
0.0
 40
0.0
 40
0.0
 40
0.0
 40
0.559948471121361
 40
1.0
 40
1.0
 40
1.0
 40
1.0
 10
-1.284485791095597
 20
-95.39636446987424
 30
-0.0000000000000019
 10
-1.286549389751923
 20
-95.39667642723161
 30
-0.0000000000000018
 10
-1.290234726461913
 20
-95.3972335452049
 30
-0.0000000000000018
 10
-1.293959973716683
 20
-95.39730522908167
 30
-0.0000000000000018
 10
-1.295599274466596
 20
-95.39733677368126
 30
-0.0000000000000018
  0
LINE
  5
674
330
1F
100
AcDbEntity
  8
Hidden
370
    -3
100
AcDbLine
 10
-1.284485791107599
 20
-95.39636446987625
 30
-0.0000000000000019
 11
-1.287715569793767
 21
-95.3968493489032
 31
-0.0000000000000018
  0
SPLINE
  5
675
330
1F
100
AcDbEntity
  8
Hidden
370
    -3
100
AcDbSpline
210
0.0
220
0.0
230
1.0
 70
     8
 71
     3
 72
    10
 73
     6
 74
     0
 42
0.0000000001
 43
0.00000001
 40
0.0
 40
0.0
 40
0.0
 40
0.0
 40
0.3289848407731261
 40
0.6776755780538374
 40
1.0
 40
1.0
 40
1.0
 40
1.0
 10
-9.080178724557468
 20
-97.87333677368193
 30
0.0000000000000017
 10
-9.08039303959974
 20
-97.87723598813713
 30
0.0000000000000017
 10
-9.080834506962837
 20
-97.88526797649156
 30
0.0000000000000016
 10
-9.084150200421833
 20
-97.89679459635263
 30
0.0000000000000016
 10
-9.087984592596156
 20
-97.90377486937567
 30
0.0000000000000016
 10
-9.089826455964083
 20
-97.9071278673463
 30
0.0000000000000016
  0
SPLINE
  5
676
330
1F
100
AcDbEntity
  8
Hidden
370
    -3
100
AcDbSpline
210
0.0
220
0.0
230
1.0
 70
     8
 71
     3
 72
     9
 73
     5
 74
     0
 42
0.0000000001
 43
0.00000001
 40
0.0
 40
0.0
 40
0.0
 40
0.0
 40
0.2706419936001186
 40
1.0
 40
1.0
 40
1.0
 40
1.0
 10
-9.095659656483047
 20
-97.91507297323437
 30
0.0000000000000016
 10
-9.09672715828334
 20
-97.91626773604584
 30
0.0000000000000016
 10
-9.100671490003972
 20
-97.92068228677965
 30
0.0000000000000016
 10
-9.105456796937341
 20
-97.92420050166999
 30
0.0000000000000016
 10
-9.108946998862274
 20
-97.92676653986851
 30
0.0000000000000016
  0
SPLINE
  5
677
330
1F
100
AcDbEntity
  8
Hidden
370
    -3
100
AcDbSpline
210
0.0
220
0.0
230
1.0
 70
     8
 71
     3
 72
    11
 73
     7
 74
     0
 42
0.0000000001
 43
0.00000001
 40
0.0
 40
0.0
 40
0.0
 40
0.0
 40
0.0097381637100155
 40
0.5099563374442804
 40
0.9902074710172769
 40
1.0
 40
1.0
 40
1.0
 40
1.0
 10
-9.108946998862276
 20
-97.92676653986854
 30
0.0000000000000016
 10
-9.109016998930125
 20
-97.92681256800958
 30
0.0000000000000016
 10
-9.112682677520517
 20
-97.92922291383434
 30
0.0000000000000017
 10
-9.120307093074384
 20
-97.93316895115579
 30
0.0000000000000017
 10
-9.12855094041128
 20
-97.93554253543076
 30
0.0000000000000017
 10
-9.13269840715335
 20
-97.93629870539354
 30
0.0000000000000018
 10
-9.132781285866777
 20
-97.93631381591703
 30
0.0000000000000018
  0
LINE
  5
678
330
1F
100
AcDbEntity
  8
Hidden
370
    -3
100
AcDbLine
 10
-9.132781285866777
 20
-97.93631381591703
 30
0.0000000000000018
 11
-9.144178182086085
 21
-97.93733677368127
 31
0.0000000000000019
  0
LINE
  5
679
330
1F
100
AcDbEntity
  8
Hidden
370
    -3
100
AcDbLine
 10
-9.656254563355782
 20
-97.29733677368127
 30
-0.0000000000000055
 11
-9.66683190820437
 21
-97.2982168608784
 31
-0.0000000000000054
  0
SPLINE
  5
67A
330
1F
100
AcDbEntity
  8
Hidden
370
    -3
100
AcDbSpline
210
0.0
220
0.0
230
1.0
 70
     8
 71
     3
 72
    10
 73
     6
 74
     0
 42
0.0000000001
 43
0.00000001
 40
0.0
 40
0.0
 40
0.0
 40
0.0
 40
0.0469539167097929
 40
0.5833848187266663
 40
1.0
 40
1.0
 40
1.0
 40
1.0
 10
-9.66683190820437
 20
-97.2982168608784
 30
-0.0000000000000054
 10
-9.667188174500957
 20
-97.29827868952682
 30
-0.0000000000000054
 10
-9.671614649722112
 20
-97.29904688731251
 30
-0.0000000000000054
 10
-9.679117095856611
 20
-97.3011266358289
 30
-0.0000000000000053
 10
-9.685626400885639
 20
-97.30454334293154
 30
-0.0000000000000053
 10
-9.6884718826962
 20
-97.30603692448426
 30
-0.0000000000000053
  0
SPLINE
  5
67B
330
1F
100
AcDbEntity
  8
Hidden
370
    -3
100
AcDbSpline
210
0.0
220
0.0
230
1.0
 70
     8
 71
     3
 72
    11
 73
     7
 74
     0
 42
0.0000000001
 43
0.00000001
 40
0.0
 40
0.0
 40
0.0
 40
0.0
 40
0.0994911661027147
 40
0.497424744495356
 40
0.8953573555726064
 40
1.0
 40
1.0
 40
1.0
 40
1.0
 10
-9.6884718826962
 20
-97.30603692448426
 30
-0.0000000000000053
 10
-9.689412415105828
 20
-97.30660529310852
 30
-0.0000000000000053
 10
-9.694114783284583
 20
-97.30944695864287
 30
-0.0000000000000052
 10
-9.701813580561044
 20
-97.31577813139339
 30
-0.0000000000000052
 10
-9.708182594660386
 20
-97.32352071189001
 30
-0.0000000000000052
 10
-9.71104489443609
 20
-97.32827720073003
 30
-0.0000000000000052
 10
-9.711640862133256
 20
-97.3292675629991
 30
-0.0000000000000052
  0
SPLINE
  5
67C
330
1F
100
AcDbEntity
  8
Hidden
370
    -3
100
AcDbSpline
210
0.0
220
0.0
230
1.0
 70
     8
 71
     3
 72
    10
 73
     6
 74
     0
 42
0.0000000001
 43
0.00000001
 40
0.0
 40
0.0
 40
0.0
 40
0.0
 40
0.3366138147293353
 40
0.6933995756444562
 40
1.0
 40
1.0
 40
1.0
 40
1.0
 10
-9.72026432463021
 20
-97.87333677367171
 30
0.0000000000000063
 10
-9.720049759531284
 20
-97.87723619664473
 30
0.0000000000000063
 10
-9.719607771288283
 20
-97.88526871972145
 30
0.0000000000000062
 10
-9.716361040540592
 20
-97.89653088886487
 30
0.0000000000000062
 10
-9.712718402374408
 20
-97.90330630711742
 30
0.0000000000000061
 10
-9.711034866551199
 20
-97.90643773517176
 30
0.0000000000000061
  0
SPLINE
  5
67D
330
1F
100
AcDbEntity
  8
Hidden
370
    -3
100
AcDbSpline
210
0.0
220
0.0
230
1.0
 70
     8
 71
     3
 72
    10
 73
     6
 74
     0
 42
0.0000000001
 43
0.00000001
 40
0.0
 40
0.0
 40
0.0
 40
0.0
 40
0.1070119696841657
 40
0.7289489661964995
 40
1.0
 40
1.0
 40
1.0
 40
1.0
 10
-9.711034866551199
 20
-97.90643773517176
 30
0.0000000000000061
 10
-9.710636225461265
 20
-97.90708017311071
 30
0.0000000000000061
 10
-9.707920744088018
 20
-97.91145636086628
 30
0.000000000000006
 10
-9.703439446648684
 20
-97.91702367536578
 30
0.000000000000006
 10
-9.698707196419553
 20
-97.92120036047638
 30
0.0000000000000059
 10
-9.69727080391117
 20
-97.92246812082551
 30
0.0000000000000059
  0
LINE
  5
67E
330
1F
100
AcDbEntity
  8
Hidden
370
    -3
100
AcDbLine
 10
-9.66683211151844
 20
-97.9364566864849
 30
0.0000000000000056
 11
-9.656254643625577
 21
-97.93733677368127
 31
0.0000000000000055
  0
SPLINE
  5
67F
330
1F
100
AcDbEntity
  8
Hidden
370
    -3
100
AcDbSpline
210
0.0
220
0.0
230
1.0
 70
    24
 71
     3
 72
     9
 73
     5
 74
     0
 42
0.0000000001
 43
0.00000001
 40
0.0
 40
0.0
 40
0.0
 40
0.0
 40
0.2373523009803874
 40
1.0
 40
1.0
 40
1.0
 40
1.0
 10
-9.65600000000055
 20
-97.9373367736813
 30
0.0000000000000055
 10
-9.656006655256714
 20
-97.9373367736813
 30
0.0000000000000055
 10
-9.656034694825479
 20
-97.93733677368121
 30
0.0000000000000055
 10
-9.65606273439425
 20
-97.93733677368125
 30
0.0000000000000055
 10
-9.656084118706854
 20
-97.93733677368127
 30
0.0000000000000055
  0
LINE
  5
680
330
1F
100
AcDbEntity
  8
Hidden
370
    -3
100
AcDbLine
 10
-9.144178165545586
 20
-97.29733677368127
 30
-0.0000000000000092
 11
-9.140937635239382
 21
-97.29741886764373
 31
-0.0000000000000092
  0
LINE
  5
681
330
1F
100
AcDbEntity
  8
Hidden
370
    -3
100
AcDbLine
 10
-9.140937635239382
 20
-97.29741886764373
 30
-0.0000000000000092
 11
-9.132781297985282
 21
-97.29835972625561
 31
-0.0000000000000092
  0
SPLINE
  5
682
330
1F
100
AcDbEntity
  8
Hidden
370
    -3
100
AcDbSpline
210
0.0
220
0.0
230
1.0
 70
     8
 71
     3
 72
    10
 73
     6
 74
     0
 42
0.0000000001
 43
0.00000001
 40
0.0
 40
0.0
 40
0.0
 40
0.0
 40
0.0100806309019681
 40
0.5044040254671665
 40
1.0
 40
1.0
 40
1.0
 40
1.0
 10
-9.132781297985282
 20
-97.29835972625561
 30
-0.0000000000000092
 10
-9.132698414171331
 20
-97.2983748450015
 30
-0.0000000000000092
 10
-9.128551160908088
 20
-97.2991313409358
 30
-0.0000000000000093
 10
-9.120397233349642
 20
-97.30136380917769
 30
-0.0000000000000093
 10
-9.113178640089119
 20
-97.3054560259641
 30
-0.0000000000000094
 10
-9.109564703567235
 20
-97.30750476470948
 30
-0.0000000000000095
  0
SPLINE
  5
683
330
1F
100
AcDbEntity
  8
Hidden
370
    -3
100
AcDbSpline
210
0.0
220
0.0
230
1.0
 70
     8
 71
     3
 72
    13
 73
     9
 74
     0
 42
0.0000000001
 43
0.00000001
 40
0.0
 40
0.0
 40
0.0
 40
0.0
 40
0.007608102674274
 40
0.2140824205706559
 40
0.4205570870171034
 40
0.6227413899390144
 40
0.8168557820654707
 40
1.0
 40
1.0
 40
1.0
 40
1.0
 10
-9.109564703567235
 20
-97.30750476470948
 30
-0.0000000000000095
 10
-9.109428717470568
 20
-97.30759268411633
 30
-0.0000000000000095
 10
-9.105602240097099
 20
-97.31006662541789
 30
-0.0000000000000095
 10
-9.098602179883144
 20
-97.3157634731813
 30
-0.0000000000000096
 10
-9.090279442662952
 20
-97.32599363756101
 30
-0.0000000000000097
 10
-9.084374660997975
 20
-97.33746483798299
 30
-0.0000000000000098
 10
-9.080814059558879
 20
-97.34939250917644
 30
-0.0000000000000099
 10
-9.080386346025705
 20
-97.3574332905591
 30
-0.0000000000000099
 10
-9.080178707926947
 20
-97.3613367736835
 30
-0.0000000000000099
  0
SPLINE
  5
684
330
1F
100
AcDbEntity
  8
Hidden
370
    -3
100
AcDbSpline
210
0.0
220
0.0
230
1.0
 70
    24
 71
     3
 72
     9
 73
     5
 74
     0
 42
0.0000000001
 43
0.00000001
 40
0.0
 40
0.0
 40
0.0
 40
0.0
 40
0.237226171037023
 40
1.0
 40
1.0
 40
1.0
 40
1.0
 10
-9.144000000000549
 20
-97.2973367736813
 30
-0.0000000000000092
 10
-9.144004499799685
 20
-97.29733677368128
 30
-0.0000000000000092
 10
-9.144023468192241
 20
-97.29733677368127
 30
-0.0000000000000092
 10
-9.144042436584796
 20
-97.29733677368128
 30
-0.0000000000000092
 10
-9.14405690517821
 20
-97.29733677368127
 30
-0.0000000000000092
  0
LINE
  5
685
330
1F
100
AcDbEntity
  8
Hidden
370
    -3
100
AcDbLine
 10
-9.102151375009178
 20
-97.87333677368127
 30
0.0000000000000018
 11
-9.719999998470211
 21
-97.87333677368127
 31
0.0000000000000063
  0
LINE
  5
686
330
1F
100
AcDbEntity
  8
Hidden
370
    -3
100
AcDbLine
 10
-9.700939368614474
 20
-97.36133677368126
 30
-0.0000000000000054
 11
-9.102151023600646
 21
-97.36133677368126
 31
-0.0000000000000097
  0
LINE
  5
687
330
1F
100
AcDbEntity
  8
Hidden
370
    -3
100
AcDbLine
 10
-1.290000000000596
 20
-97.36133677368124
 30
-0.0000000000000106
 11
-1.999999999999887
 21
-97.36133677368124
 31
-0.0000000000000055
  0
LINE
  5
688
330
1F
100
AcDbEntity
  8
Hidden
370
    -3
100
AcDbLine
 10
-1.999999999999887
 20
-97.36133677368124
 30
-0.0000000000000055
 11
-3.599999999999183
 21
-97.36133677368124
 31
-0.0000000000000078
  0
LINE
  5
689
330
1F
100
AcDbEntity
  8
Hidden
370
    -3
100
AcDbLine
 10
-3.599999999999183
 20
-97.36133677368124
 30
-0.0000000000000078
 11
-4.626097625754334
 21
-97.36133677368124
 31
-0.0000000000000004
  0
LINE
  5
68A
330
1F
100
AcDbEntity
  8
Hidden
370
    -3
100
AcDbLine
 10
-4.626097625754334
 20
-97.36133677368124
 30
-0.0000000000000004
 11
-5.570060786205731
 21
-97.36133677368124
 31
-0.0000000000000075
  0
LINE
  5
68B
330
1F
100
AcDbEntity
  8
Hidden
370
    -3
100
AcDbLine
 10
-5.570060786205731
 20
-97.36133677368124
 30
-0.0000000000000075
 11
-6.367999076129454
 21
-97.36133677368124
 31
-0.0000000000000017
  0
LINE
  5
68C
330
1F
100
AcDbEntity
  8
Hidden
370
    -3
100
AcDbLine
 10
-6.367999076128742
 20
-97.87333677368126
 30
0.0000000000000099
 11
-3.599999999999185
 21
-97.87333677368126
 31
0.0000000000000038
  0
LINE
  5
68D
330
1F
100
AcDbEntity
  8
Hidden
370
    -3
100
AcDbLine
 10
-3.599999999999185
 20
-97.87333677368126
 30
0.0000000000000038
 11
-1.999999999999884
 21
-97.87333677368126
 31
0.0000000000000061
  0
LINE
  5
68E
330
1F
100
AcDbEntity
  8
Hidden
370
    -3
100
AcDbLine
 10
-1.999999999999884
 20
-97.87333677368126
 30
0.0000000000000061
 11
-1.290000000000596
 21
-97.87333677368126
 31
0.000000000000001
  0
LINE
  5
68F
330
1F
100
AcDbEntity
  8
Hidden
370
    -3
100
AcDbLine
 10
-6.367999076222989
 20
-97.29733677368125
 30
-0.0000000000000014
 11
-5.597878303916136
 21
-97.29733677368125
 31
-0.000000000000007
  0
LINE
  5
690
330
1F
100
AcDbEntity
  8
Hidden
370
    -3
100
AcDbLine
 10
-5.597878303916136
 20
-97.29733677368125
 30
-0.000000000000007
 11
-4.598032330648443
 21
-97.29733677368125
 31
-0.0000000000000003
  0
LINE
  5
691
330
1F
100
AcDbEntity
  8
Hidden
370
    -3
100
AcDbLine
 10
-4.598032330648443
 20
-97.29733677368125
 30
-0.0000000000000003
 11
-3.600000000000693
 21
-97.29733677368128
 31
-0.0000000000000075
  0
LINE
  5
692
330
1F
100
AcDbEntity
  8
Hidden
370
    -3
100
AcDbLine
 10
-3.600000000000692
 20
-97.29733677368125
 30
-0.0000000000000075
 11
-2.000000000000586
 21
-97.29733677368125
 31
-0.0000000000000052
  0
LINE
  5
693
330
1F
100
AcDbEntity
  8
Hidden
370
    -3
100
AcDbLine
 10
-2.000000000000586
 20
-97.29733677368125
 30
-0.0000000000000052
 11
-1.295599274466596
 21
-97.29733677368125
 31
-0.0000000000000103
  0
LINE
  5
694
330
1F
100
AcDbEntity
  8
Hidden
370
    -3
100
AcDbLine
 10
-1.295599274466596
 20
-97.93733677368127
 30
0.0000000000000007
 11
-2.000000000000523
 21
-97.93733677368127
 31
0.0000000000000058
  0
LINE
  5
695
330
1F
100
AcDbEntity
  8
Hidden
370
    -3
100
AcDbLine
 10
-2.000000000000523
 20
-97.93733677368127
 30
0.0000000000000058
 11
-3.600000000000677
 21
-97.93733677368127
 31
0.0000000000000035
  0
LINE
  5
696
330
1F
100
AcDbEntity
  8
Hidden
370
    -3
100
AcDbLine
 10
-3.600000000000678
 20
-97.9373367736813
 30
0.0000000000000035
 11
-6.367999077376991
 21
-97.93733677368127
 31
0.0000000000000096
  0
SPLINE
  5
697
330
1F
100
AcDbEntity
  8
Hidden
370
    -3
100
AcDbSpline
210
0.0
220
0.0
230
1.0
 70
     8
 71
     3
 72
    21
 73
    17
 74
     0
 42
0.0000000001
 43
0.00000001
 40
0.0
 40
0.0
 40
0.0
 40
0.0
 40
0.0139516069088294
 40
0.0280691743170416
 40
0.0425469392803585
 40
0.0575651695942649
 40
0.0787007564851682
 40
0.1014098589891488
 40
0.1259562205285672
 40
0.1666536083794042
 40
0.2124765195055323
 40
0.2637938314402775
 40
0.3208679879235375
 40
0.5024342265747037
 40
0.7284326584506035
 40
1.0
 40
1.0
 40
1.0
 40
1.0
 10
-1.290000000000595
 20
-97.87333677368126
 30
0.000000000000001
 10
-1.289947091618268
 20
-97.8738944053313
 30
0.000000000000001
 10
-1.289840645485139
 20
-97.8750163019051
 30
0.0000000000000009
 10
-1.289422285738387
 20
-97.87667663979524
 30
0.0000000000000009
 10
-1.288815439135847
 20
-97.87831980074802
 30
0.0000000000000009
 10
-1.287904518994969
 20
-97.8801387017833
 30
0.0000000000000009
 10
-1.286606092275203
 20
-97.88211738609652
 30
0.0000000000000009
 10
-1.28484296380537
 20
-97.88422479076662
 30
0.0000000000000009
 10
-1.282319316438356
 20
-97.88669542087125
 30
0.0000000000000008
 10
-1.278812841096097
 20
-97.8894581895484
 30
0.0000000000000008
 10
-1.274149029091194
 20
-97.8924368467997
 30
0.0000000000000008
 10
-1.268688182091762
 20
-97.89534966206418
 30
0.0000000000000007
 10
-1.258096786981984
 20
-97.90016259173895
 30
0.0000000000000006
 10
-1.240417088503908
 20
-97.90617584779238
 30
0.0000000000000005
 10
-1.214015095824501
 20
-97.91292122548472
 30
0.0000000000000002
 10
-1.194397826471909
 20
-97.9165894957052
 30
0.0000000000000001
 10
-1.183690880835622
 20
-97.91859160767727
 30
0.0
  0
SPLINE
  5
698
330
1F
100
AcDbEntity
  8
Hidden
370
    -3
100
AcDbSpline
210
0.0
220
0.0
230
1.0
 70
     8
 71
     3
 72
    18
 73
    14
 74
     0
 42
0.0000000001
 43
0.00000001
 40
0.0
 40
0.0
 40
0.0
 40
0.0
 40
0.4987835582139638
 40
0.6236520621507406
 40
0.7485705790907999
 40
0.8110705339090551
 40
0.87371983635174
 40
0.8946197712881602
 40
0.9156006054091955
 40
0.9366319690205847
 40
0.9576654326903619
 40
0.9787741718426846
 40
1.0
 40
1.0
 40
1.0
 40
1.0
 10
-1.183690880835596
 20
-97.31608193968529
 30
-0.0000000000000112
 10
-1.203352589066551
 20
-97.31988444860424
 30
-0.0000000000000111
 10
-1.227936528696696
 20
-97.32463890068996
 30
-0.0000000000000109
 10
-1.256372134215707
 20
-97.3342323353278
 30
-0.0000000000000107
 10
-1.267925806037383
 20
-97.33910905374877
 30
-0.0000000000000107
 10
-1.27667847854263
 20
-97.34399991145824
 30
-0.0000000000000106
 10
-1.281478943413465
 20
-97.34739155691997
 30
-0.0000000000000106
 10
-1.284552214528463
 20
-97.35024200015383
 30
-0.0000000000000106
 10
-1.286258856696402
 20
-97.35210086885053
 30
-0.0000000000000106
 10
-1.287766568664366
 20
-97.35413671149445
 30
-0.0000000000000106
 10
-1.288975505169179
 20
-97.35636656818969
 30
-0.0000000000000106
 10
-1.28983053764748
 20
-97.35878534155522
 30
-0.0000000000000106
 10
-1.289943408490112
 20
-97.36048472958264
 30
-0.0000000000000106
 10
-1.290000000000595
 20
-97.36133677368124
 30
-0.0000000000000106
  0
LINE
  5
699
330
1F
100
AcDbEntity
  8
Hidden
370
    -3
100
AcDbLine
 10
-1.284485791107613
 20
-97.29830907748635
 30
-0.0000000000000104
 11
-1.183690880835622
 21
-97.3160819396854
 31
-0.0000000000000112
  0
SPLINE
  5
69A
330
1F
100
AcDbEntity
  8
Hidden
370
    -3
100
AcDbSpline
210
0.0
220
0.0
230
1.0
 70
     8
 71
     3
 72
     9
 73
     5
 74
     0
 42
0.0000000001
 43
0.00000001
 40
0.0
 40
0.0
 40
0.0
 40
0.0
 40
0.5599484714455515
 40
1.0
 40
1.0
 40
1.0
 40
1.0
 10
-1.284485791107596
 20
-97.29830907748625
 30
-0.0000000000000104
 10
-1.286549389762915
 20
-97.29799712012937
 30
-0.0000000000000104
 10
-1.290234726468973
 20
-97.29744000215729
 30
-0.0000000000000103
 10
-1.293959973719679
 20
-97.29736831828072
 30
-0.0000000000000103
 10
-1.295599274466596
 20
-97.29733677368125
 30
-0.0000000000000103
  0
LINE
  5
69B
330
1F
100
AcDbEntity
  8
Hidden
370
    -3
100
AcDbLine
 10
-1.183690880835622
 20
-97.9185916076771
 30
0.0
 11
-1.284485791095633
 21
-97.93636446987405
 31
0.0000000000000006
  0
SPLINE
  5
69C
330
1F
100
AcDbEntity
  8
Hidden
370
    -3
100
AcDbSpline
210
0.0
220
0.0
230
1.0
 70
     8
 71
     3
 72
     9
 73
     5
 74
     0
 42
0.0000000001
 43
0.00000001
 40
0.0
 40
0.0
 40
0.0
 40
0.0
 40
0.5599484711213343
 40
1.0
 40
1.0
 40
1.0
 40
1.0
 10
-1.284485791095597
 20
-97.93636446987425
 30
0.0000000000000006
 10
-1.286549389751923
 20
-97.93667642723163
 30
0.0000000000000006
 10
-1.290234726461913
 20
-97.93723354520489
 30
0.0000000000000007
 10
-1.293959973716684
 20
-97.93730522908172
 30
0.0000000000000007
 10
-1.295599274466597
 20
-97.9373367736813
 30
0.0000000000000007
  0
LINE
  5
69D
330
1F
100
AcDbEntity
  8
Hidden
370
    -3
100
AcDbLine
 10
-1.284485791107599
 20
-97.93636446987625
 30
0.0000000000000006
 11
-1.287715569793767
 21
-97.93684934890321
 31
0.0000000000000007
  0
SPLINE
  5
69E
330
1F
100
AcDbEntity
  8
Hidden
370
    -3
100
AcDbSpline
210
0.0
220
0.0
230
1.0
 70
     8
 71
     3
 72
    10
 73
     6
 74
     0
 42
0.0000000001
 43
0.00000001
 40
0.0
 40
0.0
 40
0.0
 40
0.0
 40
0.3289848404870713
 40
0.6776755774775285
 40
1.0
 40
1.0
 40
1.0
 40
1.0
 10
-9.080178724557468
 20
-100.4133367736759
 30
-0.0000000000000097
 10
-9.080393039600004
 20
-100.417235988131
 30
-0.0000000000000097
 10
-9.080834506963662
 20
-100.4252679764854
 30
-0.0000000000000098
 10
-9.084150200425926
 20
-100.4367945963561
 30
-0.0000000000000098
 10
-9.08798459260767
 20
-100.4437748693867
 30
-0.0000000000000098
 10
-9.089826455981669
 20
-100.4471278673656
 30
-0.0000000000000098
  0
SPLINE
  5
69F
330
1F
100
AcDbEntity
  8
Hidden
370
    -3
100
AcDbSpline
210
0.0
220
0.0
230
1.0
 70
     8
 71
     3
 72
     9
 73
     5
 74
     0
 42
0.0000000001
 43
0.00000001
 40
0.0
 40
0.0
 40
0.0
 40
0.0
 40
0.270641999980941
 40
1.0
 40
1.0
 40
1.0
 40
1.0
 10
-9.095659656374533
 20
-100.4550729731002
 30
-0.0000000000000098
 10
-9.096727158210268
 20
-100.4562677359561
 30
-0.0000000000000098
 10
-9.10067148996886
 20
-100.4606822867503
 30
-0.0000000000000098
 10
-9.105456796960324
 20
-100.4642005016805
 30
-0.0000000000000098
 10
-9.108946998897096
 20
-100.4667665398857
 30
-0.0000000000000097
  0
SPLINE
  5
6A0
330
1F
100
AcDbEntity
  8
Hidden
370
    -3
100
AcDbSpline
210
0.0
220
0.0
230
1.0
 70
     8
 71
     3
 72
    11
 73
     7
 74
     0
 42
0.0000000001
 43
0.00000001
 40
0.0
 40
0.0
 40
0.0
 40
0.0
 40
0.0097381622193734
 40
0.5099563369575563
 40
0.9902074714793011
 40
1.0
 40
1.0
 40
1.0
 40
1.0
 10
-9.108946998897096
 20
-100.4667665398857
 30
-0.0000000000000097
 10
-9.10901699895411
 20
-100.4668125680196
 30
-0.0000000000000097
 10
-9.112682677534552
 20
-100.4692229138352
 30
-0.0000000000000097
 10
-9.12030709307627
 20
-100.4731689511533
 30
-0.0000000000000097
 10
-9.128550940409248
 20
-100.4755425354277
 30
-0.0000000000000096
 10
-9.132698407147018
 20
-100.4762987053906
 30
-0.0000000000000096
 10
-9.13278128585637
 20
-100.4763138159133
 30
-0.0000000000000096
  0
LINE
  5
6A1
330
1F
100
AcDbEntity
  8
Hidden
370
    -3
100
AcDbLine
 10
-9.13278128585637
 20
-100.4763138159133
 30
-0.0000000000000096
 11
-9.144178182087416
 21
-100.4773367736813
 31
-0.0000000000000095
  0
LINE
  5
6A2
330
1F
100
AcDbEntity
  8
Hidden
370
    -3
100
AcDbLine
 10
-9.656254563355782
 20
-99.83733677368126
 30
-0.000000000000003
 11
-9.666831908219388
 21
-99.83821686087971
 31
-0.0000000000000029
  0
SPLINE
  5
6A3
330
1F
100
AcDbEntity
  8
Hidden
370
    -3
100
AcDbSpline
210
0.0
220
0.0
230
1.0
 70
     8
 71
     3
 72
    10
 73
     6
 74
     0
 42
0.0000000001
 43
0.00000001
 40
0.0
 40
0.0
 40
0.0
 40
0.0
 40
0.0469539160552914
 40
0.5833848189686821
 40
1.0
 40
1.0
 40
1.0
 40
1.0
 10
-9.666831908219388
 20
-99.83821686087971
 30
-0.0000000000000029
 10
-9.667188174510354
 20
-99.83827868952716
 30
-0.0000000000000029
 10
-9.671614649725248
 20
-99.83904688731214
 30
-0.0000000000000029
 10
-9.679117095846266
 20
-99.8411266358238
 30
-0.0000000000000028
 10
-9.685626400868934
 20
-99.8445433429204
 30
-0.0000000000000028
 10
-9.688471882673111
 20
-99.8460369244686
 30
-0.0000000000000028
  0
SPLINE
  5
6A4
330
1F
100
AcDbEntity
  8
Hidden
370
    -3
100
AcDbSpline
210
0.0
220
0.0
230
1.0
 70
     8
 71
     3
 72
    11
 73
     7
 74
     0
 42
0.0000000001
 43
0.00000001
 40
0.0
 40
0.0
 40
0.0
 40
0.0
 40
0.0994911666680524
 40
0.4974247446809327
 40
0.8953573553925226
 40
1.0
 40
1.0
 40
1.0
 40
1.0
 10
-9.688471882673113
 20
-99.84603692446863
 30
-0.0000000000000028
 10
-9.689412415089077
 20
-99.84660529309627
 30
-0.0000000000000028
 10
-9.694114783274545
 20
-99.8494469586326
 30
-0.0000000000000027
 10
-9.70181358055637
 20
-99.85577813138713
 30
-0.0000000000000027
 10
-9.708182594657863
 20
-99.86352071188485
 30
-0.0000000000000027
 10
-9.711044894434945
 20
-99.86827720072735
 30
-0.0000000000000027
 10
-9.71164086213364
 20
-99.86926756299898
 30
-0.0000000000000027
  0
SPLINE
  5
6A5
330
1F
100
AcDbEntity
  8
Hidden
370
    -3
100
AcDbSpline
210
0.0
220
0.0
230
1.0
 70
     8
 71
     3
 72
    10
 73
     6
 74
     0
 42
0.0000000001
 43
0.00000001
 40
0.0
 40
0.0
 40
0.0
 40
0.0
 40
0.3366138138429828
 40
0.6933995738406649
 40
1.0
 40
1.0
 40
1.0
 40
1.0
 10
-9.72026432463021
 20
-100.4133367736539
 30
-0.0000000000000051
 10
-9.720049759530852
 20
-100.417236196627
 30
-0.0000000000000051
 10
-9.719607771286944
 20
-100.4252687197042
 30
-0.0000000000000051
 10
-9.716361040530575
 20
-100.4365308888778
 30
-0.0000000000000052
 10
-9.712718402342993
 20
-100.4433063071541
 30
-0.0000000000000053
 10
-9.711034866502239
 20
-100.4464377352337
 30
-0.0000000000000053
  0
SPLINE
  5
6A6
330
1F
100
AcDbEntity
  8
Hidden
370
    -3
100
AcDbSpline
210
0.0
220
0.0
230
1.0
 70
     8
 71
     3
 72
    10
 73
     6
 74
     0
 42
0.0000000001
 43
0.00000001
 40
0.0
 40
0.0
 40
0.0
 40
0.0
 40
0.1070119676245598
 40
0.7289489768298043
 40
1.0
 40
1.0
 40
1.0
 40
1.0
 10
-9.711034866502239
 20
-100.4464377352337
 30
-0.0000000000000053
 10
-9.71063622542748
 20
-100.4470801731469
 30
-0.0000000000000053
 10
-9.707920744065746
 20
-100.4514563608753
 30
-0.0000000000000053
 10
-9.703439446716981
 20
-100.4570236752611
 30
-0.0000000000000054
 10
-9.698707196589691
 20
-100.4612003603152
 30
-0.0000000000000055
 10
-9.697270804171884
 20
-100.4624681205946
 30
-0.0000000000000055
  0
LINE
  5
6A7
330
1F
100
AcDbEntity
  8
Hidden
370
    -3
100
AcDbLine
 10
-9.666832111486379
 20
-100.4764566864873
 30
-0.0000000000000058
 11
-9.656254643625578
 21
-100.4773367736813
 31
-0.0000000000000058
  0
SPLINE
  5
6A8
330
1F
100
AcDbEntity
  8
Hidden
370
    -3
100
AcDbSpline
210
0.0
220
0.0
230
1.0
 70
    24
 71
     3
 72
     9
 73
     5
 74
     0
 42
0.0000000001
 43
0.00000001
 40
0.0
 40
0.0
 40
0.0
 40
0.0
 40
0.2373523009803874
 40
1.0
 40
1.0
 40
1.0
 40
1.0
 10
-9.65600000000055
 20
-100.4773367736813
 30
-0.0000000000000058
 10
-9.656006655256714
 20
-100.4773367736813
 30
-0.0000000000000058
 10
-9.656034694825479
 20
-100.4773367736812
 30
-0.0000000000000058
 10
-9.65606273439425
 20
-100.4773367736812
 30
-0.0000000000000058
 10
-9.656084118706854
 20
-100.4773367736813
 30
-0.0000000000000058
  0
LINE
  5
6A9
330
1F
100
AcDbEntity
  8
Hidden
370
    -3
100
AcDbLine
 10
-9.144178165545586
 20
-99.83733677368127
 30
-0.0000000000000067
 11
-9.140937635239228
 21
-99.83741886764217
 31
-0.0000000000000067
  0
LINE
  5
6AA
330
1F
100
AcDbEntity
  8
Hidden
370
    -3
100
AcDbLine
 10
-9.140937635239228
 20
-99.83741886764217
 30
-0.0000000000000067
 11
-9.13278129801954
 21
-99.83835972624391
 31
-0.0000000000000068
  0
SPLINE
  5
6AB
330
1F
100
AcDbEntity
  8
Hidden
370
    -3
100
AcDbSpline
210
0.0
220
0.0
230
1.0
 70
     8
 71
     3
 72
    10
 73
     6
 74
     0
 42
0.0000000001
 43
0.00000001
 40
0.0
 40
0.0
 40
0.0
 40
0.0
 40
0.0100806323788283
 40
0.5044040297198605
 40
1.0
 40
1.0
 40
1.0
 40
1.0
 10
-9.13278129801954
 20
-99.83835972624391
 30
-0.0000000000000068
 10
-9.132698414193904
 20
-99.83837484499186
 30
-0.0000000000000068
 10
-9.1285511609187
 20
-99.83913134092491
 30
-0.0000000000000068
 10
-9.120397233406221
 20
-99.84136380915163
 30
-0.0000000000000069
 10
-9.113178640188577
 20
-99.84545602589137
 30
-0.0000000000000069
 10
-9.109564703713778
 20
-99.84750476459884
 30
-0.000000000000007
  0
SPLINE
  5
6AC
330
1F
100
AcDbEntity
  8
Hidden
370
    -3
100
AcDbSpline
210
0.0
220
0.0
230
1.0
 70
     8
 71
     3
 72
    13
 73
     9
 74
     0
 42
0.0000000001
 43
0.00000001
 40
0.0
 40
0.0
 40
0.0
 40
0.0
 40
0.0076081054147638
 40
0.2140824227202769
 40
0.4205570885791682
 40
0.6227413909375614
 40
0.8168557825407107
 40
1.0
 40
1.0
 40
1.0
 40
1.0
 10
-9.109564703713778
 20
-99.84750476459884
 30
-0.000000000000007
 10
-9.109428717567575
 20
-99.8475926840373
 30
-0.000000000000007
 10
-9.105602240140044
 20
-99.85006662536193
 30
-0.000000000000007
 10
-9.098602179881562
 20
-99.85576347316278
 30
-0.0000000000000071
 10
-9.090279442660746
 20
-99.86599363753925
 30
-0.0000000000000072
 10
-9.084374660996327
 20
-99.8774648379605
 30
-0.0000000000000073
 10
-9.080814059557962
 20
-99.88939250915412
 30
-0.0000000000000074
 10
-9.080386346025414
 20
-99.89743329053714
 30
-0.0000000000000074
 10
-9.080178707926951
 20
-99.90133677366197
 30
-0.0000000000000074
  0
SPLINE
  5
6AD
330
1F
100
AcDbEntity
  8
Hidden
370
    -3
100
AcDbSpline
210
0.0
220
0.0
230
1.0
 70
    24
 71
     3
 72
     9
 73
     5
 74
     0
 42
0.0000000001
 43
0.00000001
 40
0.0
 40
0.0
 40
0.0
 40
0.0
 40
0.2372261708277483
 40
1.0
 40
1.0
 40
1.0
 40
1.0
 10
-9.144000000000567
 20
-99.8373367736813
 30
-0.0000000000000067
 10
-9.144004499799697
 20
-99.83733677368129
 30
-0.0000000000000067
 10
-9.144023468192245
 20
-99.83733677368123
 30
-0.0000000000000067
 10
-9.14404243658479
 20
-99.83733677368123
 30
-0.0000000000000067
 10
-9.14405690517821
 20
-99.83733677368126
 30
-0.0000000000000067
  0
LINE
  5
6AE
330
1F
100
AcDbEntity
  8
Hidden
370
    -3
100
AcDbLine
 10
-9.10215137500918
 20
-100.4133367736813
 30
-0.0000000000000095
 11
-9.719999998470211
 21
-100.4133367736813
 31
-0.0000000000000051
  0
LINE
  5
6AF
330
1F
100
AcDbEntity
  8
Hidden
370
    -3
100
AcDbLine
 10
-9.700939368614474
 20
-99.90133677368127
 30
-0.0000000000000029
 11
-9.102151023600646
 21
-99.90133677368125
 31
-0.0000000000000073
  0
LINE
  5
6B0
330
1F
100
AcDbEntity
  8
Hidden
370
    -3
100
AcDbLine
 10
-1.290000000000596
 20
-99.90133677368124
 30
-0.0000000000000081
 11
-1.999999999999887
 21
-99.90133677368127
 31
-0.000000000000003
  0
LINE
  5
6B1
330
1F
100
AcDbEntity
  8
Hidden
370
    -3
100
AcDbLine
 10
-1.999999999999887
 20
-99.90133677368127
 30
-0.000000000000003
 11
-3.599999999999183
 21
-99.90133677368127
 31
-0.0000000000000053
  0
LINE
  5
6B2
330
1F
100
AcDbEntity
  8
Hidden
370
    -3
100
AcDbLine
 10
-3.599999999999183
 20
-99.90133677368127
 30
-0.0000000000000053
 11
-3.649999999999095
 21
-99.90133677368127
 31
-0.000000000000005
  0
LINE
  5
6B3
330
1F
100
AcDbEntity
  8
Hidden
370
    -3
100
AcDbLine
 10
-3.649999999999095
 20
-99.90133677368127
 30
-0.000000000000005
 11
-4.249999999999581
 21
-99.90133677368127
 31
-0.0000000000000006
  0
LINE
  5
6B4
330
1F
100
AcDbEntity
  8
Hidden
370
    -3
100
AcDbLine
 10
-4.249999999999581
 20
-99.90133677368127
 30
-0.0000000000000006
 11
-6.15000000000137
 21
-99.90133677368127
 31
-0.0000000000000008
  0
LINE
  5
6B5
330
1F
100
AcDbEntity
  8
Hidden
370
    -3
100
AcDbLine
 10
-6.15000000000137
 20
-99.90133677368127
 30
-0.0000000000000008
 11
-6.367999076129454
 21
-99.90133677368127
 31
0.0000000000000008
  0
LINE
  5
6B6
330
1F
100
AcDbEntity
  8
Hidden
370
    -3
100
AcDbLine
 10
-6.367999076128742
 20
-100.4133367736813
 30
-0.0000000000000015
 11
-6.15000000000061
 21
-100.4133367736813
 31
-0.0000000000000031
  0
LINE
  5
6B7
330
1F
100
AcDbEntity
  8
Hidden
370
    -3
100
AcDbLine
 10
-6.15000000000061
 20
-100.4133367736813
 30
-0.0000000000000031
 11
-5.562250347326351
 21
-100.4133367736813
 31
-0.0000000000000073
  0
LINE
  5
6B8
330
1F
100
AcDbEntity
  8
Hidden
370
    -3
100
AcDbLine
 10
-5.562250347326351
 20
-100.4133367736813
 30
-0.0000000000000073
 11
-4.633860895635825
 21
-100.4133367736813
 31
-0.0000000000000002
  0
LINE
  5
6B9
330
1F
100
AcDbEntity
  8
Hidden
370
    -3
100
AcDbLine
 10
-4.633860895635824
 20
-100.4133367736813
 30
-0.0000000000000002
 11
-4.249999999999586
 21
-100.4133367736813
 31
-0.0000000000000029
  0
LINE
  5
6BA
330
1F
100
AcDbEntity
  8
Hidden
370
    -3
100
AcDbLine
 10
-4.249999999999586
 20
-100.4133367736813
 30
-0.0000000000000029
 11
-3.649999999999094
 21
-100.4133367736813
 31
-0.0000000000000073
  0
LINE
  5
6BB
330
1F
100
AcDbEntity
  8
Hidden
370
    -3
100
AcDbLine
 10
-3.649999999999094
 20
-100.4133367736813
 30
-0.0000000000000073
 11
-3.599999999999185
 21
-100.4133367736813
 31
-0.0000000000000076
  0
LINE
  5
6BC
330
1F
100
AcDbEntity
  8
Hidden
370
    -3
100
AcDbLine
 10
-3.599999999999185
 20
-100.4133367736813
 30
-0.0000000000000076
 11
-1.999999999999884
 21
-100.4133367736813
 31
-0.0000000000000053
  0
LINE
  5
6BD
330
1F
100
AcDbEntity
  8
Hidden
370
    -3
100
AcDbLine
 10
-1.999999999999884
 20
-100.4133367736813
 30
-0.0000000000000053
 11
-1.290000000000596
 21
-100.4133367736813
 31
-0.0000000000000104
  0
LINE
  5
6BE
330
1F
100
AcDbEntity
  8
Hidden
370
    -3
100
AcDbLine
 10
-1.295599274466596
 20
-100.4773367736813
 30
-0.0000000000000107
 11
-2.000000000000523
 21
-100.4773367736813
 31
-0.0000000000000056
  0
LINE
  5
6BF
330
1F
100
AcDbEntity
  8
Hidden
370
    -3
100
AcDbLine
 10
-2.000000000000523
 20
-100.4773367736813
 30
-0.0000000000000056
 11
-3.600000000000677
 21
-100.4773367736813
 31
-0.0000000000000079
  0
LINE
  5
6C0
330
1F
100
AcDbEntity
  8
Hidden
370
    -3
100
AcDbLine
 10
-3.600000000000677
 20
-100.4773367736813
 30
-0.0000000000000079
 11
-3.650000000000585
 21
-100.4773367736813
 31
-0.0000000000000076
  0
LINE
  5
6C1
330
1F
100
AcDbEntity
  8
Hidden
370
    -3
100
AcDbLine
 10
-3.650000000000585
 20
-100.4773367736813
 30
-0.0000000000000076
 11
-4.249999998347893
 21
-100.4773367736813
 31
-0.0000000000000032
  0
LINE
  5
6C2
330
1F
100
AcDbEntity
  8
Hidden
370
    -3
100
AcDbLine
 10
-4.249999998347893
 20
-100.4773367736813
 30
-0.0000000000000032
 11
-4.603066774697068
 21
-100.4773367736813
 31
-0.0000000000000007
  0
LINE
  5
6C3
330
1F
100
AcDbEntity
  8
Hidden
370
    -3
100
AcDbLine
 10
-4.603066774697068
 20
-100.4773367736813
 30
-0.0000000000000007
 11
-5.593257070547517
 21
-100.4773367736813
 31
-0.0000000000000074
  0
LINE
  5
6C4
330
1F
100
AcDbEntity
  8
Hidden
370
    -3
100
AcDbLine
 10
-5.593257070547517
 20
-100.4773367736813
 30
-0.0000000000000074
 11
-6.150000001282699
 21
-100.4773367736813
 31
-0.0000000000000034
  0
LINE
  5
6C5
330
1F
100
AcDbEntity
  8
Hidden
370
    -3
100
AcDbLine
 10
-6.150000001282699
 20
-100.4773367736813
 30
-0.0000000000000034
 11
-6.367999077376991
 21
-100.4773367736813
 31
-0.0000000000000018
  0
LINE
  5
6C6
330
1F
100
AcDbEntity
  8
Hidden
370
    -3
100
AcDbLine
 10
-6.367999076222989
 20
-99.83733677368126
 30
0.0000000000000011
 11
-6.15000000003737
 21
-99.83733677368126
 31
-0.0000000000000005
  0
LINE
  5
6C7
330
1F
100
AcDbEntity
  8
Hidden
370
    -3
100
AcDbLine
 10
-6.15000000003737
 20
-99.83733677368126
 30
-0.0000000000000005
 11
-4.250000000000602
 21
-99.83733677368126
 31
-0.0000000000000004
  0
LINE
  5
6C8
330
1F
100
AcDbEntity
  8
Hidden
370
    -3
100
AcDbLine
 10
-4.250000000000602
 20
-99.83733677368126
 30
-0.0000000000000004
 11
-3.65000000000059
 21
-99.83733677368126
 31
-0.0000000000000047
  0
LINE
  5
6C9
330
1F
100
AcDbEntity
  8
Hidden
370
    -3
100
AcDbLine
 10
-3.65000000000059
 20
-99.83733677368126
 30
-0.0000000000000047
 11
-3.600000000000692
 21
-99.83733677368126
 31
-0.000000000000005
  0
LINE
  5
6CA
330
1F
100
AcDbEntity
  8
Hidden
370
    -3
100
AcDbLine
 10
-3.600000000000692
 20
-99.83733677368126
 30
-0.000000000000005
 11
-2.000000000000586
 21
-99.83733677368126
 31
-0.0000000000000027
  0
LINE
  5
6CB
330
1F
100
AcDbEntity
  8
Hidden
370
    -3
100
AcDbLine
 10
-2.000000000000586
 20
-99.83733677368126
 30
-0.0000000000000027
 11
-1.295599274466596
 21
-99.83733677368126
 31
-0.0000000000000078
  0
SPLINE
  5
6CC
330
1F
100
AcDbEntity
  8
Hidden
370
    -3
100
AcDbSpline
210
0.0
220
0.0
230
1.0
 70
     8
 71
     3
 72
    21
 73
    17
 74
     0
 42
0.0000000001
 43
0.00000001
 40
0.0
 40
0.0
 40
0.0
 40
0.0
 40
0.0139516069088288
 40
0.0280691743170396
 40
0.0425469392803551
 40
0.0575651695944665
 40
0.0787007564851782
 40
0.1014098589891566
 40
0.1259562205287345
 40
0.166653608379573
 40
0.2124765195056965
 40
0.2637938314404365
 40
0.3208679879235881
 40
0.50243422657482
 40
0.7284326584506831
 40
1.0
 40
1.0
 40
1.0
 40
1.0
 10
-1.290000000000595
 20
-100.4133367736813
 30
-0.0000000000000104
 10
-1.289947091618267
 20
-100.4138944053313
 30
-0.0000000000000104
 10
-1.289840645485138
 20
-100.4150163019051
 30
-0.0000000000000104
 10
-1.289422285738387
 20
-100.4166766397952
 30
-0.0000000000000104
 10
-1.288815439135839
 20
-100.4183198007481
 30
-0.0000000000000105
 10
-1.287904518994986
 20
-100.4201387017833
 30
-0.0000000000000105
 10
-1.28660609227519
 20
-100.4221173860965
 30
-0.0000000000000105
 10
-1.284842963805362
 20
-100.4242247907666
 30
-0.0000000000000105
 10
-1.282319316438367
 20
-100.4266954208713
 30
-0.0000000000000105
 10
-1.278812841096092
 20
-100.4294581895484
 30
-0.0000000000000106
 10
-1.274149029091191
 20
-100.4324368467997
 30
-0.0000000000000106
 10
-1.268688182091767
 20
-100.4353496620642
 30
-0.0000000000000107
 10
-1.258096786981962
 20
-100.4401625917389
 30
-0.0000000000000108
 10
-1.240417088503919
 20
-100.4461758477924
 30
-0.0000000000000109
 10
-1.214015095824499
 20
-100.4529212254847
 30
-0.0000000000000112
 10
-1.194397826471908
 20
-100.4565894957052
 30
-0.0000000000000113
 10
-1.183690880835622
 20
-100.4585916076772
 30
-0.0000000000000114
  0
SPLINE
  5
6CD
330
1F
100
AcDbEntity
  8
Hidden
370
    -3
100
AcDbSpline
210
0.0
220
0.0
230
1.0
 70
     8
 71
     3
 72
    18
 73
    14
 74
     0
 42
0.0000000001
 43
0.00000001
 40
0.0
 40
0.0
 40
0.0
 40
0.0
 40
0.4987835582139323
 40
0.6236520621507013
 40
0.7485705790908451
 40
0.8110705339090963
 40
0.8737198363516411
 40
0.8946197712880599
 40
0.9156006054091793
 40
0.936631969020474
 40
0.9576654326902498
 40
0.9787741718425712
 40
1.0
 40
1.0
 40
1.0
 40
1.0
 10
-1.183690880835596
 20
-99.85608193968525
 30
-0.0000000000000087
 10
-1.203352589066549
 20
-99.85988444860426
 30
-0.0000000000000086
 10
-1.227936528696692
 20
-99.86463890069
 30
-0.0000000000000084
 10
-1.256372134215713
 20
-99.87423233532778
 30
-0.0000000000000083
 10
-1.267925806037381
 20
-99.87910905374879
 30
-0.0000000000000082
 10
-1.276678478542622
 20
-99.88399991145829
 30
-0.0000000000000082
 10
-1.281478943413467
 20
-99.88739155691992
 30
-0.0000000000000081
 10
-1.284552214528468
 20
-99.89024200015385
 30
-0.0000000000000081
 10
-1.286258856696392
 20
-99.8921008688505
 30
-0.0000000000000081
 10
-1.28776656866437
 20
-99.89413671149444
 30
-0.0000000000000081
 10
-1.288975505169179
 20
-99.89636656818969
 30
-0.0000000000000081
 10
-1.289830537647481
 20
-99.8987853415552
 30
-0.0000000000000081
 10
-1.289943408490113
 20
-99.90048472958267
 30
-0.0000000000000081
 10
-1.290000000000595
 20
-99.90133677368127
 30
-0.0000000000000081
  0
LINE
  5
6CE
330
1F
100
AcDbEntity
  8
Hidden
370
    -3
100
AcDbLine
 10
-1.284485791107612
 20
-99.83830907748637
 30
-0.0000000000000079
 11
-1.183690880835622
 21
-99.8560819396854
 31
-0.0000000000000087
  0
SPLINE
  5
6CF
330
1F
100
AcDbEntity
  8
Hidden
370
    -3
100
AcDbSpline
210
0.0
220
0.0
230
1.0
 70
     8
 71
     3
 72
     9
 73
     5
 74
     0
 42
0.0000000001
 43
0.00000001
 40
0.0
 40
0.0
 40
0.0
 40
0.0
 40
0.5599484714454561
 40
1.0
 40
1.0
 40
1.0
 40
1.0
 10
-1.284485791107596
 20
-99.83830907748626
 30
-0.0000000000000079
 10
-1.286549389762915
 20
-99.83799712012937
 30
-0.0000000000000079
 10
-1.290234726468974
 20
-99.83744000215731
 30
-0.0000000000000078
 10
-1.293959973719679
 20
-99.83736831828071
 30
-0.0000000000000078
 10
-1.295599274466596
 20
-99.83733677368126
 30
-0.0000000000000078
  0
LINE
  5
6D0
330
1F
100
AcDbEntity
  8
Hidden
370
    -3
100
AcDbLine
 10
-1.183690880835622
 20
-100.4585916076771
 30
-0.0000000000000114
 11
-1.284485791095633
 21
-100.476364469874
 31
-0.0000000000000107
  0
SPLINE
  5
6D1
330
1F
100
AcDbEntity
  8
Hidden
370
    -3
100
AcDbSpline
210
0.0
220
0.0
230
1.0
 70
     8
 71
     3
 72
     9
 73
     5
 74
     0
 42
0.0000000001
 43
0.00000001
 40
0.0
 40
0.0
 40
0.0
 40
0.0
 40
0.5599484711213878
 40
1.0
 40
1.0
 40
1.0
 40
1.0
 10
-1.284485791095597
 20
-100.4763644698743
 30
-0.0000000000000107
 10
-1.286549389751923
 20
-100.4766764272316
 30
-0.0000000000000107
 10
-1.290234726461912
 20
-100.4772335452049
 30
-0.0000000000000107
 10
-1.293959973716683
 20
-100.4773052290817
 30
-0.0000000000000107
 10
-1.295599274466596
 20
-100.4773367736813
 30
-0.0000000000000107
  0
LINE
  5
6D2
330
1F
100
AcDbEntity
  8
Hidden
370
    -3
100
AcDbLine
 10
-1.284485791107599
 20
-100.4763644698762
 30
-0.0000000000000107
 11
-1.287715569793767
 21
-100.4768493489032
 31
-0.0000000000000107
  0
SPLINE
  5
6D3
330
1F
100
AcDbEntity
  8
Hidden
370
    -3
100
AcDbSpline
210
0.0
220
0.0
230
1.0
 70
     8
 71
     3
 72
    10
 73
     6
 74
     0
 42
0.0000000001
 43
0.00000001
 40
0.0
 40
0.0
 40
0.0
 40
0.0
 40
0.328984840618906
 40
0.6776755777433465
 40
1.0
 40
1.0
 40
1.0
 40
1.0
 10
-9.080178724557468
 20
-102.9533367736784
 30
-0.0000000000000072
 10
-9.080393039599828
 20
-102.9572359881335
 30
-0.0000000000000072
 10
-9.08083450696312
 20
-102.9652679764879
 30
-0.0000000000000073
 10
-9.084150200423815
 20
-102.9767945963542
 30
-0.0000000000000073
 10
-9.087984592602128
 20
-102.9837748693813
 30
-0.0000000000000073
 10
-9.089826455973322
 20
-102.9871278673564
 30
-0.0000000000000073
  0
SPLINE
  5
6D4
330
1F
100
AcDbEntity
  8
Hidden
370
    -3
100
AcDbSpline
210
0.0
220
0.0
230
1.0
 70
     8
 71
     3
 72
     9
 73
     5
 74
     0
 42
0.0000000001
 43
0.00000001
 40
0.0
 40
0.0
 40
0.0
 40
0.0
 40
0.2706419970460316
 40
1.0
 40
1.0
 40
1.0
 40
1.0
 10
-9.095659656423967
 20
-102.9950729731613
 30
-0.0000000000000073
 10
-9.096727158243517
 20
-102.9962677359969
 30
-0.0000000000000073
 10
-9.100671489985091
 20
-103.0006822867639
 30
-0.0000000000000073
 10
-9.105456796950454
 20
-103.0042005016761
 30
-0.0000000000000073
 10
-9.10894699888223
 20
-103.0067665398784
 30
-0.0000000000000072
  0
SPLINE
  5
6D5
330
1F
100
AcDbEntity
  8
Hidden
370
    -3
100
AcDbSpline
210
0.0
220
0.0
230
1.0
 70
     8
 71
     3
 72
    11
 73
     7
 74
     0
 42
0.0000000001
 43
0.00000001
 40
0.0
 40
0.0
 40
0.0
 40
0.0
 40
0.0097381628561766
 40
0.509956337181438
 40
0.9902074713166751
 40
1.0
 40
1.0
 40
1.0
 40
1.0
 10
-9.10894699888223
 20
-103.0067665398784
 30
-0.0000000000000072
 10
-9.109016998943872
 20
-103.0068125680153
 30
-0.0000000000000072
 10
-9.11268267752867
 20
-103.0092229138354
 30
-0.0000000000000072
 10
-9.120307093075787
 20
-103.013168951154
 30
-0.0000000000000072
 10
-9.128550940410301
 20
-103.0155425354292
 30
-0.0000000000000071
 10
-9.132698407149762
 20
-103.0162987053917
 30
-0.0000000000000071
 10
-9.132781285860558
 20
-103.0163138159148
 30
-0.0000000000000071
  0
LINE
  5
6D6
330
1F
100
AcDbEntity
  8
Hidden
370
    -3
100
AcDbLine
 10
-9.132781285860558
 20
-103.0163138159148
 30
-0.0000000000000071
 11
-9.144178182087856
 21
-103.0173367736813
 31
-0.000000000000007
  0
LINE
  5
6D7
330
1F
100
AcDbEntity
  8
Hidden
370
    -3
100
AcDbLine
 10
-9.656254563355786
 20
-102.3773367736813
 30
-0.0000000000000005
 11
-9.666831908165323
 21
-102.3782168608755
 31
-0.0000000000000004
  0
SPLINE
  5
6D8
330
1F
100
AcDbEntity
  8
Hidden
370
    -3
100
AcDbSpline
210
0.0
220
0.0
230
1.0
 70
     8
 71
     3
 72
    10
 73
     6
 74
     0
 42
0.0000000001
 43
0.00000001
 40
0.0
 40
0.0
 40
0.0
 40
0.0
 40
0.0469539180344242
 40
0.5833848163084601
 40
1.0
 40
1.0
 40
1.0
 40
1.0
 10
-9.666831908165323
 20
-102.3782168608755
 30
-0.0000000000000004
 10
-9.667188174474445
 20
-102.3782786895261
 30
-0.0000000000000004
 10
-9.671614649708115
 20
-102.3790468873134
 30
-0.0000000000000004
 10
-9.679117095894357
 20
-102.3811266358469
 30
-0.0000000000000003
 10
-9.685626400954446
 20
-102.3845433429792
 30
-0.0000000000000003
 10
-9.688471882799057
 20
-102.3860369245556
 30
-0.0000000000000003
  0
SPLINE
  5
6D9
330
1F
100
AcDbEntity
  8
Hidden
370
    -3
100
AcDbSpline
210
0.0
220
0.0
230
1.0
 70
     8
 71
     3
 72
    11
 73
     7
 74
     0
 42
0.0000000001
 43
0.00000001
 40
0.0
 40
0.0
 40
0.0
 40
0.0
 40
0.0994911629567758
 40
0.497424743595653
 40
0.8953573569198128
 40
1.0
 40
1.0
 40
1.0
 40
1.0
 10
-9.688471882799057
 20
-102.3860369245556
 30
-0.0000000000000003
 10
-9.689412415172823
 20
-102.3866052931602
 30
-0.0000000000000003
 10
-9.694114783312466
 20
-102.3894469586809
 30
-0.0000000000000003
 10
-9.70181358055765
 20
-102.3957781314055
 30
-0.0000000000000002
 10
-9.708182594642622
 20
-102.4035207118873
 30
-0.0000000000000002
 10
-9.711044894410962
 20
-102.4082772007073
 30
-0.0000000000000002
 10
-9.711640862097852
 20
-102.4092675629576
 30
-0.0000000000000002
  0
SPLINE
  5
6DA
330
1F
100
AcDbEntity
  8
Hidden
370
    -3
100
AcDbSpline
210
0.0
220
0.0
230
1.0
 70
     8
 71
     3
 72
    10
 73
     6
 74
     0
 42
0.0000000001
 43
0.00000001
 40
0.0
 40
0.0
 40
0.0
 40
0.0
 40
0.3366138164535003
 40
0.6933995791349884
 40
1.0
 40
1.0
 40
1.0
 40
1.0
 10
-9.72026432463021
 20
-102.9533367737024
 30
-0.0000000000000026
 10
-9.720049759531548
 20
-102.9572361966764
 30
-0.0000000000000026
 10
-9.719607771289132
 20
-102.9652687197546
 30
-0.0000000000000026
 10
-9.716361040557167
 20
-102.9765308888429
 30
-0.0000000000000027
 10
-9.712718402431507
 20
-102.9833063070515
 30
-0.0000000000000028
 10
-9.711034866641814
 20
-102.9864377350579
 30
-0.0000000000000028
  0
SPLINE
  5
6DB
330
1F
100
AcDbEntity
  8
Hidden
370
    -3
100
AcDbSpline
210
0.0
220
0.0
230
1.0
 70
     8
 71
     3
 72
    10
 73
     6
 74
     0
 42
0.0000000001
 43
0.00000001
 40
0.0
 40
0.0
 40
0.0
 40
0.0
 40
0.1070119731780753
 40
0.7289489425319428
 40
1.0
 40
1.0
 40
1.0
 40
1.0
 10
-9.711034866641814
 20
-102.9864377350579
 30
-0.0000000000000028
 10
-9.710636225522663
 20
-102.9870801730465
 30
-0.0000000000000028
 10
-9.70792074412723
 20
-102.9914563608549
 30
-0.0000000000000029
 10
-9.70343944649433
 20
-102.9970236755987
 30
-0.0000000000000029
 10
-9.698707196041198
 20
-103.0012003608342
 30
-0.000000000000003
 10
-9.697270803333796
 20
-103.0024681213369
 30
-0.000000000000003
  0
LINE
  5
6DC
330
1F
100
AcDbEntity
  8
Hidden
370
    -3
100
AcDbLine
 10
-9.666832111610862
 20
-103.0164566864778
 30
-0.0000000000000033
 11
-9.656254643625575
 21
-103.0173367736813
 31
-0.0000000000000033
  0
SPLINE
  5
6DD
330
1F
100
AcDbEntity
  8
Hidden
370
    -3
100
AcDbSpline
210
0.0
220
0.0
230
1.0
 70
    24
 71
     3
 72
     9
 73
     5
 74
     0
 42
0.0000000001
 43
0.00000001
 40
0.0
 40
0.0
 40
0.0
 40
0.0
 40
0.2373523009803874
 40
1.0
 40
1.0
 40
1.0
 40
1.0
 10
-9.65600000000055
 20
-103.0173367736813
 30
-0.0000000000000033
 10
-9.656006655256714
 20
-103.0173367736813
 30
-0.0000000000000033
 10
-9.656034694825479
 20
-103.0173367736812
 30
-0.0000000000000033
 10
-9.65606273439425
 20
-103.0173367736813
 30
-0.0000000000000033
 10
-9.656084118706854
 20
-103.0173367736813
 30
-0.0000000000000033
  0
LINE
  5
6DE
330
1F
100
AcDbEntity
  8
Hidden
370
    -3
100
AcDbLine
 10
-9.144178165545588
 20
-102.3773367736813
 30
-0.0000000000000042
 11
-9.140937635239345
 21
-102.3774188676432
 31
-0.0000000000000042
  0
LINE
  5
6DF
330
1F
100
AcDbEntity
  8
Hidden
370
    -3
100
AcDbLine
 10
-9.140937635239345
 20
-102.3774188676432
 30
-0.0000000000000042
 11
-9.13278129799651
 21
-102.3783597262518
 31
-0.0000000000000043
  0
SPLINE
  5
6E0
330
1F
100
AcDbEntity
  8
Hidden
370
    -3
100
AcDbSpline
210
0.0
220
0.0
230
1.0
 70
     8
 71
     3
 72
    10
 73
     6
 74
     0
 42
0.0000000001
 43
0.00000001
 40
0.0
 40
0.0
 40
0.0
 40
0.0
 40
0.0100806313454973
 40
0.5044040266829659
 40
1.0
 40
1.0
 40
1.0
 40
1.0
 10
-9.13278129799651
 20
-102.3783597262518
 30
-0.0000000000000043
 10
-9.132698414179044
 20
-102.3783748449984
 30
-0.0000000000000043
 10
-9.128551160912576
 20
-102.3791313409325
 30
-0.0000000000000043
 10
-9.12039723336729
 20
-102.3813638091694
 30
-0.0000000000000044
 10
-9.113178640119326
 20
-102.3854560259423
 30
-0.0000000000000044
 10
-9.109564703610973
 20
-102.3875047646768
 30
-0.0000000000000045
  0
SPLINE
  5
6E1
330
1F
100
AcDbEntity
  8
Hidden
370
    -3
100
AcDbSpline
210
0.0
220
0.0
230
1.0
 70
     8
 71
     3
 72
    13
 73
     9
 74
     0
 42
0.0000000001
 43
0.00000001
 40
0.0
 40
0.0
 40
0.0
 40
0.0
 40
0.0076081034519115
 40
0.2140824211788201
 40
0.4205570874586962
 40
0.6227413902218887
 40
0.8168557822007304
 40
1.0
 40
1.0
 40
1.0
 40
1.0
 10
-9.109564703610973
 20
-102.3875047646768
 30
-0.0000000000000045
 10
-9.109428717500249
 20
-102.3875926840926
 30
-0.0000000000000045
 10
-9.10560224011144
 20
-102.3900666254003
 30
-0.0000000000000045
 10
-9.09860217988509
 20
-102.3957634731743
 30
-0.0000000000000046
 10
-9.090279442664542
 20
-102.4059936375522
 30
-0.0000000000000047
 10
-9.084374660999272
 20
-102.4174648379734
 30
-0.0000000000000048
 10
-9.080814059559646
 20
-102.4293925091662
 30
-0.0000000000000049
 10
-9.080386346025957
 20
-102.4374332905487
 30
-0.0000000000000049
 10
-9.080178707926947
 20
-102.441336773673
 30
-0.0000000000000049
  0
SPLINE
  5
6E2
330
1F
100
AcDbEntity
  8
Hidden
370
    -3
100
AcDbSpline
210
0.0
220
0.0
230
1.0
 70
    24
 71
     3
 72
     9
 73
     5
 74
     0
 42
0.0000000001
 43
0.00000001
 40
0.0
 40
0.0
 40
0.0
 40
0.0
 40
0.237226171037023
 40
1.0
 40
1.0
 40
1.0
 40
1.0
 10
-9.144000000000549
 20
-102.3773367736813
 30
-0.0000000000000042
 10
-9.144004499799685
 20
-102.3773367736813
 30
-0.0000000000000042
 10
-9.144023468192241
 20
-102.3773367736813
 30
-0.0000000000000042
 10
-9.144042436584796
 20
-102.3773367736813
 30
-0.0000000000000042
 10
-9.14405690517821
 20
-102.3773367736813
 30
-0.0000000000000042
  0
LINE
  5
6E3
330
1F
100
AcDbEntity
  8
Hidden
370
    -3
100
AcDbLine
 10
-9.10215137500918
 20
-102.9533367736812
 30
-0.0000000000000071
 11
-9.719999998470211
 21
-102.9533367736813
 31
-0.0000000000000026
  0
LINE
  5
6E4
330
1F
100
AcDbEntity
  8
Hidden
370
    -3
100
AcDbLine
 10
-9.700939368614474
 20
-102.4413367736813
 30
-0.0000000000000004
 11
-9.102151023600642
 21
-102.4413367736813
 31
-0.0000000000000048
  0
LINE
  5
6E5
330
1F
100
AcDbEntity
  8
Hidden
370
    -3
100
AcDbLine
 10
-1.290000000000596
 20
-102.4413367736813
 30
-0.0000000000000056
 11
-1.999999999999887
 21
-102.4413367736813
 31
-0.0000000000000005
  0
LINE
  5
6E6
330
1F
100
AcDbEntity
  8
Hidden
370
    -3
100
AcDbLine
 10
-1.999999999999887
 20
-102.4413367736813
 30
-0.0000000000000005
 11
-3.599999999999183
 21
-102.4413367736813
 31
-0.0000000000000028
  0
LINE
  5
6E7
330
1F
100
AcDbEntity
  8
Hidden
370
    -3
100
AcDbLine
 10
-3.599999999999183
 20
-102.4413367736813
 30
-0.0000000000000028
 11
-3.649999999999095
 21
-102.4413367736813
 31
-0.0000000000000025
  0
LINE
  5
6E8
330
1F
100
AcDbEntity
  8
Hidden
370
    -3
100
AcDbLine
 10
-3.649999999999095
 20
-102.4413367736813
 30
-0.0000000000000025
 11
-4.249999999999581
 21
-102.4413367736813
 31
0.0000000000000019
  0
LINE
  5
6E9
330
1F
100
AcDbEntity
  8
Hidden
370
    -3
100
AcDbLine
 10
-4.249999999999581
 20
-102.4413367736813
 30
0.0000000000000019
 11
-6.15000000000137
 21
-102.4413367736813
 31
0.0000000000000017
  0
LINE
  5
6EA
330
1F
100
AcDbEntity
  8
Hidden
370
    -3
100
AcDbLine
 10
-6.15000000000137
 20
-102.4413367736813
 30
0.0000000000000017
 11
-6.367999076129454
 21
-102.4413367736813
 31
0.0000000000000033
  0
LINE
  5
6EB
330
1F
100
AcDbEntity
  8
Hidden
370
    -3
100
AcDbLine
 10
-6.367999076128742
 20
-102.9533367736813
 30
0.000000000000001
 11
-6.15000000000061
 21
-102.9533367736813
 31
-0.0000000000000006
  0
LINE
  5
6EC
330
1F
100
AcDbEntity
  8
Hidden
370
    -3
100
AcDbLine
 10
-6.15000000000061
 20
-102.9533367736813
 30
-0.0000000000000006
 11
-4.249999999999586
 21
-102.9533367736813
 31
-0.0000000000000004
  0
LINE
  5
6ED
330
1F
100
AcDbEntity
  8
Hidden
370
    -3
100
AcDbLine
 10
-4.249999999999586
 20
-102.9533367736813
 30
-0.0000000000000004
 11
-3.649999999999094
 21
-102.9533367736813
 31
-0.0000000000000048
  0
LINE
  5
6EE
330
1F
100
AcDbEntity
  8
Hidden
370
    -3
100
AcDbLine
 10
-3.649999999999094
 20
-102.9533367736813
 30
-0.0000000000000048
 11
-3.599999999999185
 21
-102.9533367736813
 31
-0.0000000000000051
  0
LINE
  5
6EF
330
1F
100
AcDbEntity
  8
Hidden
370
    -3
100
AcDbLine
 10
-3.599999999999185
 20
-102.9533367736813
 30
-0.0000000000000051
 11
-1.999999999999884
 21
-102.9533367736813
 31
-0.0000000000000028
  0
LINE
  5
6F0
330
1F
100
AcDbEntity
  8
Hidden
370
    -3
100
AcDbLine
 10
-1.999999999999884
 20
-102.9533367736813
 30
-0.0000000000000028
 11
-1.290000000000596
 21
-102.9533367736813
 31
-0.0000000000000079
  0
LINE
  5
6F1
330
1F
100
AcDbEntity
  8
Hidden
370
    -3
100
AcDbLine
 10
-1.295599274466596
 20
-103.0173367736813
 30
-0.0000000000000082
 11
-2.000000000000523
 21
-103.0173367736813
 31
-0.0000000000000031
  0
LINE
  5
6F2
330
1F
100
AcDbEntity
  8
Hidden
370
    -3
100
AcDbLine
 10
-2.000000000000523
 20
-103.0173367736813
 30
-0.0000000000000031
 11
-3.600000000000677
 21
-103.0173367736813
 31
-0.0000000000000054
  0
LINE
  5
6F3
330
1F
100
AcDbEntity
  8
Hidden
370
    -3
100
AcDbLine
 10
-3.600000000000677
 20
-103.0173367736813
 30
-0.0000000000000054
 11
-3.650000000000585
 21
-103.0173367736813
 31
-0.0000000000000051
  0
LINE
  5
6F4
330
1F
100
AcDbEntity
  8
Hidden
370
    -3
100
AcDbLine
 10
-3.650000000000585
 20
-103.0173367736813
 30
-0.0000000000000051
 11
-4.249999998347893
 21
-103.0173367736813
 31
-0.0000000000000007
  0
LINE
  5
6F5
330
1F
100
AcDbEntity
  8
Hidden
370
    -3
100
AcDbLine
 10
-4.249999998347893
 20
-103.0173367736813
 30
-0.0000000000000007
 11
-6.150000001282699
 21
-103.0173367736813
 31
-0.0000000000000009
  0
LINE
  5
6F6
330
1F
100
AcDbEntity
  8
Hidden
370
    -3
100
AcDbLine
 10
-6.150000001282699
 20
-103.0173367736813
 30
-0.0000000000000009
 11
-6.367999077376991
 21
-103.0173367736813
 31
0.0000000000000007
  0
LINE
  5
6F7
330
1F
100
AcDbEntity
  8
Hidden
370
    -3
100
AcDbLine
 10
-6.367999076222989
 20
-102.3773367736813
 30
0.0000000000000035
 11
-6.15000000003737
 21
-102.3773367736813
 31
0.000000000000002
  0
LINE
  5
6F8
330
1F
100
AcDbEntity
  8
Hidden
370
    -3
100
AcDbLine
 10
-6.15000000003737
 20
-102.3773367736813
 30
0.000000000000002
 11
-4.250000000000602
 21
-102.3773367736813
 31
0.0000000000000021
  0
LINE
  5
6F9
330
1F
100
AcDbEntity
  8
Hidden
370
    -3
100
AcDbLine
 10
-4.250000000000602
 20
-102.3773367736813
 30
0.0000000000000021
 11
-3.65000000000059
 21
-102.3773367736813
 31
-0.0000000000000022
  0
LINE
  5
6FA
330
1F
100
AcDbEntity
  8
Hidden
370
    -3
100
AcDbLine
 10
-3.65000000000059
 20
-102.3773367736813
 30
-0.0000000000000022
 11
-3.600000000000692
 21
-102.3773367736813
 31
-0.0000000000000026
  0
LINE
  5
6FB
330
1F
100
AcDbEntity
  8
Hidden
370
    -3
100
AcDbLine
 10
-3.600000000000692
 20
-102.3773367736813
 30
-0.0000000000000026
 11
-2.000000000000586
 21
-102.3773367736813
 31
-0.0000000000000002
  0
LINE
  5
6FC
330
1F
100
AcDbEntity
  8
Hidden
370
    -3
100
AcDbLine
 10
-2.000000000000586
 20
-102.3773367736813
 30
-0.0000000000000002
 11
-1.295599274466596
 21
-102.3773367736813
 31
-0.0000000000000053
  0
SPLINE
  5
6FD
330
1F
100
AcDbEntity
  8
Hidden
370
    -3
100
AcDbSpline
210
0.0
220
0.0
230
1.0
 70
     8
 71
     3
 72
    21
 73
    17
 74
     0
 42
0.0000000001
 43
0.00000001
 40
0.0
 40
0.0
 40
0.0
 40
0.0
 40
0.0139516069088295
 40
0.0280691743170419
 40
0.042546939280359
 40
0.0575651695942623
 40
0.0787007564851659
 40
0.1014098589891421
 40
0.1259562205285608
 40
0.1666536083793926
 40
0.2124765195055212
 40
0.263793831440267
 40
0.3208679879234249
 40
0.5024342265746771
 40
0.7284326584505864
 40
1.0
 40
1.0
 40
1.0
 40
1.0
 10
-1.290000000000595
 20
-102.9533367736813
 30
-0.0000000000000079
 10
-1.289947091618268
 20
-102.9538944053313
 30
-0.0000000000000079
 10
-1.289840645485139
 20
-102.9550163019051
 30
-0.0000000000000079
 10
-1.289422285738387
 20
-102.9566766397952
 30
-0.0000000000000079
 10
-1.288815439135848
 20
-102.9583198007481
 30
-0.000000000000008
 10
-1.28790451899497
 20
-102.9601387017833
 30
-0.000000000000008
 10
-1.286606092275203
 20
-102.9621173860965
 30
-0.000000000000008
 10
-1.284842963805372
 20
-102.9642247907667
 30
-0.000000000000008
 10
-1.282319316438358
 20
-102.9666954208713
 30
-0.000000000000008
 10
-1.2788128410961
 20
-102.9694581895484
 30
-0.0000000000000081
 10
-1.274149029091196
 20
-102.9724368467997
 30
-0.0000000000000081
 10
-1.268688182091772
 20
-102.9753496620642
 30
-0.0000000000000082
 10
-1.258096786981967
 20
-102.9801625917388
 30
-0.0000000000000083
 10
-1.240417088503924
 20
-102.9861758477924
 30
-0.0000000000000084
 10
-1.214015095824499
 20
-102.9929212254847
 30
-0.0000000000000087
 10
-1.194397826471909
 20
-102.9965894957052
 30
-0.0000000000000088
 10
-1.183690880835622
 20
-102.9985916076773
 30
-0.0000000000000089
  0
SPLINE
  5
6FE
330
1F
100
AcDbEntity
  8
Hidden
370
    -3
100
AcDbSpline
210
0.0
220
0.0
230
1.0
 70
     8
 71
     3
 72
    18
 73
    14
 74
     0
 42
0.0000000001
 43
0.00000001
 40
0.0
 40
0.0
 40
0.0
 40
0.0
 40
0.4987835582140249
 40
0.6236520621508171
 40
0.7485705790908918
 40
0.8110705339091545
 40
0.873719836351847
 40
0.8946197712882699
 40
0.9156006054093931
 40
0.9366319690206917
 40
0.9576654326904714
 40
0.9787741718427968
 40
1.0
 40
1.0
 40
1.0
 40
1.0
 10
-1.183690880835596
 20
-102.3960819396853
 30
-0.0000000000000062
 10
-1.203352589066551
 20
-102.3998844486043
 30
-0.0000000000000061
 10
-1.227936528696696
 20
-102.40463890069
 30
-0.0000000000000059
 10
-1.256372134215707
 20
-102.4142323353278
 30
-0.0000000000000058
 10
-1.267925806037383
 20
-102.4191090537488
 30
-0.0000000000000057
 10
-1.276678478542631
 20
-102.4239999114583
 30
-0.0000000000000057
 10
-1.281478943413462
 20
-102.42739155692
 30
-0.0000000000000056
 10
-1.284552214528468
 20
-102.4302420001539
 30
-0.0000000000000056
 10
-1.286258856696393
 20
-102.4321008688506
 30
-0.0000000000000056
 10
-1.28776656866437
 20
-102.4341367114944
 30
-0.0000000000000056
 10
-1.288975505169178
 20
-102.4363665681897
 30
-0.0000000000000056
 10
-1.289830537647479
 20
-102.4387853415553
 30
-0.0000000000000056
 10
-1.289943408490112
 20
-102.4404847295827
 30
-0.0000000000000056
 10
-1.290000000000595
 20
-102.4413367736813
 30
-0.0000000000000056
  0
LINE
  5
6FF
330
1F
100
AcDbEntity
  8
Hidden
370
    -3
100
AcDbLine
 10
-1.284485791107613
 20
-102.3783090774863
 30
-0.0000000000000054
 11
-1.183690880835622
 21
-102.3960819396854
 31
-0.0000000000000062
  0
SPLINE
  5
700
330
1F
100
AcDbEntity
  8
Hidden
370
    -3
100
AcDbSpline
210
0.0
220
0.0
230
1.0
 70
     8
 71
     3
 72
     9
 73
     5
 74
     0
 42
0.0000000001
 43
0.00000001
 40
0.0
 40
0.0
 40
0.0
 40
0.0
 40
0.5599484714456466
 40
1.0
 40
1.0
 40
1.0
 40
1.0
 10
-1.284485791107596
 20
-102.3783090774863
 30
-0.0000000000000054
 10
-1.286549389762915
 20
-102.3779971201294
 30
-0.0000000000000054
 10
-1.290234726468971
 20
-102.3774400021573
 30
-0.0000000000000053
 10
-1.293959973719679
 20
-102.3773683182807
 30
-0.0000000000000053
 10
-1.295599274466596
 20
-102.3773367736813
 30
-0.0000000000000053
  0
LINE
  5
701
330
1F
100
AcDbEntity
  8
Hidden
370
    -3
100
AcDbLine
 10
-1.183690880835622
 20
-102.9985916076771
 30
-0.0000000000000089
 11
-1.284485791095633
 21
-103.016364469874
 31
-0.0000000000000083
  0
SPLINE
  5
702
330
1F
100
AcDbEntity
  8
Hidden
370
    -3
100
AcDbSpline
210
0.0
220
0.0
230
1.0
 70
     8
 71
     3
 72
     9
 73
     5
 74
     0
 42
0.0000000001
 43
0.00000001
 40
0.0
 40
0.0
 40
0.0
 40
0.0
 40
0.5599484711213343
 40
1.0
 40
1.0
 40
1.0
 40
1.0
 10
-1.284485791095597
 20
-103.0163644698742
 30
-0.0000000000000083
 10
-1.286549389751923
 20
-103.0166764272316
 30
-0.0000000000000082
 10
-1.290234726461913
 20
-103.0172335452049
 30
-0.0000000000000082
 10
-1.293959973716684
 20
-103.0173052290817
 30
-0.0000000000000082
 10
-1.295599274466597
 20
-103.0173367736813
 30
-0.0000000000000082
  0
LINE
  5
703
330
1F
100
AcDbEntity
  8
Hidden
370
    -3
100
AcDbLine
 10
-1.2844857910956
 20
-102.3783090774883
 30
-0.0000000000000054
 11
-1.288265470852728
 21
-102.3777583549315
 31
-0.0000000000000054
  0
LINE
  5
704
330
1F
100
AcDbEntity
  8
Hidden
370
    -3
100
AcDbLine
 10
-1.284485791107599
 20
-103.0163644698763
 30
-0.0000000000000083
 11
-1.287759697097673
 21
-103.0168548107811
 31
-0.0000000000000082
  0
SPLINE
  5
705
330
1F
100
AcDbEntity
  8
Hidden
370
    -3
100
AcDbSpline
210
0.0
220
0.0
230
1.0
 70
     8
 71
     3
 72
    10
 73
     6
 74
     0
 42
0.0000000001
 43
0.00000001
 40
0.0
 40
0.0
 40
0.0
 40
0.0
 40
0.3289848410252582
 40
0.6776755785613106
 40
1.0
 40
1.0
 40
1.0
 40
1.0
 10
-9.080178724557468
 20
-105.4933367736895
 30
-0.0000000000000047
 10
-9.080393039599725
 20
-105.4972359881449
 30
-0.0000000000000047
 10
-9.080834506962788
 20
-105.5052679764997
 30
-0.0000000000000048
 10
-9.08415020041963
 20
-105.5167945963524
 30
-0.0000000000000048
 10
-9.087984592587967
 20
-105.5237748693688
 30
-0.0000000000000048
 10
-9.089826455950806
 20
-105.5271278673322
 30
-0.0000000000000048
  0
SPLINE
  5
706
330
1F
100
AcDbEntity
  8
Hidden
370
    -3
100
AcDbSpline
210
0.0
220
0.0
230
1.0
 70
     8
 71
     3
 72
     9
 73
     5
 74
     0
 42
0.0000000001
 43
0.00000001
 40
0.0
 40
0.0
 40
0.0
 40
0.0
 40
0.2706419887689593
 40
1.0
 40
1.0
 40
1.0
 40
1.0
 10
-9.09565965656856
 20
-105.5350729733403
 30
-0.0000000000000048
 10
-9.096727158341858
 20
-105.5362677361177
 30
-0.0000000000000048
 10
-9.10067149003315
 20
-105.5406822868045
 30
-0.0000000000000048
 10
-9.10545679692153
 20
-105.5442005016637
 30
-0.0000000000000048
 10
-9.108946998836768
 20
-105.5467665398564
 30
-0.0000000000000047
  0
SPLINE
  5
707
330
1F
100
AcDbEntity
  8
Hidden
370
    -3
100
AcDbSpline
210
0.0
220
0.0
230
1.0
 70
     8
 71
     3
 72
    11
 73
     7
 74
     0
 42
0.0000000001
 43
0.00000001
 40
0.0
 40
0.0
 40
0.0
 40
0.0
 40
0.0097381649653365
 40
0.5099563379071874
 40
0.990207470732597
 40
1.0
 40
1.0
 40
1.0
 40
1.0
 10
-9.10894699883677
 20
-105.5467665398565
 30
-0.0000000000000047
 10
-9.109016998913743
 20
-105.5468125680035
 30
-0.0000000000000047
 10
-9.112682677512652
 20
-105.5492229138343
 30
-0.0000000000000047
 10
-9.120307093077392
 20
-105.5531689511604
 30
-0.0000000000000047
 10
-9.12855094041705
 20
-105.5555425354343
 30
-0.0000000000000046
 10
-9.132698407162007
 20
-105.5562987053966
 30
-0.0000000000000046
 10
-9.132781285877979
 20
-105.5563138159205
 30
-0.0000000000000046
  0
LINE
  5
708
330
1F
100
AcDbEntity
  8
Hidden
370
    -3
100
AcDbLine
 10
-9.132781285877979
 20
-105.5563138159205
 30
-0.0000000000000046
 11
-9.144178182090515
 21
-105.5573367736813
 31
-0.0000000000000045
  0
LINE
  5
709
330
1F
100
AcDbEntity
  8
Hidden
370
    -3
100
AcDbLine
 10
-9.656254563355784
 20
-104.9173367736813
 30
0.000000000000002
 11
-9.666831908178226
 21
-104.9182168608767
 31
0.0000000000000021
  0
SPLINE
  5
70A
330
1F
100
AcDbEntity
  8
Hidden
370
    -3
100
AcDbSpline
210
0.0
220
0.0
230
1.0
 70
     8
 71
     3
 72
    10
 73
     6
 74
     0
 42
0.0000000001
 43
0.00000001
 40
0.0
 40
0.0
 40
0.0
 40
0.0
 40
0.0469539174285908
 40
0.5833848163138676
 40
1.0
 40
1.0
 40
1.0
 40
1.0
 10
-9.666831908178226
 20
-104.9182168608767
 30
0.0000000000000021
 10
-9.667188174482275
 20
-104.9182786895264
 30
0.0000000000000021
 10
-9.671614649710103
 20
-104.9190468873131
 30
0.0000000000000021
 10
-9.679117095886637
 20
-104.9211266358429
 30
0.0000000000000022
 10
-9.68562640094289
 20
-104.9245433429716
 30
0.0000000000000022
 10
-9.688471882783984
 20
-104.9260369245456
 30
0.0000000000000022
  0
SPLINE
  5
70B
330
1F
100
AcDbEntity
  8
Hidden
370
    -3
100
AcDbSpline
210
0.0
220
0.0
230
1.0
 70
     8
 71
     3
 72
    11
 73
     7
 74
     0
 42
0.0000000001
 43
0.00000001
 40
0.0
 40
0.0
 40
0.0
 40
0.0
 40
0.0994911632529674
 40
0.4974247437065959
 40
0.8953573568609375
 40
1.0
 40
1.0
 40
1.0
 40
1.0
 10
-9.688471882783986
 20
-104.9260369245456
 30
0.0000000000000022
 10
-9.689412415161005
 20
-104.9266052931519
 30
0.0000000000000022
 10
-9.694114783303952
 20
-104.9294469586734
 30
0.0000000000000022
 10
-9.701813580551763
 20
-104.9357781313996
 30
0.0000000000000023
 10
-9.708182594637629
 20
-104.9435207118809
 30
0.0000000000000023
 10
-9.711044894406747
 20
-104.9482772007015
 30
0.0000000000000023
 10
-9.711640862094264
 20
-104.9492675629528
 30
0.0000000000000023
  0
SPLINE
  5
70C
330
1F
100
AcDbEntity
  8
Hidden
370
    -3
100
AcDbSpline
210
0.0
220
0.0
230
1.0
 70
     8
 71
     3
 72
    10
 73
     6
 74
     0
 42
0.0000000001
 43
0.00000001
 40
0.0
 40
0.0
 40
0.0
 40
0.0
 40
0.3366138151121578
 40
0.6933995764130738
 40
1.0
 40
1.0
 40
1.0
 40
1.0
 10
-9.72026432463021
 20
-105.4933367736775
 30
-0.0000000000000001
 10
-9.720049759531143
 20
-105.4972361966511
 30
-0.0000000000000001
 10
-9.719607771287858
 20
-105.5052687197289
 30
-0.0000000000000002
 10
-9.716361040543234
 20
-105.5165308888613
 30
-0.0000000000000002
 10
-9.712718402385654
 20
-105.5233063071048
 30
-0.0000000000000003
 10
-9.711034866569673
 20
-105.5264377351489
 30
-0.0000000000000003
  0
SPLINE
  5
70D
330
1F
100
AcDbEntity
  8
Hidden
370
    -3
100
AcDbSpline
210
0.0
220
0.0
230
1.0
 70
     8
 71
     3
 72
    10
 73
     6
 74
     0
 42
0.0000000001
 43
0.00000001
 40
0.0
 40
0.0
 40
0.0
 40
0.0
 40
0.1070119702947661
 40
0.7289489599917314
 40
1.0
 40
1.0
 40
1.0
 40
1.0
 10
-9.711034866569673
 20
-105.5264377351489
 30
-0.0000000000000003
 10
-9.710636225473353
 20
-105.5270801730986
 30
-0.0000000000000003
 10
-9.707920744095237
 20
-105.5314563608659
 30
-0.0000000000000004
 10
-9.703439446607367
 20
-105.537023675427
 30
-0.0000000000000004
 10
-9.698707196320257
 20
-105.5412003605702
 30
-0.0000000000000005
 10
-9.697270803760409
 20
-105.542468120959
 30
-0.0000000000000005
  0
LINE
  5
70E
330
1F
100
AcDbEntity
  8
Hidden
370
    -3
100
AcDbLine
 10
-9.66683211154886
 20
-105.5564566864825
 30
-0.0000000000000008
 11
-9.656254643625575
 21
-105.5573367736813
 31
-0.0000000000000008
  0
SPLINE
  5
70F
330
1F
100
AcDbEntity
  8
Hidden
370
    -3
100
AcDbSpline
210
0.0
220
0.0
230
1.0
 70
    24
 71
     3
 72
     9
 73
     5
 74
     0
 42
0.0000000001
 43
0.00000001
 40
0.0
 40
0.0
 40
0.0
 40
0.0
 40
0.2373523009803874
 40
1.0
 40
1.0
 40
1.0
 40
1.0
 10
-9.65600000000055
 20
-105.5573367736813
 30
-0.0000000000000008
 10
-9.656006655256714
 20
-105.5573367736813
 30
-0.0000000000000008
 10
-9.656034694825479
 20
-105.5573367736812
 30
-0.0000000000000008
 10
-9.65606273439425
 20
-105.5573367736812
 30
-0.0000000000000008
 10
-9.656084118706854
 20
-105.5573367736813
 30
-0.0000000000000008
  0
LINE
  5
710
330
1F
100
AcDbEntity
  8
Hidden
370
    -3
100
AcDbLine
 10
-9.144178165545584
 20
-104.9173367736813
 30
-0.0000000000000017
 11
-9.14093763523923
 21
-104.9174188676423
 31
-0.0000000000000017
  0
LINE
  5
711
330
1F
100
AcDbEntity
  8
Hidden
370
    -3
100
AcDbLine
 10
-9.14093763523923
 20
-104.9174188676423
 30
-0.0000000000000017
 11
-9.132781298016512
 21
-104.9183597262449
 31
-0.0000000000000018
  0
SPLINE
  5
712
330
1F
100
AcDbEntity
  8
Hidden
370
    -3
100
AcDbSpline
210
0.0
220
0.0
230
1.0
 70
     8
 71
     3
 72
    10
 73
     6
 74
     0
 42
0.0000000001
 43
0.00000001
 40
0.0
 40
0.0
 40
0.0
 40
0.0
 40
0.010080632282255
 40
0.5044040295762056
 40
1.0
 40
1.0
 40
1.0
 40
1.0
 10
-9.132781298016512
 20
-104.9183597262449
 30
-0.0000000000000018
 10
-9.13269841419166
 20
-104.9183748449927
 30
-0.0000000000000018
 10
-9.12855116091713
 20
-104.919131340926
 30
-0.0000000000000018
 10
-9.120397233403374
 20
-104.921363809153
 30
-0.0000000000000019
 10
-9.113178640184243
 20
-104.9254560258943
 30
-0.0000000000000019
 10
-9.109564703708008
 20
-104.927504764603
 30
-0.000000000000002
  0
SPLINE
  5
713
330
1F
100
AcDbEntity
  8
Hidden
370
    -3
100
AcDbSpline
210
0.0
220
0.0
230
1.0
 70
     8
 71
     3
 72
    13
 73
     9
 74
     0
 42
0.0000000001
 43
0.00000001
 40
0.0
 40
0.0
 40
0.0
 40
0.0
 40
0.0076081053378489
 40
0.2140824226642363
 40
0.4205570885403326
 40
0.6227413909129758
 40
0.8168557825287582
 40
1.0
 40
1.0
 40
1.0
 40
1.0
 10
-9.109564703708008
 20
-104.927504764603
 30
-0.000000000000002
 10
-9.109428717563192
 20
-104.9275926840406
 30
-0.000000000000002
 10
-9.105602240137067
 20
-104.9300666253646
 30
-0.000000000000002
 10
-9.098602179879856
 20
-104.9357634731646
 30
-0.0000000000000021
 10
-9.090279442659094
 20
-104.9459936375413
 30
-0.0000000000000022
 10
-9.084374660994998
 20
-104.9574648379627
 30
-0.0000000000000023
 10
-9.080814059557175
 20
-104.9693925091564
 30
-0.0000000000000024
 10
-9.080386346025158
 20
-104.9774332905394
 30
-0.0000000000000024
 10
-9.080178707926947
 20
-104.9813367736641
 30
-0.0000000000000024
  0
SPLINE
  5
714
330
1F
100
AcDbEntity
  8
Hidden
370
    -3
100
AcDbSpline
210
0.0
220
0.0
230
1.0
 70
    24
 71
     3
 72
     9
 73
     5
 74
     0
 42
0.0000000001
 43
0.00000001
 40
0.0
 40
0.0
 40
0.0
 40
0.0
 40
0.237226171037023
 40
1.0
 40
1.0
 40
1.0
 40
1.0
 10
-9.144000000000549
 20
-104.9173367736813
 30
-0.0000000000000017
 10
-9.144004499799685
 20
-104.9173367736813
 30
-0.0000000000000017
 10
-9.144023468192241
 20
-104.9173367736813
 30
-0.0000000000000017
 10
-9.144042436584796
 20
-104.9173367736813
 30
-0.0000000000000017
 10
-9.14405690517821
 20
-104.9173367736813
 30
-0.0000000000000017
  0
LINE
  5
715
330
1F
100
AcDbEntity
  8
Hidden
370
    -3
100
AcDbLine
 10
-9.102151375009178
 20
-105.4933367736813
 30
-0.0000000000000046
 11
-9.719999998470211
 21
-105.4933367736813
 31
-0.0000000000000001
  0
LINE
  5
716
330
1F
100
AcDbEntity
  8
Hidden
370
    -3
100
AcDbLine
 10
-9.700939368614474
 20
-104.9813367736813
 30
0.0000000000000021
 11
-9.102151023600646
 21
-104.9813367736812
 31
-0.0000000000000023
  0
LINE
  5
717
330
1F
100
AcDbEntity
  8
Hidden
370
    -3
100
AcDbLine
 10
-1.290000000000596
 20
-104.9813367736813
 30
-0.0000000000000031
 11
-1.999999999999887
 21
-104.9813367736813
 31
0.000000000000002
  0
LINE
  5
718
330
1F
100
AcDbEntity
  8
Hidden
370
    -3
100
AcDbLine
 10
-1.999999999999887
 20
-104.9813367736813
 30
0.000000000000002
 11
-3.599999999999183
 21
-104.9813367736813
 31
-0.0000000000000003
  0
LINE
  5
719
330
1F
100
AcDbEntity
  8
Hidden
370
    -3
100
AcDbLine
 10
-3.599999999999183
 20
-104.9813367736813
 30
-0.0000000000000003
 11
-3.649999999999095
 21
-104.9813367736813
 31
0.0
  0
LINE
  5
71A
330
1F
100
AcDbEntity
  8
Hidden
370
    -3
100
AcDbLine
 10
-3.649999999999095
 20
-104.9813367736813
 30
0.0
 11
-4.249999999999581
 21
-104.9813367736813
 31
0.0000000000000043
  0
LINE
  5
71B
330
1F
100
AcDbEntity
  8
Hidden
370
    -3
100
AcDbLine
 10
-4.249999999999581
 20
-104.9813367736813
 30
0.0000000000000043
 11
-6.15000000000137
 21
-104.9813367736813
 31
0.0000000000000042
  0
LINE
  5
71C
330
1F
100
AcDbEntity
  8
Hidden
370
    -3
100
AcDbLine
 10
-6.15000000000137
 20
-104.9813367736813
 30
0.0000000000000042
 11
-6.367999076129454
 21
-104.9813367736813
 31
0.0000000000000058
  0
LINE
  5
71D
330
1F
100
AcDbEntity
  8
Hidden
370
    -3
100
AcDbLine
 10
-6.367999076128742
 20
-105.4933367736812
 30
0.0000000000000035
 11
-6.15000000000061
 21
-105.4933367736812
 31
0.0000000000000019
  0
LINE
  5
71E
330
1F
100
AcDbEntity
  8
Hidden
370
    -3
100
AcDbLine
 10
-6.15000000000061
 20
-105.4933367736812
 30
0.0000000000000019
 11
-4.249999999999586
 21
-105.4933367736812
 31
0.0000000000000021
  0
LINE
  5
71F
330
1F
100
AcDbEntity
  8
Hidden
370
    -3
100
AcDbLine
 10
-4.249999999999586
 20
-105.4933367736812
 30
0.0000000000000021
 11
-3.649999999999094
 21
-105.4933367736812
 31
-0.0000000000000023
  0
LINE
  5
720
330
1F
100
AcDbEntity
  8
Hidden
370
    -3
100
AcDbLine
 10
-3.649999999999094
 20
-105.4933367736812
 30
-0.0000000000000023
 11
-3.599999999999185
 21
-105.4933367736812
 31
-0.0000000000000026
  0
LINE
  5
721
330
1F
100
AcDbEntity
  8
Hidden
370
    -3
100
AcDbLine
 10
-3.599999999999185
 20
-105.4933367736812
 30
-0.0000000000000026
 11
-1.999999999999884
 21
-105.4933367736812
 31
-0.0000000000000003
  0
LINE
  5
722
330
1F
100
AcDbEntity
  8
Hidden
370
    -3
100
AcDbLine
 10
-1.999999999999884
 20
-105.4933367736812
 30
-0.0000000000000003
 11
-1.290000000000596
 21
-105.4933367736812
 31
-0.0000000000000054
  0
LINE
  5
723
330
1F
100
AcDbEntity
  8
Hidden
370
    -3
100
AcDbLine
 10
-6.367999076222989
 20
-104.9173367736813
 30
0.000000000000006
 11
-6.15000000003737
 21
-104.9173367736813
 31
0.0000000000000045
  0
LINE
  5
724
330
1F
100
AcDbEntity
  8
Hidden
370
    -3
100
AcDbLine
 10
-6.15000000003737
 20
-104.9173367736813
 30
0.0000000000000045
 11
-4.250000000000602
 21
-104.9173367736813
 31
0.0000000000000046
  0
LINE
  5
725
330
1F
100
AcDbEntity
  8
Hidden
370
    -3
100
AcDbLine
 10
-4.250000000000602
 20
-104.9173367736813
 30
0.0000000000000046
 11
-3.65000000000059
 21
-104.9173367736813
 31
0.0000000000000003
  0
LINE
  5
726
330
1F
100
AcDbEntity
  8
Hidden
370
    -3
100
AcDbLine
 10
-3.65000000000059
 20
-104.9173367736813
 30
0.0000000000000003
 11
-3.600000000000692
 21
-104.9173367736813
 31
-0.0000000000000001
  0
LINE
  5
727
330
1F
100
AcDbEntity
  8
Hidden
370
    -3
100
AcDbLine
 10
-3.600000000000692
 20
-104.9173367736813
 30
-0.0000000000000001
 11
-2.000000000000586
 21
-104.9173367736813
 31
0.0000000000000023
  0
LINE
  5
728
330
1F
100
AcDbEntity
  8
Hidden
370
    -3
100
AcDbLine
 10
-2.000000000000586
 20
-104.9173367736813
 30
0.0000000000000023
 11
-1.295599274466596
 21
-104.9173367736813
 31
-0.0000000000000028
  0
LINE
  5
729
330
1F
100
AcDbEntity
  8
Hidden
370
    -3
100
AcDbLine
 10
-1.295599274466596
 20
-105.5573367736813
 30
-0.0000000000000057
 11
-2.000000000000523
 21
-105.5573367736813
 31
-0.0000000000000006
  0
LINE
  5
72A
330
1F
100
AcDbEntity
  8
Hidden
370
    -3
100
AcDbLine
 10
-2.000000000000523
 20
-105.5573367736813
 30
-0.0000000000000006
 11
-3.600000000000677
 21
-105.5573367736813
 31
-0.0000000000000029
  0
LINE
  5
72B
330
1F
100
AcDbEntity
  8
Hidden
370
    -3
100
AcDbLine
 10
-3.600000000000677
 20
-105.5573367736813
 30
-0.0000000000000029
 11
-3.650000000000585
 21
-105.5573367736813
 31
-0.0000000000000026
  0
LINE
  5
72C
330
1F
100
AcDbEntity
  8
Hidden
370
    -3
100
AcDbLine
 10
-3.650000000000585
 20
-105.5573367736813
 30
-0.0000000000000026
 11
-4.249999998347893
 21
-105.5573367736813
 31
0.0000000000000018
  0
LINE
  5
72D
330
1F
100
AcDbEntity
  8
Hidden
370
    -3
100
AcDbLine
 10
-4.249999998347893
 20
-105.5573367736813
 30
0.0000000000000018
 11
-6.150000001282699
 21
-105.5573367736813
 31
0.0000000000000016
  0
LINE
  5
72E
330
1F
100
AcDbEntity
  8
Hidden
370
    -3
100
AcDbLine
 10
-6.150000001282699
 20
-105.5573367736813
 30
0.0000000000000016
 11
-6.367999077376991
 21
-105.5573367736813
 31
0.0000000000000032
  0
SPLINE
  5
72F
330
1F
100
AcDbEntity
  8
Hidden
370
    -3
100
AcDbSpline
210
0.0
220
0.0
230
1.0
 70
     8
 71
     3
 72
    21
 73
    17
 74
     0
 42
0.0000000001
 43
0.00000001
 40
0.0
 40
0.0
 40
0.0
 40
0.0
 40
0.0139516069088287
 40
0.0280691743170411
 40
0.0425469392803564
 40
0.0575651695944677
 40
0.0787007564851793
 40
0.1014098589893349
 40
0.1259562205287506
 40
0.1666536083795944
 40
0.2124765195057175
 40
0.2637938314404571
 40
0.3208679879236082
 40
0.5024342265748385
 40
0.7284326584506995
 40
1.0
 40
1.0
 40
1.0
 40
1.0
 10
-1.290000000000595
 20
-105.4933367736812
 30
-0.0000000000000054
 10
-1.289947091618268
 20
-105.4938944053313
 30
-0.0000000000000054
 10
-1.289840645485138
 20
-105.4950163019051
 30
-0.0000000000000054
 10
-1.289422285738387
 20
-105.4966766397952
 30
-0.0000000000000055
 10
-1.288815439135838
 20
-105.498319800748
 30
-0.0000000000000055
 10
-1.287904518994986
 20
-105.5001387017833
 30
-0.0000000000000055
 10
-1.28660609227518
 20
-105.5021173860965
 30
-0.0000000000000055
 10
-1.284842963805379
 20
-105.5042247907666
 30
-0.0000000000000055
 10
-1.28231931643835
 20
-105.5066954208713
 30
-0.0000000000000055
 10
-1.278812841096094
 20
-105.5094581895484
 30
-0.0000000000000056
 10
-1.274149029091189
 20
-105.5124368467997
 30
-0.0000000000000056
 10
-1.268688182091765
 20
-105.5153496620642
 30
-0.0000000000000057
 10
-1.258096786981959
 20
-105.5201625917389
 30
-0.0000000000000058
 10
-1.240417088503918
 20
-105.5261758477925
 30
-0.0000000000000059
 10
-1.214015095824498
 20
-105.5329212254847
 30
-0.0000000000000062
 10
-1.194397826471908
 20
-105.5365894957052
 30
-0.0000000000000063
 10
-1.183690880835622
 20
-105.5385916076773
 30
-0.0000000000000064
  0
SPLINE
  5
730
330
1F
100
AcDbEntity
  8
Hidden
370
    -3
100
AcDbSpline
210
0.0
220
0.0
230
1.0
 70
     8
 71
     3
 72
    18
 73
    14
 74
     0
 42
0.0000000001
 43
0.00000001
 40
0.0
 40
0.0
 40
0.0
 40
0.0
 40
0.4987835582139193
 40
0.6236520621507597
 40
0.7485705790907154
 40
0.811070533908965
 40
0.8737198363516443
 40
0.8946197712880627
 40
0.9156006054091815
 40
0.9366319690204756
 40
0.957665432690251
 40
0.9787741718425718
 40
1.0
 40
1.0
 40
1.0
 40
1.0
 10
-1.183690880835596
 20
-104.9360819396853
 30
-0.0000000000000037
 10
-1.203352589066559
 20
-104.9398844486042
 30
-0.0000000000000036
 10
-1.227936528696717
 20
-104.94463890069
 30
-0.0000000000000034
 10
-1.256372134215694
 20
-104.9542323353278
 30
-0.0000000000000033
 10
-1.267925806037389
 20
-104.9591090537488
 30
-0.0000000000000032
 10
-1.276678478542631
 20
-104.9639999114583
 30
-0.0000000000000032
 10
-1.281478943413462
 20
-104.96739155692
 30
-0.0000000000000031
 10
-1.284552214528468
 20
-104.9702420001538
 30
-0.0000000000000031
 10
-1.286258856696392
 20
-104.9721008688505
 30
-0.0000000000000031
 10
-1.28776656866437
 20
-104.9741367114944
 30
-0.0000000000000031
 10
-1.288975505169179
 20
-104.9763665681897
 30
-0.0000000000000031
 10
-1.289830537647482
 20
-104.9787853415552
 30
-0.0000000000000031
 10
-1.289943408490113
 20
-104.9804847295827
 30
-0.0000000000000031
 10
-1.290000000000595
 20
-104.9813367736813
 30
-0.0000000000000031
  0
LINE
  5
731
330
1F
100
AcDbEntity
  8
Hidden
370
    -3
100
AcDbLine
 10
-1.284485791107613
 20
-104.9183090774864
 30
-0.0000000000000029
 11
-1.183690880835622
 21
-104.9360819396854
 31
-0.0000000000000037
  0
SPLINE
  5
732
330
1F
100
AcDbEntity
  8
Hidden
370
    -3
100
AcDbSpline
210
0.0
220
0.0
230
1.0
 70
     8
 71
     3
 72
     9
 73
     5
 74
     0
 42
0.0000000001
 43
0.00000001
 40
0.0
 40
0.0
 40
0.0
 40
0.0
 40
0.5599484714454561
 40
1.0
 40
1.0
 40
1.0
 40
1.0
 10
-1.284485791107596
 20
-104.9183090774863
 30
-0.0000000000000029
 10
-1.286549389762915
 20
-104.9179971201294
 30
-0.0000000000000029
 10
-1.290234726468974
 20
-104.9174400021573
 30
-0.0000000000000029
 10
-1.293959973719679
 20
-104.9173683182807
 30
-0.0000000000000028
 10
-1.295599274466596
 20
-104.9173367736813
 30
-0.0000000000000028
  0
LINE
  5
733
330
1F
100
AcDbEntity
  8
Hidden
370
    -3
100
AcDbLine
 10
-1.183690880835622
 20
-105.5385916076771
 30
-0.0000000000000064
 11
-1.284485791095633
 21
-105.556364469874
 31
-0.0000000000000058
  0
SPLINE
  5
734
330
1F
100
AcDbEntity
  8
Hidden
370
    -3
100
AcDbSpline
210
0.0
220
0.0
230
1.0
 70
     8
 71
     3
 72
     9
 73
     5
 74
     0
 42
0.0000000001
 43
0.00000001
 40
0.0
 40
0.0
 40
0.0
 40
0.0
 40
0.5599484711213878
 40
1.0
 40
1.0
 40
1.0
 40
1.0
 10
-1.284485791095597
 20
-105.5563644698743
 30
-0.0000000000000058
 10
-1.286549389751923
 20
-105.5566764272316
 30
-0.0000000000000057
 10
-1.290234726461912
 20
-105.5572335452049
 30
-0.0000000000000057
 10
-1.293959973716683
 20
-105.5573052290817
 30
-0.0000000000000057
 10
-1.295599274466596
 20
-105.5573367736813
 30
-0.0000000000000057
  0
LINE
  5
735
330
1F
100
AcDbEntity
  8
Hidden
370
    -3
100
AcDbLine
 10
-1.284485791107599
 20
-105.5563644698762
 30
-0.0000000000000058
 11
-1.287715569793767
 21
-105.5568493489032
 31
-0.0000000000000057
  0
SPLINE
  5
736
330
1F
100
AcDbEntity
  8
Hidden
 62
     7
370
    -3
100
AcDbSpline
210
0.0
220
0.0
230
1.0
 70
     8
 71
     3
 72
    14
 73
    10
 74
     0
 42
0.0000000001
 43
0.00000001
 40
0.0
 40
0.0
 40
0.0
 40
0.0
 40
0.1212074484001096
 40
0.2690201387589212
 40
0.4224274136123039
 40
0.5718451172757572
 40
0.727605266960588
 40
0.8744012341230593
 40
1.0
 40
1.0
 40
1.0
 40
1.0
 10
-5.003074703516606
 20
-74.52807538502324
 30
-0.0000000000000064
 10
-5.006510433990921
 20
-74.52493730432367
 30
-0.0000000000000064
 10
-5.014136043647245
 20
-74.51797232885079
 30
-0.0000000000000063
 10
-5.027061667870787
 20
-74.5081031436507
 30
-0.0000000000000061
 10
-5.042241828825675
 20
-74.4996921633432
 30
-0.000000000000006
 10
-5.058648729220169
 20
-74.49315699648022
 30
-0.0000000000000059
 10
-5.075592197241055
 20
-74.4892042039682
 30
-0.0000000000000057
 10
-5.091887952107368
 20
-74.48693323562603
 30
-0.0000000000000056
 10
-5.102327670505005
 20
-74.48629450443568
 30
-0.0000000000000055
 10
-5.107141330931606
 20
-74.48599999121826
 30
-0.0000000000000055
  0
SPLINE
  5
737
330
1F
100
AcDbEntity
  8
Hidden
 62
     7
370
    -3
100
AcDbSpline
210
0.0
220
0.0
230
1.0
 70
     8
 71
     3
 72
    12
 73
     8
 74
     0
 42
0.0000000001
 43
0.00000001
 40
0.0
 40
0.0
 40
0.0
 40
0.0
 40
0.1868928031113166
 40
0.3732775370823154
 40
0.5602591395950081
 40
0.7797556975353518
 40
1.0
 40
1.0
 40
1.0
 40
1.0
 10
-5.028433734940608
 20
-74.55421177368126
 30
-0.0000000000000063
 10
-5.032489046065819
 20
-74.55050967882768
 30
-0.0000000000000063
 10
-5.040588643930056
 20
-74.54311555328627
 30
-0.0000000000000062
 10
-5.054463788754386
 20
-74.53411588817296
 30
-0.0000000000000061
 10
-5.070609515119571
 20
-74.52738394256059
 30
-0.0000000000000059
 10
-5.08872525144932
 20
-74.52363031371901
 30
-0.0000000000000058
 10
-5.101610952802462
 20
-74.52280858010084
 30
-0.0000000000000057
 10
-5.108064759036607
 20
-74.52239701464525
 30
-0.0000000000000056
  0
SPLINE
  5
738
330
1F
100
AcDbEntity
  8
Hidden
 62
     7
370
    -3
100
AcDbSpline
210
0.0
220
0.0
230
1.0
 70
     8
 71
     3
 72
    14
 73
    10
 74
     0
 42
0.0000000001
 43
0.00000001
 40
0.0
 40
0.0
 40
0.0
 40
0.0
 40
0.1220084471055781
 40
0.2716126870204945
 40
0.4264909462911665
 40
0.577268625663629
 40
0.7315805824213018
 40
0.8756639810973158
 40
1.0
 40
1.0
 40
1.0
 40
1.0
 10
-4.856427255911606
 20
-74.98648582095925
 30
-0.0000000000000095
 10
-4.852942776486016
 20
-74.98970771903846
 30
-0.0000000000000096
 10
-4.845185700299044
 20
-74.99688024205112
 30
-0.0000000000000097
 10
-4.83195962134784
 20
-75.00697803094398
 30
-0.0000000000000098
 10
-4.816362273090126
 20
-75.0154938139915
 30
-0.0000000000000099
 10
-4.799599008890507
 20
-75.02190634154773
 30
0.0000000000000038
 10
-4.782503655759393
 20
-75.02572537303526
 30
0.0000000000000036
 10
-4.766177686630475
 20
-75.02780360278219
 30
0.0000000000000035
 10
-4.755753035343426
 20
-75.02839815184014
 30
0.0000000000000034
 10
-4.750924175899605
 20
-75.02867355614424
 30
0.0000000000000034
  0
SPLINE
  5
739
330
1F
100
AcDbEntity
  8
Hidden
 62
     7
370
    -3
100
AcDbSpline
210
0.0
220
0.0
230
1.0
 70
     8
 71
     3
 72
    21
 73
    17
 74
     0
 42
0.0000000001
 43
0.00000001
 40
0.0
 40
0.0
 40
0.0
 40
0.0
 40
0.0823481400820454
 40
0.1814660280965746
 40
0.2837901592383202
 40
0.3488626908982292
 40
0.4189945757735434
 40
0.4893068604479188
 40
0.5590180708621539
 40
0.6308199801427713
 40
0.7017075527828068
 40
0.7698742642386134
 40
0.8349896733875147
 40
0.8966178339210836
 40
0.9524866070972969
 40
1.0
 40
1.0
 40
1.0
 40
1.0
 10
-5.456397023427606
 20
-74.91464938897725
 30
-0.0000000000000049
 10
-5.456011392182083
 20
-74.91959729001678
 30
-0.0000000000000049
 10
-5.455161597998929
 20
-74.93050070505645
 30
-0.000000000000005
 10
-5.452405846890374
 20
-74.94741918158626
 30
-0.000000000000005
 10
-5.447627450339373
 20
-74.96281904356043
 30
-0.0000000000000052
 10
-5.441682020380855
 20
-74.97586947658941
 30
-0.0000000000000053
 10
-5.435139388482105
 20
-74.98642705733688
 30
-0.0000000000000053
 10
-5.42713619704568
 20
-74.9962904348366
 30
-0.0000000000000054
 10
-5.417744632086476
 20
-75.00499743594757
 30
-0.0000000000000056
 10
-5.407250442098314
 20
-75.01238525109872
 30
-0.0000000000000057
 10
-5.396034211609664
 20
-75.01841786861614
 30
-0.0000000000000058
 10
-5.384537040266922
 20
-75.02289537597328
 30
-0.0000000000000059
 10
-5.373111267049178
 20
-75.02572337614953
 30
-0.000000000000006
 10
-5.362224318194813
 20
-75.02739186412073
 30
-0.0000000000000061
 10
-5.352313734913002
 20
-75.02826214807604
 30
-0.0000000000000061
 10
-5.346089968688162
 20
-75.02854401360953
 30
-0.0000000000000062
 10
-5.343229588980606
 20
-75.02867355614424
 30
-0.0000000000000062
  0
SPLINE
  5
73A
330
1F
100
AcDbEntity
  8
Hidden
 62
     7
370
    -3
100
AcDbSpline
210
0.0
220
0.0
230
1.0
 70
     8
 71
     3
 72
    21
 73
    17
 74
     0
 42
0.0000000001
 43
0.00000001
 40
0.0
 40
0.0
 40
0.0
 40
0.0
 40
0.0606377292041576
 40
0.1329629681083012
 40
0.2122515930303449
 40
0.2960789339915071
 40
0.3650278419868861
 40
0.4349489214140109
 40
0.50439015583521
 40
0.5734208265649146
 40
0.6550784185064318
 40
0.7337915004379097
 40
0.8074698514305804
 40
0.878832623953344
 40
0.9446055529849828
 40
1.0
 40
1.0
 40
1.0
 40
1.0
 10
-5.341883934335605
 20
-74.48599999121826
 30
-0.0000000000000038
 10
-5.345556016148454
 20
-74.48616450350976
 30
-0.0000000000000038
 10
-5.353607948557221
 20
-74.48652523671751
 30
-0.0000000000000037
 10
-5.36641220230316
 20
-74.48788380916208
 30
-0.0000000000000036
 10
-5.380440473452444
 20
-74.49068631204881
 30
-0.0000000000000035
 10
-5.393732633440581
 20
-74.49546554819023
 30
-0.0000000000000034
 10
-5.405728420302088
 20
-74.5017167243441
 30
-0.0000000000000034
 10
-5.416198728868311
 20
-74.50882572215255
 30
-0.0000000000000033
 10
-5.425692481297316
 20
-74.51722213277024
 30
-0.0000000000000033
 10
-5.434284815221753
 20
-74.52748735551332
 30
-0.0000000000000033
 10
-5.441684410623752
 20
-74.53930989630511
 30
-0.0000000000000033
 10
-5.447656081934063
 20
-74.55221859179069
 30
-0.0000000000000033
 10
-5.451751694554715
 20
-74.56518466853673
 30
-0.0000000000000033
 10
-5.454186693834578
 20
-74.57774649045724
 30
-0.0000000000000034
 10
-5.455619401786139
 20
-74.58933405040014
 30
-0.0000000000000034
 10
-5.456153052675214
 20
-74.5966594009168
 30
-0.0000000000000034
 10
-5.456397023427606
 20
-74.60000835303825
 30
-0.0000000000000035
  0
SPLINE
  5
73B
330
1F
100
AcDbEntity
  8
Hidden
 62
     7
370
    -3
100
AcDbSpline
210
0.0
220
0.0
230
1.0
 70
     8
 71
     3
 72
    22
 73
    18
 74
     0
 42
0.0000000001
 43
0.00000001
 40
0.0
 40
0.0
 40
0.0
 40
0.0
 40
0.0596545712278515
 40
0.1307908007663336
 40
0.2075847658509994
 40
0.2874639568649049
 40
0.3543031612622849
 40
0.4229793048049538
 40
0.4920178882321237
 40
0.5613999015221861
 40
0.6327458082963555
 40
0.7031307248815124
 40
0.7708170195886979
 40
0.8355055469720414
 40
0.896798051365779
 40
0.9524739594020278
 40
1.0
 40
1.0
 40
1.0
 40
1.0
 10
-4.383602976573605
 20
-74.60000835303825
 30
0.0000000000000027
 10
-4.383867538929371
 20
-74.59640164744961
 30
0.0000000000000027
 10
-4.384447583704665
 20
-74.58849405709474
 30
0.0000000000000027
 10
-4.386067513267033
 20
-74.57600763314029
 30
0.0000000000000028
 10
-4.388904773348318
 20
-74.56246662232833
 30
0.0000000000000029
 10
-4.393418602493587
 20
-74.54964579154252
 30
0.000000000000003
 10
-4.39918399852999
 20
-74.53790640791351
 30
0.0000000000000031
 10
-4.405838214903711
 20
-74.52741243686762
 30
0.0000000000000032
 10
-4.413850907173325
 20
-74.51769484164308
 30
0.0000000000000033
 10
-4.423345443315
 20
-74.50917221083448
 30
0.0000000000000034
 10
-4.43392221133988
 20
-74.50191231983509
 30
0.0000000000000035
 10
-4.445193791480188
 20
-74.4960111991301
 30
0.0000000000000036
 10
-4.456714416782142
 20
-74.49163640266599
 30
0.0000000000000037
 10
-4.468148507044055
 20
-74.48887287032905
 30
0.0000000000000038
 10
-4.479048277999909
 20
-74.48724570365304
 30
0.0000000000000039
 10
-4.48898799953958
 20
-74.48639886822235
 30
0.0000000000000039
 10
-4.495237895237562
 20
-74.48612576112195
 30
0.000000000000004
 10
-4.498116065665607
 20
-74.48599999121826
 30
0.000000000000004
  0
SPLINE
  5
73C
330
1F
100
AcDbEntity
  8
Hidden
 62
     7
370
    -3
100
AcDbSpline
210
0.0
220
0.0
230
1.0
 70
     8
 71
     3
 72
    21
 73
    17
 74
     0
 42
0.0000000001
 43
0.00000001
 40
0.0
 40
0.0
 40
0.0
 40
0.0
 40
0.0606377292041766
 40
0.1329629681083189
 40
0.2122515930303376
 40
0.2960789339915176
 40
0.3650278419868796
 40
0.4349489214140122
 40
0.5043901558352183
 40
0.5734208265649167
 40
0.6550784185064287
 40
0.7337915004379106
 40
0.8074698514305811
 40
0.8788326239533429
 40
0.9446055529849827
 40
1.0
 40
1.0
 40
1.0
 40
1.0
 10
-4.498116065665607
 20
-75.02867355614424
 30
0.0000000000000016
 10
-4.494443983852756
 20
-75.02850904385274
 30
0.0000000000000016
 10
-4.486392051443991
 20
-75.02814831064498
 30
0.0000000000000015
 10
-4.473587797698054
 20
-75.02678973820039
 30
0.0000000000000014
 10
-4.459559526548765
 20
-75.02398723531371
 30
0.0000000000000013
 10
-4.44626736656063
 20
-75.01920799917228
 30
0.0000000000000012
 10
-4.434271579699122
 20
-75.0129568230184
 30
0.0000000000000012
 10
-4.423801271132899
 20
-75.00584782520993
 30
0.0000000000000011
 10
-4.414307518703892
 20
-74.99745141459226
 30
0.0000000000000011
 10
-4.405715184779459
 20
-74.98718619184923
 30
0.0000000000000011
 10
-4.398315589377459
 20
-74.97536365105738
 30
0.0000000000000011
 10
-4.392343918067148
 20
-74.96245495557184
 30
0.0000000000000011
 10
-4.388248305446496
 20
-74.94948887882576
 30
0.0000000000000011
 10
-4.385813306166638
 20
-74.93692705690529
 30
0.0000000000000012
 10
-4.38438059821507
 20
-74.92533949696234
 30
0.0000000000000012
 10
-4.383846947325996
 20
-74.9180141464457
 30
0.0000000000000012
 10
-4.383602976573605
 20
-74.91466519432426
 30
0.0000000000000013
  0
SPLINE
  5
73D
330
1F
100
AcDbEntity
  8
Hidden
 62
     7
370
    -3
100
AcDbSpline
210
0.0
220
0.0
230
1.0
 70
     8
 71
     3
 72
    17
 73
    13
 74
     0
 42
0.0000000001
 43
0.00000001
 40
0.0
 40
0.0
 40
0.0
 40
0.0
 40
0.0933999920567046
 40
0.1867574867910684
 40
0.2800562274025742
 40
0.3734580972469355
 40
0.4667312795134802
 40
0.5600080371125326
 40
0.6698969458308539
 40
0.7800268505651078
 40
0.8899007684920149
 40
1.0
 40
1.0
 40
1.0
 40
1.0
 10
-5.341121987952608
 20
-74.52239701464525
 30
-0.0000000000000039
 10
-5.345063163853158
 20
-74.52258263306588
 30
-0.0000000000000039
 10
-5.352943722405471
 20
-74.52295378545018
 30
-0.0000000000000039
 10
-5.364701630090018
 20
-74.52444102707678
 30
-0.0000000000000038
 10
-5.376174291640258
 20
-74.52753451495913
 30
-0.0000000000000037
 10
-5.386917660416541
 20
-74.53263009352324
 30
-0.0000000000000037
 10
-5.396570072987187
 20
-74.53958606134283
 30
-0.0000000000000036
 10
-5.405094143678638
 20
-74.54887910494949
 30
-0.0000000000000036
 10
-5.411799518445057
 20
-74.5604026213607
 30
-0.0000000000000036
 10
-5.416485525063861
 20
-74.57359970747136
 30
-0.0000000000000036
 10
-5.418935718565232
 20
-74.5873716739514
 30
-0.0000000000000037
 10
-5.419644997356011
 20
-74.59663741221642
 30
-0.0000000000000037
 10
-5.420000000000608
 20
-74.60127502669326
 30
-0.0000000000000037
  0
SPLINE
  5
73E
330
1F
100
AcDbEntity
  8
Hidden
 62
     7
370
    -3
100
AcDbSpline
210
0.0
220
0.0
230
1.0
 70
     8
 71
     3
 72
    12
 73
     8
 74
     0
 42
0.0000000001
 43
0.00000001
 40
0.0
 40
0.0
 40
0.0
 40
0.0
 40
0.186855039258369
 40
0.3732563233278348
 40
0.5601937441481256
 40
0.7798129138866184
 40
1.0
 40
1.0
 40
1.0
 40
1.0
 10
-4.830956325301607
 20
-74.96046177368125
 30
-0.0000000000000096
 10
-4.826863241104112
 20
-74.96424582687106
 30
-0.0000000000000096
 10
-4.818687012276182
 20
-74.97180474412862
 30
-0.0000000000000097
 10
-4.804566081293853
 20
-74.98090716863669
 30
0.000000000000004
 10
-4.788079281406285
 20
-74.98753639835424
 30
0.0000000000000039
 10
-4.769643608996301
 20
-74.99109433182034
 30
0.0000000000000037
 10
-4.75655852194949
 20
-74.99188212666171
 30
0.0000000000000036
 10
-4.750007530120608
 20
-74.99227653271726
 30
0.0000000000000036
  0
SPLINE
  5
73F
330
1F
100
AcDbEntity
  8
Hidden
 62
     7
370
    -3
100
AcDbSpline
210
0.0
220
0.0
230
1.0
 70
     8
 71
     3
 72
    16
 73
    12
 74
     0
 42
0.0000000001
 43
0.00000001
 40
0.0
 40
0.0
 40
0.0
 40
0.0
 40
0.1121246441243821
 40
0.2239620254534062
 40
0.3361387354537099
 40
0.4480242098259329
 40
0.5600257147508688
 40
0.6699448167673812
 40
0.7799640500583167
 40
0.8898945527588633
 40
1.0
 40
1.0
 40
1.0
 40
1.0
 10
-5.420000000000608
 20
-74.91339852066925
 30
-0.0000000000000051
 10
-5.419642781800684
 20
-74.91808175315582
 30
-0.0000000000000052
 10
-5.418929260592138
 20
-74.92743621971003
 30
-0.0000000000000052
 10
-5.4163680260375
 20
-74.9413193034305
 30
-0.0000000000000053
 10
-5.411762645711098
 20
-74.95467651484336
 30
-0.0000000000000054
 10
-5.404677836944969
 20
-74.9669729696723
 30
-0.0000000000000055
 10
-5.394844628384138
 20
-74.97711056485764
 30
-0.0000000000000056
 10
-5.383029302825296
 20
-74.98464705474774
 30
-0.0000000000000057
 10
-5.36995493028224
 20
-74.98941685554549
 30
-0.0000000000000058
 10
-5.356249396369313
 20
-74.99158848041576
 30
-0.0000000000000059
 10
-5.347045410759567
 20
-74.9920470604153
 30
-0.000000000000006
 10
-5.342439759036607
 20
-74.99227653271726
 30
-0.000000000000006
  0
SPLINE
  5
740
330
1F
100
AcDbEntity
  8
Hidden
 62
     7
370
    -3
100
AcDbSpline
210
0.0
220
0.0
230
1.0
 70
     8
 71
     3
 72
    17
 73
    13
 74
     0
 42
0.0000000001
 43
0.00000001
 40
0.0
 40
0.0
 40
0.0
 40
0.0
 40
0.0933999920567047
 40
0.1867574867910686
 40
0.2800562274025745
 40
0.373458097246936
 40
0.4667312795134808
 40
0.5600080371125333
 40
0.6698969458308547
 40
0.7800268505651088
 40
0.889900768492016
 40
1.0
 40
1.0
 40
1.0
 40
1.0
 10
-4.498878012048606
 20
-74.99227653271726
 30
0.0000000000000017
 10
-4.494936836148055
 20
-74.9920909142966
 30
0.0000000000000017
 10
-4.487056277595741
 20
-74.99171976191234
 30
0.0000000000000017
 10
-4.475298369911195
 20
-74.99023252028569
 30
0.0000000000000016
 10
-4.463825708360956
 20
-74.98713903240336
 30
0.0000000000000015
 10
-4.453082339584675
 20
-74.98204345383928
 30
0.0000000000000015
 10
-4.443429927014027
 20
-74.97508748601967
 30
0.0000000000000014
 10
-4.434905856322576
 20
-74.965794442413
 30
0.0000000000000014
 10
-4.428200481556158
 20
-74.95427092600184
 30
0.0000000000000014
 10
-4.423514474937352
 20
-74.94107383989113
 30
0.0000000000000014
 10
-4.42106428143598
 20
-74.9273018734111
 30
0.0000000000000015
 10
-4.420355002645204
 20
-74.91803613514607
 30
0.0000000000000015
 10
-4.420000000000607
 20
-74.91339852066925
 30
0.0000000000000015
  0
SPLINE
  5
741
330
1F
100
AcDbEntity
  8
Hidden
 62
     7
370
    -3
100
AcDbSpline
210
0.0
220
0.0
230
1.0
 70
     8
 71
     3
 72
    17
 73
    13
 74
     0
 42
0.0000000001
 43
0.00000001
 40
0.0
 40
0.0
 40
0.0
 40
0.0
 40
0.0934255645619331
 40
0.1867216217490866
 40
0.2800589656083509
 40
0.3735456079566496
 40
0.4667365772954793
 40
0.560051182083221
 40
0.6699656153838167
 40
0.7799852648294452
 40
0.8899065930876342
 40
1.0
 40
1.0
 40
1.0
 40
1.0
 10
-4.420000000000608
 20
-74.60127502669327
 30
0.0000000000000029
 10
-4.420297920664182
 20
-74.59733984485088
 30
0.0000000000000029
 10
-4.420893349010973
 20
-74.58947493615128
 30
0.000000000000003
 10
-4.42266512981529
 20
-74.5777588441057
 30
0.0000000000000031
 10
-4.425891149311481
 20
-74.5663347695361
 30
0.0000000000000031
 10
-4.430801534794284
 20
-74.55552194067187
 30
0.0000000000000032
 10
-4.437486186082092
 20
-74.5456781441533
 30
0.0000000000000033
 10
-4.446557879278053
 20
-74.53692339265724
 30
0.0000000000000034
 10
-4.457898934943344
 20
-74.52989750086861
 30
0.0000000000000035
 10
-4.471118985395097
 20
-74.52519734162955
 30
0.0000000000000036
 10
-4.484949375901467
 20
-74.52306558308537
 30
0.0000000000000037
 10
-4.494232713094737
 20
-74.52261998696231
 30
0.0000000000000038
 10
-4.498878012048606
 20
-74.52239701464525
 30
0.0000000000000039
  0
ENDSEC
  0
SECTION
  2
OBJECTS
  0
DICTIONARY
  5
C
330
0
100
AcDbDictionary
281
     1
  3
ACAD_DETAILVIEWSTYLE
350
77D
  3
ACAD_GROUP
350
D
  3
ACAD_LAYOUT
350
1A
  3
ACAD_MATERIAL
350
43
  3
ACAD_MLEADERSTYLE
350
5B
  3
ACAD_MLINESTYLE
350
17
  3
ACAD_PLOTSETTINGS
350
19
  3
ACAD_PLOTSTYLENAME
350
E
  3
ACAD_SCALELIST
350
47
  3
ACAD_SECTIONVIEWSTYLE
350
77E
  3
ACAD_TABLESTYLE
350
59
  3
ACAD_VISUALSTYLE
350
2A
  3
ACDB_RECOMPOSE_DATA
350
77A
  3
AcDbVariableDictionary
350
742
  0
SUN
  5
5D
330
29
100
AcDbSun
 90
        1
290
     0
 63
     7
421
 16777215
 40
1.0
291
     1
 91
  2455826
 92
 54000000
292
     0
 70
     2
 71
   256
280
     1
  0
DICTIONARY
  5
77D
102
{ACAD_REACTORS
330
C
102
}
330
C
100
AcDbDictionary
281
     1
  0
DICTIONARY
  5
D
102
{ACAD_REACTORS
330
C
102
}
330
C
100
AcDbDictionary
281
     1
  0
DICTIONARY
  5
1A
102
{ACAD_REACTORS
330
C
102
}
330
C
100
AcDbDictionary
281
     1
  3
Layout1
350
1E
  3
Layout2
350
26
  3
Model
350
22
  0
DICTIONARY
  5
43
102
{ACAD_REACTORS
330
C
102
}
330
C
100
AcDbDictionary
281
     1
  3
ByBlock
350
45
  3
ByLayer
350
44
  3
Global
350
46
  0
DICTIONARY
  5
5B
102
{ACAD_REACTORS
330
C
102
}
330
C
100
AcDbDictionary
281
     1
  3
Standard
350
5C
  0
DICTIONARY
  5
17
102
{ACAD_REACTORS
330
C
102
}
330
C
100
AcDbDictionary
281
     1
  3
Standard
350
18
  0
DICTIONARY
  5
19
102
{ACAD_REACTORS
330
C
102
}
330
C
100
AcDbDictionary
281
     1
  0
ACDBDICTIONARYWDFLT
  5
E
102
{ACAD_REACTORS
330
C
102
}
330
C
100
AcDbDictionary
281
     1
  3
Normal
350
F
100
AcDbDictionaryWithDefault
340
F
  0
DICTIONARY
  5
47
102
{ACAD_REACTORS
330
C
102
}
330
C
100
AcDbDictionary
281
     1
  3
A0
350
48
  3
A1
350
49
  3
A2
350
4A
  3
A3
350
4B
  3
A4
350
4C
  3
A5
350
4D
  3
A6
350
4E
  3
A7
350
4F
  3
A8
350
50
  3
A9
350
51
  3
B0
350
52
  3
B1
350
53
  3
B2
350
54
  3
B3
350
55
  3
B4
350
56
  3
B5
350
57
  3
B6
350
58
  0
DICTIONARY
  5
77E
102
{ACAD_REACTORS
330
C
102
}
330
C
100
AcDbDictionary
281
     1
  0
DICTIONARY
  5
59
102
{ACAD_REACTORS
330
C
102
}
330
C
100
AcDbDictionary
281
     1
  3
Standard
350
5A
  0
DICTIONARY
  5
2A
102
{ACAD_REACTORS
330
C
102
}
330
C
100
AcDbDictionary
281
     1
  3
2dWireframe
350
2F
  3
Basic
350
32
  3
Brighten
350
36
  3
ColorChange
350
3A
  3
Conceptual
350
34
  3
Dim
350
35
  3
EdgeColorOff
350
3D
  3
Facepattern
350
39
  3
Flat
350
2B
  3
FlatWithEdges
350
2C
  3
Gouraud
350
2D
  3
GouraudWithEdges
350
2E
  3
Hidden
350
31
  3
JitterOff
350
3B
  3
Linepattern
350
38
  3
OverhangOff
350
3C
  3
Realistic
350
33
  3
Shaded
350
42
  3
Shaded with edges
350
41
  3
Shades of Gray
350
3E
  3
Sketchy
350
3F
  3
Thicken
350
37
  3
Wireframe
350
30
  3
X-Ray
350
40
  0
XRECORD
  5
77A
102
{ACAD_REACTORS
330
C
102
}
330
C
100
AcDbXrecord
280
     1
 90
        1
330
5A
  0
DICTIONARY
  5
742
102
{ACAD_REACTORS
330
C
102
}
330
C
100
AcDbDictionary
281
     1
  3
CANNOSCALE
350
743
  3
CENTEREXE
350
77F
  3
CENTERLTYPEFILE
350
780
  3
CMLEADERSTYLE
350
77C
  3
CTABLESTYLE
350
77B
  3
XCLIPFRAME
350
744
  0
LAYOUT
  5
1E
102
{ACAD_REACTORS
330
1A
102
}
330
1A
100
AcDbPlotSettings
  1

  2
none_device
  4

  6

 40
0.0
 41
0.0
 42
0.0
 43
0.0
 44
0.0
 45
0.0
 46
0.0
 47
0.0
 48
0.0
 49
0.0
140
0.0
141
0.0
142
1.0
143
1.0
 70
   688
 72
     1
 73
     0
 74
     5
  7

 75
    16
 76
     0
 77
     2
 78
   300
147
1.0
148
0.0
149
0.0
100
AcDbLayout
  1
Layout1
 70
     1
 71
     1
 10
0.0
 20
0.0
 11
420.0
 21
297.0
 12
0.0
 22
0.0
 32
0.0
 14
1.000000000000000E+20
 24
1.000000000000000E+20
 34
1.000000000000000E+20
 15
-1.000000000000000E+20
 25
-1.000000000000000E+20
 35
-1.000000000000000E+20
146
0.0
 13
0.0
 23
0.0
 33
0.0
 16
1.0
 26
0.0
 36
0.0
 17
0.0
 27
1.0
 37
0.0
 76
     0
330
1B
  0
LAYOUT
  5
26
102
{ACAD_REACTORS
330
1A
102
}
330
1A
100
AcDbPlotSettings
  1

  2
none_device
  4

  6

 40
0.0
 41
0.0
 42
0.0
 43
0.0
 44
0.0
 45
0.0
 46
0.0
 47
0.0
 48
0.0
 49
0.0
140
0.0
141
0.0
142
1.0
143
1.0
 70
   688
 72
     1
 73
     0
 74
     5
  7

 75
    16
 76
     0
 77
     2
 78
   300
147
1.0
148
0.0
149
0.0
100
AcDbLayout
  1
Layout2
 70
     1
 71
     2
 10
0.0
 20
0.0
 11
0.0
 21
0.0
 12
0.0
 22
0.0
 32
0.0
 14
0.0
 24
0.0
 34
0.0
 15
0.0
 25
0.0
 35
0.0
146
0.0
 13
0.0
 23
0.0
 33
0.0
 16
1.0
 26
0.0
 36
0.0
 17
0.0
 27
1.0
 37
0.0
 76
     0
330
23
  0
LAYOUT
  5
22
102
{ACAD_REACTORS
330
1A
102
}
330
1A
100
AcDbPlotSettings
  1

  2
none_device
  4
Letter_(8.50_x_11.00_Inches)
  6

 40
6.35
 41
6.35
 42
6.35000508
 43
6.35000508
 44
215.9
 45
279.4
 46
0.0
 47
0.0
 48
0.0
 49
0.0
140
0.0
141
0.0
142
1.0
143
1.0
 70
  1712
 72
     1
 73
     0
 74
     0
  7

 75
     0
 76
     0
 77
     2
 78
   300
147
1.0
148
0.0
149
0.0
100
AcDbLayout
  1
Model
 70
     1
 71
     0
 10
0.0
 20
0.0
 11
420.0
 21
297.0
 12
0.0
 22
0.0
 32
0.0
 14
-9.720264324630211
 24
-113.6900033903118
 34
-87.05000181794213
 15
17.00000092387141
 25
-66.31900339031183
 35
-87.05000181794209
146
0.0
 13
0.0
 23
0.0
 33
0.0
 16
1.0
 26
0.0
 36
0.0
 17
0.0
 27
1.0
 37
0.0
 76
     0
330
1F
331
29
  0
MATERIAL
  5
45
102
{ACAD_REACTORS
330
43
102
}
330
43
100
AcDbMaterial
  1
ByBlock
 72
     1
 94
      127
  0
MATERIAL
  5
44
102
{ACAD_REACTORS
330
43
102
}
330
43
100
AcDbMaterial
  1
ByLayer
 72
     1
 94
      127
  0
MATERIAL
  5
46
102
{ACAD_REACTORS
330
43
102
}
330
43
100
AcDbMaterial
  1
Global
 72
     1
 94
      127
  0
MLEADERSTYLE
  5
5C
102
{ACAD_REACTORS
330
5B
102
}
102
{ACAD_XDICTIONARY
360
778
102
}
330
5B
100
AcDbMLeaderStyle
170
     2
171
     1
172
     0
 90
        2
 40
0.0
 41
0.0
173
     1
 91
-1056964608
340
14
 92
       -2
290
     1
 42
2.0
291
     1
 43
8.0
  3
Standard
341
0
 44
4.0
300

342
11
174
     1
178
     6
175
     1
176
     0
 93
-1056964608
 45
4.0
292
     0
297
     0
 46
4.0
343
0
 94
-1056964608
 47
1.0
 49
1.0
140
1.0
293
     1
141
0.0
294
     1
177
     0
142
1.0
295
     0
296
     0
143
3.75
1001
ACAD_MLEADERVER
1070
     2
  0
MLINESTYLE
  5
18
102
{ACAD_REACTORS
330
17
102
}
330
17
100
AcDbMlineStyle
  2
Standard
 70
     0
  3

 62
   256
 51
90.0
 52
90.0
 71
     2
 49
0.5
 62
   256
  6
BYLAYER
 49
-0.5
 62
   256
  6
BYLAYER
  0
ACDBPLACEHOLDER
  5
F
102
{ACAD_REACTORS
330
E
102
}
330
E
  0
SCALE
  5
48
102
{ACAD_REACTORS
330
47
102
}
330
47
100
AcDbScale
 70
     0
300
1:1
140
1.0
141
1.0
290
     1
  0
SCALE
  5
49
102
{ACAD_REACTORS
330
47
102
}
330
47
100
AcDbScale
 70
     0
300
1:2
140
1.0
141
2.0
290
     0
  0
SCALE
  5
4A
102
{ACAD_REACTORS
330
47
102
}
330
47
100
AcDbScale
 70
     0
300
1:4
140
1.0
141
4.0
290
     0
  0
SCALE
  5
4B
102
{ACAD_REACTORS
330
47
102
}
330
47
100
AcDbScale
 70
     0
300
1:5
140
1.0
141
5.0
290
     0
  0
SCALE
  5
4C
102
{ACAD_REACTORS
330
47
102
}
330
47
100
AcDbScale
 70
     0
300
1:8
140
1.0
141
8.0
290
     0
  0
SCALE
  5
4D
102
{ACAD_REACTORS
330
47
102
}
330
47
100
AcDbScale
 70
     0
300
1:10
140
1.0
141
10.0
290
     0
  0
SCALE
  5
4E
102
{ACAD_REACTORS
330
47
102
}
330
47
100
AcDbScale
 70
     0
300
1:16
140
1.0
141
16.0
290
     0
  0
SCALE
  5
4F
102
{ACAD_REACTORS
330
47
102
}
330
47
100
AcDbScale
 70
     0
300
1:20
140
1.0
141
20.0
290
     0
  0
SCALE
  5
50
102
{ACAD_REACTORS
330
47
102
}
330
47
100
AcDbScale
 70
     0
300
1:30
140
1.0
141
30.0
290
     0
  0
SCALE
  5
51
102
{ACAD_REACTORS
330
47
102
}
330
47
100
AcDbScale
 70
     0
300
1:40
140
1.0
141
40.0
290
     0
  0
SCALE
  5
52
102
{ACAD_REACTORS
330
47
102
}
330
47
100
AcDbScale
 70
     0
300
1:50
140
1.0
141
50.0
290
     0
  0
SCALE
  5
53
102
{ACAD_REACTORS
330
47
102
}
330
47
100
AcDbScale
 70
     0
300
1:100
140
1.0
141
100.0
290
     0
  0
SCALE
  5
54
102
{ACAD_REACTORS
330
47
102
}
330
47
100
AcDbScale
 70
     0
300
2:1
140
2.0
141
1.0
290
     0
  0
SCALE
  5
55
102
{ACAD_REACTORS
330
47
102
}
330
47
100
AcDbScale
 70
     0
300
4:1
140
4.0
141
1.0
290
     0
  0
SCALE
  5
56
102
{ACAD_REACTORS
330
47
102
}
330
47
100
AcDbScale
 70
     0
300
8:1
140
8.0
141
1.0
290
     0
  0
SCALE
  5
57
102
{ACAD_REACTORS
330
47
102
}
330
47
100
AcDbScale
 70
     0
300
10:1
140
10.0
141
1.0
290
     0
  0
SCALE
  5
58
102
{ACAD_REACTORS
330
47
102
}
330
47
100
AcDbScale
 70
     0
300
100:1
140
100.0
141
1.0
290
     0
  0
TABLESTYLE
  5
5A
102
{ACAD_REACTORS
330
59
102
}
102
{ACAD_XDICTIONARY
360
775
102
}
330
59
100
AcDbTableStyle
  3
Standard
 70
     0
 71
     0
 40
0.06
 41
0.06
280
     0
281
     0
  7
Standard
140
4.5
170
     2
 62
     0
 63
   257
283
     0
 90
        4
 91
        0
  1

274
    -2
284
     1
 64
     0
275
    -2
285
     1
 65
     0
276
    -2
286
     1
 66
     0
277
    -2
287
     1
 67
     0
278
    -2
288
     1
 68
     0
279
    -2
289
     1
 69
     0
  7
Standard
140
6.0
170
     5
 62
     0
 63
   257
283
     0
 90
        4
 91
        0
  1

274
    -2
284
     1
 64
     0
275
    -2
285
     1
 65
     0
276
    -2
286
     1
 66
     0
277
    -2
287
     1
 67
     0
278
    -2
288
     1
 68
     0
279
    -2
289
     1
 69
     0
  7
Standard
140
4.5
170
     5
 62
     0
 63
   257
283
     0
 90
        4
 91
        0
  1

274
    -2
284
     1
 64
     0
275
    -2
285
     1
 65
     0
276
    -2
286
     1
 66
     0
277
    -2
287
     1
 67
     0
278
    -2
288
     1
 68
     0
279
    -2
289
     1
 69
     0
  0
VISUALSTYLE
  5
2F
102
{ACAD_REACTORS
330
2A
102
}
102
{ACAD_XDICTIONARY
360
74D
102
}
330
2A
100
AcDbVisualStyle
  2
2dWireframe
 70
     4
 71
     0
 72
     2
 73
     0
 90
        0
 40
0.6
 41
30.0
 62
     5
 63
     7
421
 16777215
 74
     1
 91
        4
 64
     7
 65
   257
 75
     1
175
     1
 42
1.0
 92
        0
 66
   257
 43
1.0
 76
     1
 77
     6
 78
     2
 67
     7
 79
     5
170
     0
171
     0
290
     0
174
     0
 93
        1
 44
0.0
173
     0
291
     0
 45
0.0
  0
VISUALSTYLE
  5
32
102
{ACAD_REACTORS
330
2A
102
}
102
{ACAD_XDICTIONARY
360
753
102
}
330
2A
100
AcDbVisualStyle
  2
Basic
 70
     7
 71
     1
 72
     0
 73
     1
 90
        0
 40
0.6
 41
30.0
 62
     5
 63
     7
421
 16777215
 74
     0
 91
        4
 64
     7
 65
   257
 75
     1
175
     1
 42
1.0
 92
        8
 66
     7
 43
1.0
 76
     1
 77
     6
 78
     2
 67
     7
 79
     5
170
     0
171
     0
290
     0
174
     0
 93
        1
 44
0.0
173
     0
291
     1
 45
0.0
  0
VISUALSTYLE
  5
36
102
{ACAD_REACTORS
330
2A
102
}
102
{ACAD_XDICTIONARY
360
75B
102
}
330
2A
100
AcDbVisualStyle
  2
Brighten
 70
    12
 71
     2
 72
     2
 73
     0
 90
        0
 40
0.6
 41
30.0
 62
     5
 63
     7
421
 16777215
 74
     1
 91
        4
 64
     7
 65
   257
 75
     1
175
     1
 42
1.0
 92
        8
 66
     7
 43
1.0
 76
     1
 77
     6
 78
     2
 67
     7
 79
     5
170
     0
171
     0
290
     0
174
     0
 93
        1
 44
50.0
173
     0
291
     1
 45
0.0
  0
VISUALSTYLE
  5
3A
102
{ACAD_REACTORS
330
2A
102
}
102
{ACAD_XDICTIONARY
360
763
102
}
330
2A
100
AcDbVisualStyle
  2
ColorChange
 70
    16
 71
     2
 72
     2
 73
     3
 90
        0
 40
0.6
 41
30.0
 62
     5
 63
     8
421
  8421504
 74
     1
 91
        4
 64
     7
 65
   257
 75
     1
175
     1
 42
1.0
 92
        8
 66
     8
424
  8421504
 43
1.0
 76
     1
 77
     6
 78
     2
 67
     7
 79
     5
170
     0
171
     0
290
     0
174
     0
 93
        1
 44
0.0
173
     0
291
     1
 45
0.0
  0
VISUALSTYLE
  5
34
102
{ACAD_REACTORS
330
2A
102
}
102
{ACAD_XDICTIONARY
360
757
102
}
330
2A
100
AcDbVisualStyle
  2
Conceptual
 70
     9
 71
     3
 72
     2
 73
     0
 90
        0
 40
0.6
 41
30.0
 62
     5
 63
     7
421
 16777215
 74
     2
 91
        2
 64
     7
 65
   257
 75
     1
175
     1
 42
179.0
 92
        8
 66
     7
 43
1.0
 76
     1
 77
     6
 78
     2
 67
     7
 79
     3
170
     0
171
     0
290
     0
174
     0
 93
        1
 44
0.0
173
     0
291
     0
 45
0.0
  0
VISUALSTYLE
  5
35
102
{ACAD_REACTORS
330
2A
102
}
102
{ACAD_XDICTIONARY
360
759
102
}
330
2A
100
AcDbVisualStyle
  2
Dim
 70
    11
 71
     2
 72
     2
 73
     0
 90
        0
 40
0.6
 41
30.0
 62
     5
 63
     7
421
 16777215
 74
     1
 91
        4
 64
     7
 65
   257
 75
     1
175
     1
 42
1.0
 92
        8
 66
     7
 43
1.0
 76
     1
 77
     6
 78
     2
 67
     7
 79
     5
170
     0
171
     0
290
     0
174
     0
 93
        1
 44
-50.0
173
     0
291
     1
 45
0.0
  0
VISUALSTYLE
  5
3D
102
{ACAD_REACTORS
330
2A
102
}
102
{ACAD_XDICTIONARY
360
769
102
}
330
2A
100
AcDbVisualStyle
  2
EdgeColorOff
 70
    22
 71
     2
 72
     2
 73
     0
 90
        0
 40
0.6
 41
30.0
 62
     5
 63
     7
421
 16777215
 74
     1
 91
        4
 64
     7
 65
   257
 75
     1
175
     1
 42
1.0
 92
        8
 66
     7
 43
1.0
 76
     1
 77
     6
 78
     2
 67
     7
 79
     5
170
     0
171
     0
290
     0
174
     0
 93
        1
 44
0.0
173
     0
291
     1
 45
0.0
  0
VISUALSTYLE
  5
39
102
{ACAD_REACTORS
330
2A
102
}
102
{ACAD_XDICTIONARY
360
761
102
}
330
2A
100
AcDbVisualStyle
  2
Facepattern
 70
    15
 71
     2
 72
     2
 73
     0
 90
        0
 40
0.6
 41
30.0
 62
     5
 63
     7
421
 16777215
 74
     1
 91
        4
 64
     7
 65
   257
 75
     1
175
     1
 42
1.0
 92
        8
 66
     7
 43
1.0
 76
     1
 77
     6
 78
     2
 67
     7
 79
     5
170
     0
171
     0
290
     0
174
     0
 93
        1
 44
0.0
173
     0
291
     1
 45
0.0
  0
VISUALSTYLE
  5
2B
102
{ACAD_REACTORS
330
2A
102
}
102
{ACAD_XDICTIONARY
360
745
102
}
330
2A
100
AcDbVisualStyle
  2
Flat
 70
     0
 71
     2
 72
     1
 73
     1
 90
        2
 40
0.6
 41
30.0
 62
     5
 63
     7
421
 16777215
 74
     0
 91
        0
 64
     7
 65
   257
 75
     1
175
     1
 42
1.0
 92
        8
 66
     7
 43
1.0
 76
     1
 77
     6
 78
     2
 67
     7
 79
     5
170
     0
171
     0
290
     0
174
     0
 93
       13
 44
0.0
173
     0
291
     1
 45
0.0
  0
VISUALSTYLE
  5
2C
102
{ACAD_REACTORS
330
2A
102
}
102
{ACAD_XDICTIONARY
360
747
102
}
330
2A
100
AcDbVisualStyle
  2
FlatWithEdges
 70
     1
 71
     2
 72
     1
 73
     1
 90
        2
 40
0.6
 41
30.0
 62
     5
 63
     7
421
 16777215
 74
     1
 91
        0
 64
     7
 65
   257
 75
     1
175
     1
 42
1.0
 92
        0
 66
   257
 43
1.0
 76
     1
 77
     6
 78
     2
 67
     7
 79
     5
170
     0
171
     0
290
     0
174
     0
 93
       13
 44
0.0
173
     0
291
     1
 45
0.0
  0
VISUALSTYLE
  5
2D
102
{ACAD_REACTORS
330
2A
102
}
102
{ACAD_XDICTIONARY
360
749
102
}
330
2A
100
AcDbVisualStyle
  2
Gouraud
 70
     2
 71
     2
 72
     2
 73
     1
 90
        2
 40
0.6
 41
30.0
 62
     5
 63
     7
421
 16777215
 74
     0
 91
        0
 64
     7
 65
   257
 75
     1
175
     1
 42
1.0
 92
        0
 66
     7
 43
1.0
 76
     1
 77
     6
 78
     2
 67
     7
 79
     5
170
     0
171
     0
290
     0
174
     0
 93
       13
 44
0.0
173
     0
291
     1
 45
0.0
  0
VISUALSTYLE
  5
2E
102
{ACAD_REACTORS
330
2A
102
}
102
{ACAD_XDICTIONARY
360
74B
102
}
330
2A
100
AcDbVisualStyle
  2
GouraudWithEdges
 70
     3
 71
     2
 72
     2
 73
     1
 90
        2
 40
0.6
 41
30.0
 62
     5
 63
     7
421
 16777215
 74
     1
 91
        0
 64
     7
 65
   257
 75
     1
175
     1
 42
1.0
 92
        0
 66
   257
 43
1.0
 76
     1
 77
     6
 78
     2
 67
     7
 79
     5
170
     0
171
     0
290
     0
174
     0
 93
       13
 44
0.0
173
     0
291
     1
 45
0.0
  0
VISUALSTYLE
  5
31
102
{ACAD_REACTORS
330
2A
102
}
102
{ACAD_XDICTIONARY
360
751
102
}
330
2A
100
AcDbVisualStyle
  2
Hidden
 70
     6
 71
     1
 72
     2
 73
     2
 90
        0
 40
0.6
 41
30.0
 62
     5
 63
     7
421
 16777215
 74
     2
 91
        2
 64
     7
 65
   257
 75
     2
175
     1
 42
40.0
 92
        0
 66
   257
 43
1.0
 76
     1
 77
     6
 78
     2
 67
     7
 79
     3
170
     0
171
     0
290
     0
174
     0
 93
        1
 44
0.0
173
     0
291
     0
 45
0.0
  0
VISUALSTYLE
  5
3B
102
{ACAD_REACTORS
330
2A
102
}
102
{ACAD_XDICTIONARY
360
765
102
}
330
2A
100
AcDbVisualStyle
  2
JitterOff
 70
    20
 71
     2
 72
     2
 73
     0
 90
        0
 40
0.6
 41
30.0
 62
     5
 63
     7
421
 16777215
 74
     1
 91
        4
 64
     7
 65
   257
 75
     1
175
     1
 42
1.0
 92
       10
 66
     7
 43
1.0
 76
     1
 77
     6
 78
     2
 67
     7
 79
     5
170
     0
171
     0
290
     0
174
     0
 93
        1
 44
0.0
173
     0
291
     1
 45
0.0
  0
VISUALSTYLE
  5
38
102
{ACAD_REACTORS
330
2A
102
}
102
{ACAD_XDICTIONARY
360
75F
102
}
330
2A
100
AcDbVisualStyle
  2
Linepattern
 70
    14
 71
     2
 72
     2
 73
     0
 90
        0
 40
0.6
 41
30.0
 62
     5
 63
     7
421
 16777215
 74
     1
 91
        4
 64
     7
 65
   257
 75
     7
175
     7
 42
1.0
 92
        8
 66
     7
 43
1.0
 76
     1
 77
     6
 78
     2
 67
     7
 79
     5
170
     0
171
     0
290
     0
174
     0
 93
        1
 44
0.0
173
     0
291
     1
 45
0.0
  0
VISUALSTYLE
  5
3C
102
{ACAD_REACTORS
330
2A
102
}
102
{ACAD_XDICTIONARY
360
767
102
}
330
2A
100
AcDbVisualStyle
  2
OverhangOff
 70
    21
 71
     2
 72
     2
 73
     0
 90
        0
 40
0.6
 41
30.0
 62
     5
 63
     7
421
 16777215
 74
     1
 91
        4
 64
     7
 65
   257
 75
     1
175
     1
 42
1.0
 92
        9
 66
     7
 43
1.0
 76
     1
 77
     6
 78
     2
 67
     7
 79
     5
170
     0
171
     0
290
     0
174
     0
 93
        1
 44
0.0
173
     0
291
     1
 45
0.0
  0
VISUALSTYLE
  5
33
102
{ACAD_REACTORS
330
2A
102
}
102
{ACAD_XDICTIONARY
360
755
102
}
330
2A
100
AcDbVisualStyle
  2
Realistic
 70
     8
 71
     2
 72
     3
 73
     0
 90
        2
 40
0.6
 41
30.0
 62
     5
 63
     7
421
 16777215
 74
     0
 91
        0
 64
     7
 65
   257
 75
     1
175
     1
 42
1.0
 92
        8
 66
   257
 43
1.0
 76
     1
 77
     6
 78
     2
 67
     7
 79
     3
170
     0
171
     0
290
     0
174
     0
 93
       13
 44
0.0
173
     0
291
     0
 45
0.0
  0
VISUALSTYLE
  5
42
102
{ACAD_REACTORS
330
2A
102
}
102
{ACAD_XDICTIONARY
360
773
102
}
330
2A
100
AcDbVisualStyle
  2
Shaded
 70
    27
 71
     2
 72
     2
 73
     1
 90
        2
 40
0.6
 41
30.0
 62
     5
 63
     7
421
 16777215
 74
     0
 91
        4
 64
     7
 65
   257
 75
     1
175
     1
 42
1.0
 92
        8
 66
   257
 43
1.0
 76
     1
 77
     6
 78
     2
 67
     8
425
  7895160
 79
     3
170
     0
171
     0
290
     0
174
     0
 93
        5
 44
0.0
173
     0
291
     0
 45
0.0
  0
VISUALSTYLE
  5
41
102
{ACAD_REACTORS
330
2A
102
}
102
{ACAD_XDICTIONARY
360
771
102
}
330
2A
100
AcDbVisualStyle
  2
Shaded with edges
 70
    26
 71
     2
 72
     2
 73
     1
 90
        2
 40
0.6
 41
30.0
 62
     5
 63
     7
421
 16777215
 74
     1
 91
       10
 64
     7
 65
   257
 75
     2
175
     1
 42
1.0
 92
        8
 66
   257
 43
1.0
 76
     1
 77
     6
 78
     2
 67
     7
 79
     3
170
     0
171
     0
290
     0
174
     0
 93
        5
 44
0.0
173
     0
291
     0
 45
0.0
  0
VISUALSTYLE
  5
3E
102
{ACAD_REACTORS
330
2A
102
}
102
{ACAD_XDICTIONARY
360
76B
102
}
330
2A
100
AcDbVisualStyle
  2
Shades of Gray
 70
    23
 71
     2
 72
     2
 73
     3
 90
        0
 40
0.6
 41
30.0
 62
     5
 63
     7
421
 16777215
 74
     2
 91
        2
 64
     7
 65
     7
 75
     1
175
     1
 42
40.0
 92
        8
 66
     7
 43
1.0
 76
     1
 77
     6
 78
     2
 67
     7
 79
     3
170
     0
171
     0
290
     0
174
     0
 93
        1
 44
0.0
173
     0
291
     0
 45
0.0
  0
VISUALSTYLE
  5
3F
102
{ACAD_REACTORS
330
2A
102
}
102
{ACAD_XDICTIONARY
360
76D
102
}
330
2A
100
AcDbVisualStyle
  2
Sketchy
 70
    24
 71
     1
 72
     2
 73
     2
 90
        0
 40
0.6
 41
30.0
 62
     5
 63
     7
421
 16777215
 74
     2
 91
        2
 64
     7
 65
     7
 75
     1
175
     1
 42
40.0
 92
       11
 66
     7
 43
1.0
 76
     1
 77
     6
 78
     2
 67
     7
 79
     6
170
     0
171
     0
290
     0
174
     0
 93
        1
 44
0.0
173
     0
291
     0
 45
0.0
  0
VISUALSTYLE
  5
37
102
{ACAD_REACTORS
330
2A
102
}
102
{ACAD_XDICTIONARY
360
75D
102
}
330
2A
100
AcDbVisualStyle
  2
Thicken
 70
    13
 71
     2
 72
     2
 73
     0
 90
        0
 40
0.6
 41
30.0
 62
     5
 63
     7
421
 16777215
 74
     1
 91
        4
 64
     7
 65
   257
 75
     1
175
     1
 42
1.0
 92
       12
 66
     7
 43
1.0
 76
     1
 77
     6
 78
     2
 67
     7
 79
     5
170
     0
171
     0
290
     0
174
     0
 93
        1
 44
0.0
173
     0
291
     1
 45
0.0
  0
VISUALSTYLE
  5
30
102
{ACAD_REACTORS
330
2A
102
}
102
{ACAD_XDICTIONARY
360
74F
102
}
330
2A
100
AcDbVisualStyle
  2
Wireframe
 70
     5
 71
     0
 72
     2
 73
     0
 90
        0
 40
0.6
 41
30.0
 62
     5
 63
     7
421
 16777215
 74
     1
 91
        4
 64
     7
 65
   257
 75
     1
175
     1
 42
1.0
 92
        0
 66
   257
 43
1.0
 76
     1
 77
     6
 78
     2
 67
     7
 79
     3
170
     0
171
     0
290
     0
174
     0
 93
        1
 44
0.0
173
     0
291
     0
 45
0.0
  0
VISUALSTYLE
  5
40
102
{ACAD_REACTORS
330
2A
102
}
102
{ACAD_XDICTIONARY
360
76F
102
}
330
2A
100
AcDbVisualStyle
  2
X-Ray
 70
    25
 71
     2
 72
     2
 73
     1
 90
        1
 40
0.5
 41
30.0
 62
     5
 63
     7
421
 16777215
 74
     1
 91
        0
 64
     7
 65
   257
 75
     1
175
     1
 42
1.0
 92
        8
 66
     7
 43
1.0
 76
     1
 77
     6
 78
     2
 67
     7
 79
     3
170
     0
171
     0
290
     0
174
     0
 93
       13
 44
0.0
173
     0
291
     0
 45
0.0
  0
DICTIONARYVAR
  5
743
102
{ACAD_REACTORS
330
742
102
}
330
742
100
DictionaryVariables
280
     0
  1
1:1
  0
DICTIONARYVAR
  5
77F
102
{ACAD_REACTORS
330
742
102
}
330
742
100
DictionaryVariables
280
     0
  1
3.500000
  0
DICTIONARYVAR
  5
780
102
{ACAD_REACTORS
330
742
102
}
330
742
100
DictionaryVariables
280
     0
  1
acadiso.lin
  0
DICTIONARYVAR
  5
77C
102
{ACAD_REACTORS
330
742
102
}
330
742
100
DictionaryVariables
280
     0
  1
Standard
  0
DICTIONARYVAR
  5
77B
102
{ACAD_REACTORS
330
742
102
}
330
742
100
DictionaryVariables
280
     0
  1
Standard
  0
DICTIONARYVAR
  5
744
102
{ACAD_REACTORS
330
742
102
}
330
742
100
DictionaryVariables
280
     0
  1
2
  0
DICTIONARY
  5
778
330
5C
100
AcDbDictionary
280
     1
281
     1
  3
ACAD_XREC_ROUNDTRIP
360
779
  0
DICTIONARY
  5
775
330
5A
100
AcDbDictionary
280
     1
281
     1
  3
ACAD_ROUNDTRIP_2008_TABLESTYLE_CELLSTYLEMAP
360
776
  0
DICTIONARY
  5
74D
330
2F
100
AcDbDictionary
280
     1
281
     1
  3
ACAD_XREC_ROUNDTRIP
360
74E
  0
DICTIONARY
  5
753
330
32
100
AcDbDictionary
280
     1
281
     1
  3
ACAD_XREC_ROUNDTRIP
360
754
  0
DICTIONARY
  5
75B
330
36
100
AcDbDictionary
280
     1
281
     1
  3
ACAD_XREC_ROUNDTRIP
360
75C
  0
DICTIONARY
  5
763
330
3A
100
AcDbDictionary
280
     1
281
     1
  3
ACAD_XREC_ROUNDTRIP
360
764
  0
DICTIONARY
  5
757
330
34
100
AcDbDictionary
280
     1
281
     1
  3
ACAD_XREC_ROUNDTRIP
360
758
  0
DICTIONARY
  5
759
330
35
100
AcDbDictionary
280
     1
281
     1
  3
ACAD_XREC_ROUNDTRIP
360
75A
  0
DICTIONARY
  5
769
330
3D
100
AcDbDictionary
280
     1
281
     1
  3
ACAD_XREC_ROUNDTRIP
360
76A
  0
DICTIONARY
  5
761
330
39
100
AcDbDictionary
280
     1
281
     1
  3
ACAD_XREC_ROUNDTRIP
360
762
  0
DICTIONARY
  5
745
330
2B
100
AcDbDictionary
280
     1
281
     1
  3
ACAD_XREC_ROUNDTRIP
360
746
  0
DICTIONARY
  5
747
330
2C
100
AcDbDictionary
280
     1
281
     1
  3
ACAD_XREC_ROUNDTRIP
360
748
  0
DICTIONARY
  5
749
330
2D
100
AcDbDictionary
280
     1
281
     1
  3
ACAD_XREC_ROUNDTRIP
360
74A
  0
DICTIONARY
  5
74B
330
2E
100
AcDbDictionary
280
     1
281
     1
  3
ACAD_XREC_ROUNDTRIP
360
74C
  0
DICTIONARY
  5
751
330
31
100
AcDbDictionary
280
     1
281
     1
  3
ACAD_XREC_ROUNDTRIP
360
752
  0
DICTIONARY
  5
765
330
3B
100
AcDbDictionary
280
     1
281
     1
  3
ACAD_XREC_ROUNDTRIP
360
766
  0
DICTIONARY
  5
75F
330
38
100
AcDbDictionary
280
     1
281
     1
  3
ACAD_XREC_ROUNDTRIP
360
760
  0
DICTIONARY
  5
767
330
3C
100
AcDbDictionary
280
     1
281
     1
  3
ACAD_XREC_ROUNDTRIP
360
768
  0
DICTIONARY
  5
755
330
33
100
AcDbDictionary
280
     1
281
     1
  3
ACAD_XREC_ROUNDTRIP
360
756
  0
DICTIONARY
  5
773
330
42
100
AcDbDictionary
280
     1
281
     1
  3
ACAD_XREC_ROUNDTRIP
360
774
  0
DICTIONARY
  5
771
330
41
100
AcDbDictionary
280
     1
281
     1
  3
ACAD_XREC_ROUNDTRIP
360
772
  0
DICTIONARY
  5
76B
330
3E
100
AcDbDictionary
280
     1
281
     1
  3
ACAD_XREC_ROUNDTRIP
360
76C
  0
DICTIONARY
  5
76D
330
3F
100
AcDbDictionary
280
     1
281
     1
  3
ACAD_XREC_ROUNDTRIP
360
76E
  0
DICTIONARY
  5
75D
330
37
100
AcDbDictionary
280
     1
281
     1
  3
ACAD_XREC_ROUNDTRIP
360
75E
  0
DICTIONARY
  5
74F
330
30
100
AcDbDictionary
280
     1
281
     1
  3
ACAD_XREC_ROUNDTRIP
360
750
  0
DICTIONARY
  5
76F
330
40
100
AcDbDictionary
280
     1
281
     1
  3
ACAD_XREC_ROUNDTRIP
360
770
  0
XRECORD
  5
779
102
{ACAD_REACTORS
330
778
102
}
330
778
100
AcDbXrecord
280
     1
102
ACAD_ROUNDTRIP_2010_MLEADER_STYLE
  0
CELLSTYLEMAP
  5
776
102
{ACAD_REACTORS
330
775
102
}
330
775
100
AcDbCellStyleMap
 90
        3
300
CELLSTYLE
  1
TABLEFORMAT_BEGIN
 90
        5
170
     1
 91
        0
 92
    32768
 62
   257
 93
        1
300
CONTENTFORMAT
  1
CONTENTFORMAT_BEGIN
 90
        0
 91
        0
 92
        4
 93
        0
300

 40
0.0
140
1.0
 94
        5
 62
     0
340
11
144
6.0
309
CONTENTFORMAT_END
171
     1
301
MARGIN
  1
CELLMARGIN_BEGIN
 40
1.5
 40
1.5
 40
1.5
 40
1.5
 40
1.5
 40
1.5
309
CELLMARGIN_END
 94
        6
 95
        1
302
GRIDFORMAT
  1
GRIDFORMAT_BEGIN
 90
        0
 91
        1
 62
     0
 92
       -2
340
14
 93
        0
 40
0.045
309
GRIDFORMAT_END
 95
        2
302
GRIDFORMAT
  1
GRIDFORMAT_BEGIN
 90
        0
 91
        1
 62
     0
 92
       -2
340
14
 93
        0
 40
0.045
309
GRIDFORMAT_END
 95
        4
302
GRIDFORMAT
  1
GRIDFORMAT_BEGIN
 90
        0
 91
        1
 62
     0
 92
       -2
340
14
 93
        0
 40
0.045
309
GRIDFORMAT_END
 95
        8
302
GRIDFORMAT
  1
GRIDFORMAT_BEGIN
 90
        0
 91
        1
 62
     0
 92
       -2
340
14
 93
        0
 40
0.045
309
GRIDFORMAT_END
 95
       16
302
GRIDFORMAT
  1
GRIDFORMAT_BEGIN
 90
        0
 91
        1
 62
     0
 92
       -2
340
14
 93
        0
 40
0.045
309
GRIDFORMAT_END
 95
       32
302
GRIDFORMAT
  1
GRIDFORMAT_BEGIN
 90
        0
 91
        1
 62
     0
 92
       -2
340
14
 93
        0
 40
0.045
309
GRIDFORMAT_END
309
TABLEFORMAT_END
  1
CELLSTYLE_BEGIN
 90
        1
 91
        1
300
_TITLE
309
CELLSTYLE_END
300
CELLSTYLE
  1
TABLEFORMAT_BEGIN
 90
        5
170
     1
 91
        0
 92
        0
 62
   257
 93
        1
300
CONTENTFORMAT
  1
CONTENTFORMAT_BEGIN
 90
        0
 91
        0
 92
        4
 93
        0
300

 40
0.0
140
1.0
 94
        5
 62
     0
340
11
144
4.5
309
CONTENTFORMAT_END
171
     1
301
MARGIN
  1
CELLMARGIN_BEGIN
 40
1.5
 40
1.5
 40
1.5
 40
1.5
 40
1.5
 40
1.5
309
CELLMARGIN_END
 94
        6
 95
        1
302
GRIDFORMAT
  1
GRIDFORMAT_BEGIN
 90
        0
 91
        1
 62
     0
 92
       -2
340
14
 93
        0
 40
0.045
309
GRIDFORMAT_END
 95
        2
302
GRIDFORMAT
  1
GRIDFORMAT_BEGIN
 90
        0
 91
        1
 62
     0
 92
       -2
340
14
 93
        0
 40
0.045
309
GRIDFORMAT_END
 95
        4
302
GRIDFORMAT
  1
GRIDFORMAT_BEGIN
 90
        0
 91
        1
 62
     0
 92
       -2
340
14
 93
        0
 40
0.045
309
GRIDFORMAT_END
 95
        8
302
GRIDFORMAT
  1
GRIDFORMAT_BEGIN
 90
        0
 91
        1
 62
     0
 92
       -2
340
14
 93
        0
 40
0.045
309
GRIDFORMAT_END
 95
       16
302
GRIDFORMAT
  1
GRIDFORMAT_BEGIN
 90
        0
 91
        1
 62
     0
 92
       -2
340
14
 93
        0
 40
0.045
309
GRIDFORMAT_END
 95
       32
302
GRIDFORMAT
  1
GRIDFORMAT_BEGIN
 90
        0
 91
        1
 62
     0
 92
       -2
340
14
 93
        0
 40
0.045
309
GRIDFORMAT_END
309
TABLEFORMAT_END
  1
CELLSTYLE_BEGIN
 90
        2
 91
        1
300
_HEADER
309
CELLSTYLE_END
300
CELLSTYLE
  1
TABLEFORMAT_BEGIN
 90
        5
170
     1
 91
        0
 92
        0
 62
   257
 93
        1
300
CONTENTFORMAT
  1
CONTENTFORMAT_BEGIN
 90
        0
 91
        0
 92
        4
 93
        0
300

 40
0.0
140
1.0
 94
        2
 62
     0
340
11
144
4.5
309
CONTENTFORMAT_END
171
     1
301
MARGIN
  1
CELLMARGIN_BEGIN
 40
1.5
 40
1.5
 40
1.5
 40
1.5
 40
1.5
 40
1.5
309
CELLMARGIN_END
 94
        6
 95
        1
302
GRIDFORMAT
  1
GRIDFORMAT_BEGIN
 90
        0
 91
        1
 62
     0
 92
       -2
340
14
 93
        0
 40
0.045
309
GRIDFORMAT_END
 95
        2
302
GRIDFORMAT
  1
GRIDFORMAT_BEGIN
 90
        0
 91
        1
 62
     0
 92
       -2
340
14
 93
        0
 40
0.045
309
GRIDFORMAT_END
 95
        4
302
GRIDFORMAT
  1
GRIDFORMAT_BEGIN
 90
        0
 91
        1
 62
     0
 92
       -2
340
14
 93
        0
 40
0.045
309
GRIDFORMAT_END
 95
        8
302
GRIDFORMAT
  1
GRIDFORMAT_BEGIN
 90
        0
 91
        1
 62
     0
 92
       -2
340
14
 93
        0
 40
0.045
309
GRIDFORMAT_END
 95
       16
302
GRIDFORMAT
  1
GRIDFORMAT_BEGIN
 90
        0
 91
        1
 62
     0
 92
       -2
340
14
 93
        0
 40
0.045
309
GRIDFORMAT_END
 95
       32
302
GRIDFORMAT
  1
GRIDFORMAT_BEGIN
 90
        0
 91
        1
 62
     0
 92
       -2
340
14
 93
        0
 40
0.045
309
GRIDFORMAT_END
309
TABLEFORMAT_END
  1
CELLSTYLE_BEGIN
 90
        3
 91
        2
300
_DATA
309
CELLSTYLE_END
  0
XRECORD
  5
74E
102
{ACAD_REACTORS
330
74D
102
}
330
74D
100
AcDbXrecord
280
     1
102
RTVSPropertyOp0
 70
     1
102
RTVSPropertyOp1
 70
     1
102
RTVSPropertyOp2
 70
     1
102
RTVSPropertyOp3
 70
     1
102
RTVSPropertyOp4
 70
     1
102
RTVSPropertyOp5
 70
     1
102
RTVSPropertyOp6
 70
     1
102
RTVSPropertyOp7
 70
     1
102
RTVSPropertyOp8
 70
     1
102
RTVSPropertyOp9
 70
     1
102
RTVSPropertyOp10
 70
     1
102
RTVSPropertyOp11
 70
     1
102
RTVSPropertyOp12
 70
     1
102
RTVSPropertyOp13
 70
     1
102
RTVSPropertyOp14
 70
     1
102
RTVSPropertyOp15
 70
     1
102
RTVSPropertyOp16
 70
     1
102
RTVSPropertyOp17
 70
     1
102
RTVSPropertyOp18
 70
     1
102
RTVSPropertyOp19
 70
     1
102
RTVSPropertyOp20
 70
     1
102
RTVSPropertyOp21
 70
     1
102
RTVSPropertyOp22
 70
     1
102
RTVSPropertyOp23
 70
     1
102
RTVSPropertyOp24
 70
     1
102
RTVSPropertyOp25
 70
     1
102
RTVSPropertyOp26
 70
     1
102
RTVSPropertyOp27
 70
     1
102
RTVSPropertyOp28
 70
     1
102
RTVSPropertyOp29
 70
     1
102
RTVSPropertyOp30
 70
     1
102
RTVSPropertyOp31
 70
     1
102
RTVSPropertyOp32
 70
     1
102
RTVSPropertyOp33
 70
     1
102
RTVSPropertyOp34
 70
     1
102
RTVSPropertyOp35
 70
     1
102
RTVSPropertyOp36
 70
     1
102
RTVSPropertyOp37
 70
     1
102
RTVSPropertyOp38
 70
     1
102
RTVSPropertyOp39
 70
     1
102
RTVSPropertyOp40
 70
     1
102
RTVSPropertyOp41
 70
     1
102
RTVSPropertyOp42
 70
     1
102
RTVSPropertyOp43
 70
     1
102
RTVSPropertyOp44
 70
     1
102
RTVSPropertyOp45
 70
     1
102
RTVSPropertyOp46
 70
     1
102
RTVSPropertyOp47
 70
     1
102
RTVSPropertyOp48
 70
     1
102
RTVSPropertyOp49
 70
     1
102
RTVSPropertyOp50
 70
     1
102
RTVSPropertyOp51
 70
     0
102
RTVSPropertyOp52
 70
     0
102
RTVSPropertyOp53
 70
     1
102
RTVSPropertyOp54
 70
     1
102
RTVSPropertyOp55
 70
     1
102
RTVSPropertyOp56
 70
     1
102
RTVSPropertyOp57
 70
     1
102
RTVSPost2010Prop28
280
     1
102
RTVSPost2010PropOp28
 70
     1
102
RTVSPost2010Prop29
280
     1
102
RTVSPost2010PropOp29
 70
     1
102
RTVSPost2010Prop30
280
     0
102
RTVSPost2010PropOp30
 70
     1
102
RTVSPost2010Prop31
280
     0
102
RTVSPost2010PropOp31
 70
     1
102
RTVSPost2010Prop32
280
     0
102
RTVSPost2010PropOp32
 70
     1
102
RTVSPost2010Prop33
280
     0
102
RTVSPost2010PropOp33
 70
     1
102
RTVSPost2010Prop34
280
     0
102
RTVSPost2010PropOp34
 70
     1
102
RTVSPost2010Prop35
280
     0
102
RTVSPost2010PropOp35
 70
     1
102
RTVSPost2010Prop36
280
     0
102
RTVSPost2010PropOp36
 70
     1
102
RTVSPost2010Prop37
 90
       50
102
RTVSPost2010PropOp37
 70
     1
102
RTVSPost2010Prop38
140
0.0
102
RTVSPost2010PropOp38
 70
     1
102
RTVSPost2010Prop39
140
1.0
102
RTVSPost2010PropOp39
 70
     1
102
RTVSPost2010Prop40
 90
        0
102
RTVSPost2010PropOp40
 70
     1
102
RTVSPost2010Prop41ColorIndex
 90
       18
102
RTVSPost2010Prop41ColorRGB
 90
        0
102
RTVSPost2010PropOp41
 70
     1
102
RTVSPost2010Prop42
 90
       50
102
RTVSPost2010PropOp42
 70
     1
102
RTVSPost2010Prop43
 90
        3
102
RTVSPost2010PropOp43
 70
     1
102
RTVSPost2010Prop44ColorIndex
 90
        5
102
RTVSPost2010Prop44ColorRGB
 90
      255
102
RTVSPost2010PropOp44
 70
     1
102
RTVSPost2010Prop45
280
     0
102
RTVSPost2010PropOp45
 70
     1
102
RTVSPost2010Prop46
 90
       50
102
RTVSPost2010PropOp46
 70
     1
102
RTVSPost2010Prop47
 90
       50
102
RTVSPost2010PropOp47
 70
     1
102
RTVSPost2010Prop48
 90
       50
102
RTVSPost2010PropOp48
 70
     1
102
RTVSPost2010Prop49
280
     0
102
RTVSPost2010PropOp49
 70
     1
102
RTVSPost2010Prop50
 90
       50
102
RTVSPost2010PropOp50
 70
     1
102
RTVSPost2010Prop51ColorIndex
 90
      256
102
RTVSPost2010Prop51ColorRGB
 90
-16777216
102
RTVSPost2010PropOp51
 70
     0
102
RTVSPost2010Prop52
140
1.0
102
RTVSPost2010PropOp52
 70
     0
102
RTVSPost2010Prop53
 90
        2
102
RTVSPost2010PropOp53
 70
     1
102
RTVSPost2010Prop54
  1
strokes_ogs.tif
102
RTVSPost2010PropOp54
 70
     1
102
RTVSPost2010Prop55
280
     0
102
RTVSPost2010PropOp55
 70
     1
102
RTVSPost2010Prop56
140
1.0
102
RTVSPost2010PropOp56
 70
     1
102
RTVSPost2010Prop57
140
1.0
102
RTVSPost2010PropOp57
 70
     1
  0
XRECORD
  5
754
102
{ACAD_REACTORS
330
753
102
}
330
753
100
AcDbXrecord
280
     1
102
RTVSPropertyOp0
 70
     1
102
RTVSPropertyOp1
 70
     1
102
RTVSPropertyOp2
 70
     1
102
RTVSPropertyOp3
 70
     1
102
RTVSPropertyOp4
 70
     1
102
RTVSPropertyOp5
 70
     1
102
RTVSPropertyOp6
 70
     1
102
RTVSPropertyOp7
 70
     1
102
RTVSPropertyOp8
 70
     1
102
RTVSPropertyOp9
 70
     1
102
RTVSPropertyOp10
 70
     1
102
RTVSPropertyOp11
 70
     1
102
RTVSPropertyOp12
 70
     1
102
RTVSPropertyOp13
 70
     1
102
RTVSPropertyOp14
 70
     1
102
RTVSPropertyOp15
 70
     1
102
RTVSPropertyOp16
 70
     1
102
RTVSPropertyOp17
 70
     1
102
RTVSPropertyOp18
 70
     1
102
RTVSPropertyOp19
 70
     1
102
RTVSPropertyOp20
 70
     1
102
RTVSPropertyOp21
 70
     1
102
RTVSPropertyOp22
 70
     1
102
RTVSPropertyOp23
 70
     1
102
RTVSPropertyOp24
 70
     1
102
RTVSPropertyOp25
 70
     1
102
RTVSPropertyOp26
 70
     1
102
RTVSPropertyOp27
 70
     1
102
RTVSPropertyOp28
 70
     1
102
RTVSPropertyOp29
 70
     1
102
RTVSPropertyOp30
 70
     1
102
RTVSPropertyOp31
 70
     1
102
RTVSPropertyOp32
 70
     1
102
RTVSPropertyOp33
 70
     1
102
RTVSPropertyOp34
 70
     1
102
RTVSPropertyOp35
 70
     1
102
RTVSPropertyOp36
 70
     1
102
RTVSPropertyOp37
 70
     1
102
RTVSPropertyOp38
 70
     1
102
RTVSPropertyOp39
 70
     1
102
RTVSPropertyOp40
 70
     1
102
RTVSPropertyOp41
 70
     1
102
RTVSPropertyOp42
 70
     1
102
RTVSPropertyOp43
 70
     1
102
RTVSPropertyOp44
 70
     1
102
RTVSPropertyOp45
 70
     1
102
RTVSPropertyOp46
 70
     1
102
RTVSPropertyOp47
 70
     1
102
RTVSPropertyOp48
 70
     1
102
RTVSPropertyOp49
 70
     1
102
RTVSPropertyOp50
 70
     1
102
RTVSPropertyOp51
 70
     0
102
RTVSPropertyOp52
 70
     0
102
RTVSPropertyOp53
 70
     1
102
RTVSPropertyOp54
 70
     1
102
RTVSPropertyOp55
 70
     1
102
RTVSPropertyOp56
 70
     1
102
RTVSPropertyOp57
 70
     1
102
RTVSPost2010Prop28
280
     0
102
RTVSPost2010PropOp28
 70
     1
102
RTVSPost2010Prop29
280
     1
102
RTVSPost2010PropOp29
 70
     1
102
RTVSPost2010Prop30
280
     1
102
RTVSPost2010PropOp30
 70
     1
102
RTVSPost2010Prop31
280
     0
102
RTVSPost2010PropOp31
 70
     1
102
RTVSPost2010Prop32
280
     0
102
RTVSPost2010PropOp32
 70
     1
102
RTVSPost2010Prop33
280
     0
102
RTVSPost2010PropOp33
 70
     1
102
RTVSPost2010Prop34
280
     0
102
RTVSPost2010PropOp34
 70
     1
102
RTVSPost2010Prop35
280
     0
102
RTVSPost2010PropOp35
 70
     1
102
RTVSPost2010Prop36
280
     0
102
RTVSPost2010PropOp36
 70
     1
102
RTVSPost2010Prop37
 90
       50
102
RTVSPost2010PropOp37
 70
     1
102
RTVSPost2010Prop38
140
0.0
102
RTVSPost2010PropOp38
 70
     1
102
RTVSPost2010Prop39
140
1.0
102
RTVSPost2010PropOp39
 70
     1
102
RTVSPost2010Prop40
 90
        0
102
RTVSPost2010PropOp40
 70
     1
102
RTVSPost2010Prop41ColorIndex
 90
       18
102
RTVSPost2010Prop41ColorRGB
 90
        0
102
RTVSPost2010PropOp41
 70
     1
102
RTVSPost2010Prop42
 90
       50
102
RTVSPost2010PropOp42
 70
     1
102
RTVSPost2010Prop43
 90
        3
102
RTVSPost2010PropOp43
 70
     1
102
RTVSPost2010Prop44ColorIndex
 90
        5
102
RTVSPost2010Prop44ColorRGB
 90
      255
102
RTVSPost2010PropOp44
 70
     1
102
RTVSPost2010Prop45
280
     0
102
RTVSPost2010PropOp45
 70
     1
102
RTVSPost2010Prop46
 90
       50
102
RTVSPost2010PropOp46
 70
     1
102
RTVSPost2010Prop47
 90
       50
102
RTVSPost2010PropOp47
 70
     1
102
RTVSPost2010Prop48
 90
       50
102
RTVSPost2010PropOp48
 70
     1
102
RTVSPost2010Prop49
280
     0
102
RTVSPost2010PropOp49
 70
     1
102
RTVSPost2010Prop50
 90
       50
102
RTVSPost2010PropOp50
 70
     1
102
RTVSPost2010Prop51ColorIndex
 90
      256
102
RTVSPost2010Prop51ColorRGB
 90
-16777216
102
RTVSPost2010PropOp51
 70
     0
102
RTVSPost2010Prop52
140
1.0
102
RTVSPost2010PropOp52
 70
     0
102
RTVSPost2010Prop53
 90
        2
102
RTVSPost2010PropOp53
 70
     1
102
RTVSPost2010Prop54
  1
strokes_ogs.tif
102
RTVSPost2010PropOp54
 70
     1
102
RTVSPost2010Prop55
280
     0
102
RTVSPost2010PropOp55
 70
     1
102
RTVSPost2010Prop56
140
1.0
102
RTVSPost2010PropOp56
 70
     1
102
RTVSPost2010Prop57
140
1.0
102
RTVSPost2010PropOp57
 70
     1
  0
XRECORD
  5
75C
102
{ACAD_REACTORS
330
75B
102
}
330
75B
100
AcDbXrecord
280
     1
102
RTVSPropertyOp0
 70
     1
102
RTVSPropertyOp1
 70
     1
102
RTVSPropertyOp2
 70
     1
102
RTVSPropertyOp3
 70
     1
102
RTVSPropertyOp4
 70
     1
102
RTVSPropertyOp5
 70
     1
102
RTVSPropertyOp6
 70
     1
102
RTVSPropertyOp7
 70
     1
102
RTVSPropertyOp8
 70
     1
102
RTVSPropertyOp9
 70
     1
102
RTVSPropertyOp10
 70
     1
102
RTVSPropertyOp11
 70
     1
102
RTVSPropertyOp12
 70
     1
102
RTVSPropertyOp13
 70
     1
102
RTVSPropertyOp14
 70
     1
102
RTVSPropertyOp15
 70
     1
102
RTVSPropertyOp16
 70
     1
102
RTVSPropertyOp17
 70
     1
102
RTVSPropertyOp18
 70
     1
102
RTVSPropertyOp19
 70
     1
102
RTVSPropertyOp20
 70
     1
102
RTVSPropertyOp21
 70
     1
102
RTVSPropertyOp22
 70
     1
102
RTVSPropertyOp23
 70
     1
102
RTVSPropertyOp24
 70
     1
102
RTVSPropertyOp25
 70
     1
102
RTVSPropertyOp26
 70
     1
102
RTVSPropertyOp27
 70
     1
102
RTVSPropertyOp28
 70
     1
102
RTVSPropertyOp29
 70
     1
102
RTVSPropertyOp30
 70
     1
102
RTVSPropertyOp31
 70
     1
102
RTVSPropertyOp32
 70
     1
102
RTVSPropertyOp33
 70
     1
102
RTVSPropertyOp34
 70
     1
102
RTVSPropertyOp35
 70
     1
102
RTVSPropertyOp36
 70
     1
102
RTVSPropertyOp37
 70
     1
102
RTVSPropertyOp38
 70
     1
102
RTVSPropertyOp39
 70
     1
102
RTVSPropertyOp40
 70
     1
102
RTVSPropertyOp41
 70
     1
102
RTVSPropertyOp42
 70
     1
102
RTVSPropertyOp43
 70
     1
102
RTVSPropertyOp44
 70
     1
102
RTVSPropertyOp45
 70
     1
102
RTVSPropertyOp46
 70
     1
102
RTVSPropertyOp47
 70
     1
102
RTVSPropertyOp48
 70
     1
102
RTVSPropertyOp49
 70
     1
102
RTVSPropertyOp50
 70
     1
102
RTVSPropertyOp51
 70
     0
102
RTVSPropertyOp52
 70
     0
102
RTVSPropertyOp53
 70
     1
102
RTVSPropertyOp54
 70
     1
102
RTVSPropertyOp55
 70
     1
102
RTVSPropertyOp56
 70
     1
102
RTVSPropertyOp57
 70
     1
102
RTVSPost2010Prop28
280
     0
102
RTVSPost2010PropOp28
 70
     1
102
RTVSPost2010Prop29
280
     1
102
RTVSPost2010PropOp29
 70
     1
102
RTVSPost2010Prop30
280
     1
102
RTVSPost2010PropOp30
 70
     1
102
RTVSPost2010Prop31
280
     0
102
RTVSPost2010PropOp31
 70
     1
102
RTVSPost2010Prop32
280
     0
102
RTVSPost2010PropOp32
 70
     1
102
RTVSPost2010Prop33
280
     0
102
RTVSPost2010PropOp33
 70
     1
102
RTVSPost2010Prop34
280
     0
102
RTVSPost2010PropOp34
 70
     1
102
RTVSPost2010Prop35
280
     0
102
RTVSPost2010PropOp35
 70
     1
102
RTVSPost2010Prop36
280
     0
102
RTVSPost2010PropOp36
 70
     1
102
RTVSPost2010Prop37
 90
       50
102
RTVSPost2010PropOp37
 70
     1
102
RTVSPost2010Prop38
140
0.0
102
RTVSPost2010PropOp38
 70
     1
102
RTVSPost2010Prop39
140
1.0
102
RTVSPost2010PropOp39
 70
     1
102
RTVSPost2010Prop40
 90
        0
102
RTVSPost2010PropOp40
 70
     1
102
RTVSPost2010Prop41ColorIndex
 90
       18
102
RTVSPost2010Prop41ColorRGB
 90
        0
102
RTVSPost2010PropOp41
 70
     1
102
RTVSPost2010Prop42
 90
       50
102
RTVSPost2010PropOp42
 70
     1
102
RTVSPost2010Prop43
 90
        3
102
RTVSPost2010PropOp43
 70
     1
102
RTVSPost2010Prop44ColorIndex
 90
        5
102
RTVSPost2010Prop44ColorRGB
 90
      255
102
RTVSPost2010PropOp44
 70
     1
102
RTVSPost2010Prop45
280
     0
102
RTVSPost2010PropOp45
 70
     1
102
RTVSPost2010Prop46
 90
       50
102
RTVSPost2010PropOp46
 70
     1
102
RTVSPost2010Prop47
 90
       50
102
RTVSPost2010PropOp47
 70
     1
102
RTVSPost2010Prop48
 90
       50
102
RTVSPost2010PropOp48
 70
     1
102
RTVSPost2010Prop49
280
     0
102
RTVSPost2010PropOp49
 70
     1
102
RTVSPost2010Prop50
 90
       50
102
RTVSPost2010PropOp50
 70
     1
102
RTVSPost2010Prop51ColorIndex
 90
      256
102
RTVSPost2010Prop51ColorRGB
 90
-16777216
102
RTVSPost2010PropOp51
 70
     0
102
RTVSPost2010Prop52
140
1.0
102
RTVSPost2010PropOp52
 70
     0
102
RTVSPost2010Prop53
 90
        2
102
RTVSPost2010PropOp53
 70
     1
102
RTVSPost2010Prop54
  1
strokes_ogs.tif
102
RTVSPost2010PropOp54
 70
     1
102
RTVSPost2010Prop55
280
     0
102
RTVSPost2010PropOp55
 70
     1
102
RTVSPost2010Prop56
140
1.0
102
RTVSPost2010PropOp56
 70
     1
102
RTVSPost2010Prop57
140
1.0
102
RTVSPost2010PropOp57
 70
     1
  0
XRECORD
  5
764
102
{ACAD_REACTORS
330
763
102
}
330
763
100
AcDbXrecord
280
     1
102
RTVSPropertyOp0
 70
     1
102
RTVSPropertyOp1
 70
     1
102
RTVSPropertyOp2
 70
     1
102
RTVSPropertyOp3
 70
     1
102
RTVSPropertyOp4
 70
     1
102
RTVSPropertyOp5
 70
     1
102
RTVSPropertyOp6
 70
     1
102
RTVSPropertyOp7
 70
     1
102
RTVSPropertyOp8
 70
     1
102
RTVSPropertyOp9
 70
     1
102
RTVSPropertyOp10
 70
     1
102
RTVSPropertyOp11
 70
     1
102
RTVSPropertyOp12
 70
     1
102
RTVSPropertyOp13
 70
     1
102
RTVSPropertyOp14
 70
     1
102
RTVSPropertyOp15
 70
     1
102
RTVSPropertyOp16
 70
     1
102
RTVSPropertyOp17
 70
     1
102
RTVSPropertyOp18
 70
     1
102
RTVSPropertyOp19
 70
     1
102
RTVSPropertyOp20
 70
     1
102
RTVSPropertyOp21
 70
     1
102
RTVSPropertyOp22
 70
     1
102
RTVSPropertyOp23
 70
     1
102
RTVSPropertyOp24
 70
     1
102
RTVSPropertyOp25
 70
     1
102
RTVSPropertyOp26
 70
     1
102
RTVSPropertyOp27
 70
     1
102
RTVSPropertyOp28
 70
     1
102
RTVSPropertyOp29
 70
     1
102
RTVSPropertyOp30
 70
     1
102
RTVSPropertyOp31
 70
     1
102
RTVSPropertyOp32
 70
     1
102
RTVSPropertyOp33
 70
     1
102
RTVSPropertyOp34
 70
     1
102
RTVSPropertyOp35
 70
     1
102
RTVSPropertyOp36
 70
     1
102
RTVSPropertyOp37
 70
     1
102
RTVSPropertyOp38
 70
     1
102
RTVSPropertyOp39
 70
     1
102
RTVSPropertyOp40
 70
     1
102
RTVSPropertyOp41
 70
     1
102
RTVSPropertyOp42
 70
     1
102
RTVSPropertyOp43
 70
     1
102
RTVSPropertyOp44
 70
     1
102
RTVSPropertyOp45
 70
     1
102
RTVSPropertyOp46
 70
     1
102
RTVSPropertyOp47
 70
     1
102
RTVSPropertyOp48
 70
     1
102
RTVSPropertyOp49
 70
     1
102
RTVSPropertyOp50
 70
     1
102
RTVSPropertyOp51
 70
     0
102
RTVSPropertyOp52
 70
     0
102
RTVSPropertyOp53
 70
     1
102
RTVSPropertyOp54
 70
     1
102
RTVSPropertyOp55
 70
     1
102
RTVSPropertyOp56
 70
     1
102
RTVSPropertyOp57
 70
     1
102
RTVSPost2010Prop28
280
     0
102
RTVSPost2010PropOp28
 70
     1
102
RTVSPost2010Prop29
280
     1
102
RTVSPost2010PropOp29
 70
     1
102
RTVSPost2010Prop30
280
     1
102
RTVSPost2010PropOp30
 70
     1
102
RTVSPost2010Prop31
280
     0
102
RTVSPost2010PropOp31
 70
     1
102
RTVSPost2010Prop32
280
     0
102
RTVSPost2010PropOp32
 70
     1
102
RTVSPost2010Prop33
280
     0
102
RTVSPost2010PropOp33
 70
     1
102
RTVSPost2010Prop34
280
     0
102
RTVSPost2010PropOp34
 70
     1
102
RTVSPost2010Prop35
280
     0
102
RTVSPost2010PropOp35
 70
     1
102
RTVSPost2010Prop36
280
     0
102
RTVSPost2010PropOp36
 70
     1
102
RTVSPost2010Prop37
 90
       50
102
RTVSPost2010PropOp37
 70
     1
102
RTVSPost2010Prop38
140
0.0
102
RTVSPost2010PropOp38
 70
     1
102
RTVSPost2010Prop39
140
1.0
102
RTVSPost2010PropOp39
 70
     1
102
RTVSPost2010Prop40
 90
        0
102
RTVSPost2010PropOp40
 70
     1
102
RTVSPost2010Prop41ColorIndex
 90
       18
102
RTVSPost2010Prop41ColorRGB
 90
        0
102
RTVSPost2010PropOp41
 70
     1
102
RTVSPost2010Prop42
 90
       50
102
RTVSPost2010PropOp42
 70
     1
102
RTVSPost2010Prop43
 90
        3
102
RTVSPost2010PropOp43
 70
     1
102
RTVSPost2010Prop44ColorIndex
 90
        5
102
RTVSPost2010Prop44ColorRGB
 90
      255
102
RTVSPost2010PropOp44
 70
     1
102
RTVSPost2010Prop45
280
     0
102
RTVSPost2010PropOp45
 70
     1
102
RTVSPost2010Prop46
 90
       50
102
RTVSPost2010PropOp46
 70
     1
102
RTVSPost2010Prop47
 90
       50
102
RTVSPost2010PropOp47
 70
     1
102
RTVSPost2010Prop48
 90
       50
102
RTVSPost2010PropOp48
 70
     1
102
RTVSPost2010Prop49
280
     0
102
RTVSPost2010PropOp49
 70
     1
102
RTVSPost2010Prop50
 90
       50
102
RTVSPost2010PropOp50
 70
     1
102
RTVSPost2010Prop51ColorIndex
 90
      256
102
RTVSPost2010Prop51ColorRGB
 90
-16777216
102
RTVSPost2010PropOp51
 70
     0
102
RTVSPost2010Prop52
140
1.0
102
RTVSPost2010PropOp52
 70
     0
102
RTVSPost2010Prop53
 90
        2
102
RTVSPost2010PropOp53
 70
     1
102
RTVSPost2010Prop54
  1
strokes_ogs.tif
102
RTVSPost2010PropOp54
 70
     1
102
RTVSPost2010Prop55
280
     0
102
RTVSPost2010PropOp55
 70
     1
102
RTVSPost2010Prop56
140
1.0
102
RTVSPost2010PropOp56
 70
     1
102
RTVSPost2010Prop57
140
1.0
102
RTVSPost2010PropOp57
 70
     1
  0
XRECORD
  5
758
102
{ACAD_REACTORS
330
757
102
}
330
757
100
AcDbXrecord
280
     1
102
RTVSPropertyOp0
 70
     1
102
RTVSPropertyOp1
 70
     1
102
RTVSPropertyOp2
 70
     1
102
RTVSPropertyOp3
 70
     1
102
RTVSPropertyOp4
 70
     1
102
RTVSPropertyOp5
 70
     1
102
RTVSPropertyOp6
 70
     1
102
RTVSPropertyOp7
 70
     1
102
RTVSPropertyOp8
 70
     1
102
RTVSPropertyOp9
 70
     1
102
RTVSPropertyOp10
 70
     1
102
RTVSPropertyOp11
 70
     1
102
RTVSPropertyOp12
 70
     1
102
RTVSPropertyOp13
 70
     1
102
RTVSPropertyOp14
 70
     1
102
RTVSPropertyOp15
 70
     1
102
RTVSPropertyOp16
 70
     1
102
RTVSPropertyOp17
 70
     1
102
RTVSPropertyOp18
 70
     1
102
RTVSPropertyOp19
 70
     1
102
RTVSPropertyOp20
 70
     1
102
RTVSPropertyOp21
 70
     1
102
RTVSPropertyOp22
 70
     1
102
RTVSPropertyOp23
 70
     1
102
RTVSPropertyOp24
 70
     1
102
RTVSPropertyOp25
 70
     1
102
RTVSPropertyOp26
 70
     1
102
RTVSPropertyOp27
 70
     1
102
RTVSPropertyOp28
 70
     1
102
RTVSPropertyOp29
 70
     1
102
RTVSPropertyOp30
 70
     1
102
RTVSPropertyOp31
 70
     1
102
RTVSPropertyOp32
 70
     1
102
RTVSPropertyOp33
 70
     1
102
RTVSPropertyOp34
 70
     1
102
RTVSPropertyOp35
 70
     1
102
RTVSPropertyOp36
 70
     1
102
RTVSPropertyOp37
 70
     1
102
RTVSPropertyOp38
 70
     1
102
RTVSPropertyOp39
 70
     1
102
RTVSPropertyOp40
 70
     1
102
RTVSPropertyOp41
 70
     1
102
RTVSPropertyOp42
 70
     1
102
RTVSPropertyOp43
 70
     1
102
RTVSPropertyOp44
 70
     1
102
RTVSPropertyOp45
 70
     1
102
RTVSPropertyOp46
 70
     1
102
RTVSPropertyOp47
 70
     1
102
RTVSPropertyOp48
 70
     1
102
RTVSPropertyOp49
 70
     1
102
RTVSPropertyOp50
 70
     1
102
RTVSPropertyOp51
 70
     0
102
RTVSPropertyOp52
 70
     0
102
RTVSPropertyOp53
 70
     1
102
RTVSPropertyOp54
 70
     1
102
RTVSPropertyOp55
 70
     1
102
RTVSPropertyOp56
 70
     1
102
RTVSPropertyOp57
 70
     1
102
RTVSPost2010Prop28
280
     0
102
RTVSPost2010PropOp28
 70
     1
102
RTVSPost2010Prop29
280
     1
102
RTVSPost2010PropOp29
 70
     1
102
RTVSPost2010Prop30
280
     1
102
RTVSPost2010PropOp30
 70
     1
102
RTVSPost2010Prop31
280
     0
102
RTVSPost2010PropOp31
 70
     1
102
RTVSPost2010Prop32
280
     0
102
RTVSPost2010PropOp32
 70
     1
102
RTVSPost2010Prop33
280
     0
102
RTVSPost2010PropOp33
 70
     1
102
RTVSPost2010Prop34
280
     0
102
RTVSPost2010PropOp34
 70
     1
102
RTVSPost2010Prop35
280
     0
102
RTVSPost2010PropOp35
 70
     1
102
RTVSPost2010Prop36
280
     0
102
RTVSPost2010PropOp36
 70
     1
102
RTVSPost2010Prop37
 90
       50
102
RTVSPost2010PropOp37
 70
     1
102
RTVSPost2010Prop38
140
0.0
102
RTVSPost2010PropOp38
 70
     1
102
RTVSPost2010Prop39
140
1.0
102
RTVSPost2010PropOp39
 70
     1
102
RTVSPost2010Prop40
 90
        0
102
RTVSPost2010PropOp40
 70
     1
102
RTVSPost2010Prop41ColorIndex
 90
       18
102
RTVSPost2010Prop41ColorRGB
 90
        0
102
RTVSPost2010PropOp41
 70
     1
102
RTVSPost2010Prop42
 90
       50
102
RTVSPost2010PropOp42
 70
     1
102
RTVSPost2010Prop43
 90
        3
102
RTVSPost2010PropOp43
 70
     1
102
RTVSPost2010Prop44ColorIndex
 90
        5
102
RTVSPost2010Prop44ColorRGB
 90
      255
102
RTVSPost2010PropOp44
 70
     1
102
RTVSPost2010Prop45
280
     0
102
RTVSPost2010PropOp45
 70
     1
102
RTVSPost2010Prop46
 90
       50
102
RTVSPost2010PropOp46
 70
     1
102
RTVSPost2010Prop47
 90
       50
102
RTVSPost2010PropOp47
 70
     1
102
RTVSPost2010Prop48
 90
       50
102
RTVSPost2010PropOp48
 70
     1
102
RTVSPost2010Prop49
280
     0
102
RTVSPost2010PropOp49
 70
     1
102
RTVSPost2010Prop50
 90
       50
102
RTVSPost2010PropOp50
 70
     1
102
RTVSPost2010Prop51ColorIndex
 90
      256
102
RTVSPost2010Prop51ColorRGB
 90
-16777216
102
RTVSPost2010PropOp51
 70
     0
102
RTVSPost2010Prop52
140
1.0
102
RTVSPost2010PropOp52
 70
     0
102
RTVSPost2010Prop53
 90
        2
102
RTVSPost2010PropOp53
 70
     1
102
RTVSPost2010Prop54
  1
strokes_ogs.tif
102
RTVSPost2010PropOp54
 70
     1
102
RTVSPost2010Prop55
280
     0
102
RTVSPost2010PropOp55
 70
     1
102
RTVSPost2010Prop56
140
1.0
102
RTVSPost2010PropOp56
 70
     1
102
RTVSPost2010Prop57
140
1.0
102
RTVSPost2010PropOp57
 70
     1
  0
XRECORD
  5
75A
102
{ACAD_REACTORS
330
759
102
}
330
759
100
AcDbXrecord
280
     1
102
RTVSPropertyOp0
 70
     1
102
RTVSPropertyOp1
 70
     1
102
RTVSPropertyOp2
 70
     1
102
RTVSPropertyOp3
 70
     1
102
RTVSPropertyOp4
 70
     1
102
RTVSPropertyOp5
 70
     1
102
RTVSPropertyOp6
 70
     1
102
RTVSPropertyOp7
 70
     1
102
RTVSPropertyOp8
 70
     1
102
RTVSPropertyOp9
 70
     1
102
RTVSPropertyOp10
 70
     1
102
RTVSPropertyOp11
 70
     1
102
RTVSPropertyOp12
 70
     1
102
RTVSPropertyOp13
 70
     1
102
RTVSPropertyOp14
 70
     1
102
RTVSPropertyOp15
 70
     1
102
RTVSPropertyOp16
 70
     1
102
RTVSPropertyOp17
 70
     1
102
RTVSPropertyOp18
 70
     1
102
RTVSPropertyOp19
 70
     1
102
RTVSPropertyOp20
 70
     1
102
RTVSPropertyOp21
 70
     1
102
RTVSPropertyOp22
 70
     1
102
RTVSPropertyOp23
 70
     1
102
RTVSPropertyOp24
 70
     1
102
RTVSPropertyOp25
 70
     1
102
RTVSPropertyOp26
 70
     1
102
RTVSPropertyOp27
 70
     1
102
RTVSPropertyOp28
 70
     1
102
RTVSPropertyOp29
 70
     1
102
RTVSPropertyOp30
 70
     1
102
RTVSPropertyOp31
 70
     1
102
RTVSPropertyOp32
 70
     1
102
RTVSPropertyOp33
 70
     1
102
RTVSPropertyOp34
 70
     1
102
RTVSPropertyOp35
 70
     1
102
RTVSPropertyOp36
 70
     1
102
RTVSPropertyOp37
 70
     1
102
RTVSPropertyOp38
 70
     1
102
RTVSPropertyOp39
 70
     1
102
RTVSPropertyOp40
 70
     1
102
RTVSPropertyOp41
 70
     1
102
RTVSPropertyOp42
 70
     1
102
RTVSPropertyOp43
 70
     1
102
RTVSPropertyOp44
 70
     1
102
RTVSPropertyOp45
 70
     1
102
RTVSPropertyOp46
 70
     1
102
RTVSPropertyOp47
 70
     1
102
RTVSPropertyOp48
 70
     1
102
RTVSPropertyOp49
 70
     1
102
RTVSPropertyOp50
 70
     1
102
RTVSPropertyOp51
 70
     0
102
RTVSPropertyOp52
 70
     0
102
RTVSPropertyOp53
 70
     1
102
RTVSPropertyOp54
 70
     1
102
RTVSPropertyOp55
 70
     1
102
RTVSPropertyOp56
 70
     1
102
RTVSPropertyOp57
 70
     1
102
RTVSPost2010Prop28
280
     0
102
RTVSPost2010PropOp28
 70
     1
102
RTVSPost2010Prop29
280
     1
102
RTVSPost2010PropOp29
 70
     1
102
RTVSPost2010Prop30
280
     1
102
RTVSPost2010PropOp30
 70
     1
102
RTVSPost2010Prop31
280
     0
102
RTVSPost2010PropOp31
 70
     1
102
RTVSPost2010Prop32
280
     0
102
RTVSPost2010PropOp32
 70
     1
102
RTVSPost2010Prop33
280
     0
102
RTVSPost2010PropOp33
 70
     1
102
RTVSPost2010Prop34
280
     0
102
RTVSPost2010PropOp34
 70
     1
102
RTVSPost2010Prop35
280
     0
102
RTVSPost2010PropOp35
 70
     1
102
RTVSPost2010Prop36
280
     0
102
RTVSPost2010PropOp36
 70
     1
102
RTVSPost2010Prop37
 90
       50
102
RTVSPost2010PropOp37
 70
     1
102
RTVSPost2010Prop38
140
0.0
102
RTVSPost2010PropOp38
 70
     1
102
RTVSPost2010Prop39
140
1.0
102
RTVSPost2010PropOp39
 70
     1
102
RTVSPost2010Prop40
 90
        0
102
RTVSPost2010PropOp40
 70
     1
102
RTVSPost2010Prop41ColorIndex
 90
       18
102
RTVSPost2010Prop41ColorRGB
 90
        0
102
RTVSPost2010PropOp41
 70
     1
102
RTVSPost2010Prop42
 90
       50
102
RTVSPost2010PropOp42
 70
     1
102
RTVSPost2010Prop43
 90
        3
102
RTVSPost2010PropOp43
 70
     1
102
RTVSPost2010Prop44ColorIndex
 90
        5
102
RTVSPost2010Prop44ColorRGB
 90
      255
102
RTVSPost2010PropOp44
 70
     1
102
RTVSPost2010Prop45
280
     0
102
RTVSPost2010PropOp45
 70
     1
102
RTVSPost2010Prop46
 90
       50
102
RTVSPost2010PropOp46
 70
     1
102
RTVSPost2010Prop47
 90
       50
102
RTVSPost2010PropOp47
 70
     1
102
RTVSPost2010Prop48
 90
       50
102
RTVSPost2010PropOp48
 70
     1
102
RTVSPost2010Prop49
280
     0
102
RTVSPost2010PropOp49
 70
     1
102
RTVSPost2010Prop50
 90
       50
102
RTVSPost2010PropOp50
 70
     1
102
RTVSPost2010Prop51ColorIndex
 90
      256
102
RTVSPost2010Prop51ColorRGB
 90
-16777216
102
RTVSPost2010PropOp51
 70
     0
102
RTVSPost2010Prop52
140
1.0
102
RTVSPost2010PropOp52
 70
     0
102
RTVSPost2010Prop53
 90
        2
102
RTVSPost2010PropOp53
 70
     1
102
RTVSPost2010Prop54
  1
strokes_ogs.tif
102
RTVSPost2010PropOp54
 70
     1
102
RTVSPost2010Prop55
280
     0
102
RTVSPost2010PropOp55
 70
     1
102
RTVSPost2010Prop56
140
1.0
102
RTVSPost2010PropOp56
 70
     1
102
RTVSPost2010Prop57
140
1.0
102
RTVSPost2010PropOp57
 70
     1
  0
XRECORD
  5
76A
102
{ACAD_REACTORS
330
769
102
}
330
769
100
AcDbXrecord
280
     1
102
RTVSPropertyOp0
 70
     0
102
RTVSPropertyOp1
 70
     0
102
RTVSPropertyOp2
 70
     0
102
RTVSPropertyOp3
 70
     0
102
RTVSPropertyOp4
 70
     0
102
RTVSPropertyOp5
 70
     0
102
RTVSPropertyOp6
 70
     0
102
RTVSPropertyOp7
 70
     0
102
RTVSPropertyOp8
 70
     0
102
RTVSPropertyOp9
 70
     0
102
RTVSPropertyOp10
 70
     0
102
RTVSPropertyOp11
 70
     0
102
RTVSPropertyOp12
 70
     0
102
RTVSPropertyOp13
 70
     0
102
RTVSPropertyOp14
 70
     2
102
RTVSPropertyOp15
 70
     0
102
RTVSPropertyOp16
 70
     0
102
RTVSPropertyOp17
 70
     0
102
RTVSPropertyOp18
 70
     0
102
RTVSPropertyOp19
 70
     0
102
RTVSPropertyOp20
 70
     0
102
RTVSPropertyOp21
 70
     0
102
RTVSPropertyOp22
 70
     0
102
RTVSPropertyOp23
 70
     0
102
RTVSPropertyOp24
 70
     0
102
RTVSPropertyOp25
 70
     0
102
RTVSPropertyOp26
 70
     0
102
RTVSPropertyOp27
 70
     0
102
RTVSPropertyOp28
 70
     0
102
RTVSPropertyOp29
 70
     0
102
RTVSPropertyOp30
 70
     0
102
RTVSPropertyOp31
 70
     0
102
RTVSPropertyOp32
 70
     0
102
RTVSPropertyOp33
 70
     0
102
RTVSPropertyOp34
 70
     0
102
RTVSPropertyOp35
 70
     0
102
RTVSPropertyOp36
 70
     0
102
RTVSPropertyOp37
 70
     0
102
RTVSPropertyOp38
 70
     0
102
RTVSPropertyOp39
 70
     0
102
RTVSPropertyOp40
 70
     0
102
RTVSPropertyOp41
 70
     0
102
RTVSPropertyOp42
 70
     0
102
RTVSPropertyOp43
 70
     0
102
RTVSPropertyOp44
 70
     0
102
RTVSPropertyOp45
 70
     0
102
RTVSPropertyOp46
 70
     0
102
RTVSPropertyOp47
 70
     0
102
RTVSPropertyOp48
 70
     0
102
RTVSPropertyOp49
 70
     0
102
RTVSPropertyOp50
 70
     0
102
RTVSPropertyOp51
 70
     0
102
RTVSPropertyOp52
 70
     0
102
RTVSPropertyOp53
 70
     0
102
RTVSPropertyOp54
 70
     0
102
RTVSPropertyOp55
 70
     0
102
RTVSPropertyOp56
 70
     0
102
RTVSPropertyOp57
 70
     0
102
RTVSPost2010Prop28
280
     0
102
RTVSPost2010PropOp28
 70
     0
102
RTVSPost2010Prop29
280
     1
102
RTVSPost2010PropOp29
 70
     0
102
RTVSPost2010Prop30
280
     1
102
RTVSPost2010PropOp30
 70
     0
102
RTVSPost2010Prop31
280
     0
102
RTVSPost2010PropOp31
 70
     0
102
RTVSPost2010Prop32
280
     0
102
RTVSPost2010PropOp32
 70
     0
102
RTVSPost2010Prop33
280
     0
102
RTVSPost2010PropOp33
 70
     0
102
RTVSPost2010Prop34
280
     0
102
RTVSPost2010PropOp34
 70
     0
102
RTVSPost2010Prop35
280
     0
102
RTVSPost2010PropOp35
 70
     0
102
RTVSPost2010Prop36
280
     0
102
RTVSPost2010PropOp36
 70
     0
102
RTVSPost2010Prop37
 90
       50
102
RTVSPost2010PropOp37
 70
     0
102
RTVSPost2010Prop38
140
0.0
102
RTVSPost2010PropOp38
 70
     0
102
RTVSPost2010Prop39
140
1.0
102
RTVSPost2010PropOp39
 70
     0
102
RTVSPost2010Prop40
 90
        0
102
RTVSPost2010PropOp40
 70
     0
102
RTVSPost2010Prop41ColorIndex
 90
       18
102
RTVSPost2010Prop41ColorRGB
 90
        0
102
RTVSPost2010PropOp41
 70
     0
102
RTVSPost2010Prop42
 90
       50
102
RTVSPost2010PropOp42
 70
     0
102
RTVSPost2010Prop43
 90
        3
102
RTVSPost2010PropOp43
 70
     0
102
RTVSPost2010Prop44ColorIndex
 90
        5
102
RTVSPost2010Prop44ColorRGB
 90
      255
102
RTVSPost2010PropOp44
 70
     0
102
RTVSPost2010Prop45
280
     0
102
RTVSPost2010PropOp45
 70
     0
102
RTVSPost2010Prop46
 90
       50
102
RTVSPost2010PropOp46
 70
     0
102
RTVSPost2010Prop47
 90
       50
102
RTVSPost2010PropOp47
 70
     0
102
RTVSPost2010Prop48
 90
       50
102
RTVSPost2010PropOp48
 70
     0
102
RTVSPost2010Prop49
280
     0
102
RTVSPost2010PropOp49
 70
     0
102
RTVSPost2010Prop50
 90
       50
102
RTVSPost2010PropOp50
 70
     0
102
RTVSPost2010Prop51ColorIndex
 90
      256
102
RTVSPost2010Prop51ColorRGB
 90
-16777216
102
RTVSPost2010PropOp51
 70
     0
102
RTVSPost2010Prop52
140
1.0
102
RTVSPost2010PropOp52
 70
     0
102
RTVSPost2010Prop53
 90
        2
102
RTVSPost2010PropOp53
 70
     0
102
RTVSPost2010Prop54
  1
strokes_ogs.tif
102
RTVSPost2010PropOp54
 70
     0
102
RTVSPost2010Prop55
280
     0
102
RTVSPost2010PropOp55
 70
     0
102
RTVSPost2010Prop56
140
1.0
102
RTVSPost2010PropOp56
 70
     0
102
RTVSPost2010Prop57
140
1.0
102
RTVSPost2010PropOp57
 70
     0
  0
XRECORD
  5
762
102
{ACAD_REACTORS
330
761
102
}
330
761
100
AcDbXrecord
280
     1
102
RTVSPropertyOp0
 70
     1
102
RTVSPropertyOp1
 70
     1
102
RTVSPropertyOp2
 70
     1
102
RTVSPropertyOp3
 70
     1
102
RTVSPropertyOp4
 70
     1
102
RTVSPropertyOp5
 70
     1
102
RTVSPropertyOp6
 70
     1
102
RTVSPropertyOp7
 70
     1
102
RTVSPropertyOp8
 70
     1
102
RTVSPropertyOp9
 70
     1
102
RTVSPropertyOp10
 70
     1
102
RTVSPropertyOp11
 70
     1
102
RTVSPropertyOp12
 70
     1
102
RTVSPropertyOp13
 70
     1
102
RTVSPropertyOp14
 70
     1
102
RTVSPropertyOp15
 70
     1
102
RTVSPropertyOp16
 70
     1
102
RTVSPropertyOp17
 70
     1
102
RTVSPropertyOp18
 70
     1
102
RTVSPropertyOp19
 70
     1
102
RTVSPropertyOp20
 70
     1
102
RTVSPropertyOp21
 70
     1
102
RTVSPropertyOp22
 70
     1
102
RTVSPropertyOp23
 70
     1
102
RTVSPropertyOp24
 70
     1
102
RTVSPropertyOp25
 70
     1
102
RTVSPropertyOp26
 70
     1
102
RTVSPropertyOp27
 70
     1
102
RTVSPropertyOp28
 70
     1
102
RTVSPropertyOp29
 70
     1
102
RTVSPropertyOp30
 70
     1
102
RTVSPropertyOp31
 70
     1
102
RTVSPropertyOp32
 70
     1
102
RTVSPropertyOp33
 70
     1
102
RTVSPropertyOp34
 70
     1
102
RTVSPropertyOp35
 70
     1
102
RTVSPropertyOp36
 70
     1
102
RTVSPropertyOp37
 70
     1
102
RTVSPropertyOp38
 70
     1
102
RTVSPropertyOp39
 70
     1
102
RTVSPropertyOp40
 70
     1
102
RTVSPropertyOp41
 70
     1
102
RTVSPropertyOp42
 70
     1
102
RTVSPropertyOp43
 70
     1
102
RTVSPropertyOp44
 70
     1
102
RTVSPropertyOp45
 70
     1
102
RTVSPropertyOp46
 70
     1
102
RTVSPropertyOp47
 70
     1
102
RTVSPropertyOp48
 70
     1
102
RTVSPropertyOp49
 70
     1
102
RTVSPropertyOp50
 70
     1
102
RTVSPropertyOp51
 70
     0
102
RTVSPropertyOp52
 70
     0
102
RTVSPropertyOp53
 70
     1
102
RTVSPropertyOp54
 70
     1
102
RTVSPropertyOp55
 70
     1
102
RTVSPropertyOp56
 70
     1
102
RTVSPropertyOp57
 70
     1
102
RTVSPost2010Prop28
280
     0
102
RTVSPost2010PropOp28
 70
     1
102
RTVSPost2010Prop29
280
     1
102
RTVSPost2010PropOp29
 70
     1
102
RTVSPost2010Prop30
280
     1
102
RTVSPost2010PropOp30
 70
     1
102
RTVSPost2010Prop31
280
     0
102
RTVSPost2010PropOp31
 70
     1
102
RTVSPost2010Prop32
280
     0
102
RTVSPost2010PropOp32
 70
     1
102
RTVSPost2010Prop33
280
     0
102
RTVSPost2010PropOp33
 70
     1
102
RTVSPost2010Prop34
280
     0
102
RTVSPost2010PropOp34
 70
     1
102
RTVSPost2010Prop35
280
     0
102
RTVSPost2010PropOp35
 70
     1
102
RTVSPost2010Prop36
280
     0
102
RTVSPost2010PropOp36
 70
     1
102
RTVSPost2010Prop37
 90
       50
102
RTVSPost2010PropOp37
 70
     1
102
RTVSPost2010Prop38
140
0.0
102
RTVSPost2010PropOp38
 70
     1
102
RTVSPost2010Prop39
140
1.0
102
RTVSPost2010PropOp39
 70
     1
102
RTVSPost2010Prop40
 90
        0
102
RTVSPost2010PropOp40
 70
     1
102
RTVSPost2010Prop41ColorIndex
 90
       18
102
RTVSPost2010Prop41ColorRGB
 90
        0
102
RTVSPost2010PropOp41
 70
     1
102
RTVSPost2010Prop42
 90
       50
102
RTVSPost2010PropOp42
 70
     1
102
RTVSPost2010Prop43
 90
        3
102
RTVSPost2010PropOp43
 70
     1
102
RTVSPost2010Prop44ColorIndex
 90
        5
102
RTVSPost2010Prop44ColorRGB
 90
      255
102
RTVSPost2010PropOp44
 70
     1
102
RTVSPost2010Prop45
280
     0
102
RTVSPost2010PropOp45
 70
     1
102
RTVSPost2010Prop46
 90
       50
102
RTVSPost2010PropOp46
 70
     1
102
RTVSPost2010Prop47
 90
       50
102
RTVSPost2010PropOp47
 70
     1
102
RTVSPost2010Prop48
 90
       50
102
RTVSPost2010PropOp48
 70
     1
102
RTVSPost2010Prop49
280
     0
102
RTVSPost2010PropOp49
 70
     1
102
RTVSPost2010Prop50
 90
       50
102
RTVSPost2010PropOp50
 70
     1
102
RTVSPost2010Prop51ColorIndex
 90
      256
102
RTVSPost2010Prop51ColorRGB
 90
-16777216
102
RTVSPost2010PropOp51
 70
     0
102
RTVSPost2010Prop52
140
1.0
102
RTVSPost2010PropOp52
 70
     0
102
RTVSPost2010Prop53
 90
        2
102
RTVSPost2010PropOp53
 70
     1
102
RTVSPost2010Prop54
  1
strokes_ogs.tif
102
RTVSPost2010PropOp54
 70
     1
102
RTVSPost2010Prop55
280
     0
102
RTVSPost2010PropOp55
 70
     1
102
RTVSPost2010Prop56
140
1.0
102
RTVSPost2010PropOp56
 70
     1
102
RTVSPost2010Prop57
140
1.0
102
RTVSPost2010PropOp57
 70
     1
  0
XRECORD
  5
746
102
{ACAD_REACTORS
330
745
102
}
330
745
100
AcDbXrecord
280
     1
102
RTVSPropertyOp0
 70
     1
102
RTVSPropertyOp1
 70
     1
102
RTVSPropertyOp2
 70
     1
102
RTVSPropertyOp3
 70
     1
102
RTVSPropertyOp4
 70
     1
102
RTVSPropertyOp5
 70
     1
102
RTVSPropertyOp6
 70
     1
102
RTVSPropertyOp7
 70
     1
102
RTVSPropertyOp8
 70
     1
102
RTVSPropertyOp9
 70
     1
102
RTVSPropertyOp10
 70
     1
102
RTVSPropertyOp11
 70
     1
102
RTVSPropertyOp12
 70
     1
102
RTVSPropertyOp13
 70
     1
102
RTVSPropertyOp14
 70
     1
102
RTVSPropertyOp15
 70
     1
102
RTVSPropertyOp16
 70
     1
102
RTVSPropertyOp17
 70
     1
102
RTVSPropertyOp18
 70
     1
102
RTVSPropertyOp19
 70
     1
102
RTVSPropertyOp20
 70
     1
102
RTVSPropertyOp21
 70
     1
102
RTVSPropertyOp22
 70
     1
102
RTVSPropertyOp23
 70
     1
102
RTVSPropertyOp24
 70
     1
102
RTVSPropertyOp25
 70
     1
102
RTVSPropertyOp26
 70
     1
102
RTVSPropertyOp27
 70
     1
102
RTVSPropertyOp28
 70
     1
102
RTVSPropertyOp29
 70
     1
102
RTVSPropertyOp30
 70
     1
102
RTVSPropertyOp31
 70
     1
102
RTVSPropertyOp32
 70
     1
102
RTVSPropertyOp33
 70
     1
102
RTVSPropertyOp34
 70
     1
102
RTVSPropertyOp35
 70
     1
102
RTVSPropertyOp36
 70
     1
102
RTVSPropertyOp37
 70
     1
102
RTVSPropertyOp38
 70
     1
102
RTVSPropertyOp39
 70
     1
102
RTVSPropertyOp40
 70
     1
102
RTVSPropertyOp41
 70
     1
102
RTVSPropertyOp42
 70
     1
102
RTVSPropertyOp43
 70
     1
102
RTVSPropertyOp44
 70
     1
102
RTVSPropertyOp45
 70
     1
102
RTVSPropertyOp46
 70
     1
102
RTVSPropertyOp47
 70
     1
102
RTVSPropertyOp48
 70
     1
102
RTVSPropertyOp49
 70
     1
102
RTVSPropertyOp50
 70
     1
102
RTVSPropertyOp51
 70
     0
102
RTVSPropertyOp52
 70
     0
102
RTVSPropertyOp53
 70
     1
102
RTVSPropertyOp54
 70
     1
102
RTVSPropertyOp55
 70
     1
102
RTVSPropertyOp56
 70
     1
102
RTVSPropertyOp57
 70
     1
102
RTVSPost2010Prop28
280
     0
102
RTVSPost2010PropOp28
 70
     1
102
RTVSPost2010Prop29
280
     1
102
RTVSPost2010PropOp29
 70
     1
102
RTVSPost2010Prop30
280
     1
102
RTVSPost2010PropOp30
 70
     1
102
RTVSPost2010Prop31
280
     0
102
RTVSPost2010PropOp31
 70
     1
102
RTVSPost2010Prop32
280
     0
102
RTVSPost2010PropOp32
 70
     1
102
RTVSPost2010Prop33
280
     0
102
RTVSPost2010PropOp33
 70
     1
102
RTVSPost2010Prop34
280
     0
102
RTVSPost2010PropOp34
 70
     1
102
RTVSPost2010Prop35
280
     0
102
RTVSPost2010PropOp35
 70
     1
102
RTVSPost2010Prop36
280
     0
102
RTVSPost2010PropOp36
 70
     1
102
RTVSPost2010Prop37
 90
       50
102
RTVSPost2010PropOp37
 70
     1
102
RTVSPost2010Prop38
140
0.0
102
RTVSPost2010PropOp38
 70
     1
102
RTVSPost2010Prop39
140
1.0
102
RTVSPost2010PropOp39
 70
     1
102
RTVSPost2010Prop40
 90
        0
102
RTVSPost2010PropOp40
 70
     1
102
RTVSPost2010Prop41ColorIndex
 90
       18
102
RTVSPost2010Prop41ColorRGB
 90
        0
102
RTVSPost2010PropOp41
 70
     1
102
RTVSPost2010Prop42
 90
       50
102
RTVSPost2010PropOp42
 70
     1
102
RTVSPost2010Prop43
 90
        3
102
RTVSPost2010PropOp43
 70
     1
102
RTVSPost2010Prop44ColorIndex
 90
        5
102
RTVSPost2010Prop44ColorRGB
 90
      255
102
RTVSPost2010PropOp44
 70
     1
102
RTVSPost2010Prop45
280
     0
102
RTVSPost2010PropOp45
 70
     1
102
RTVSPost2010Prop46
 90
       50
102
RTVSPost2010PropOp46
 70
     1
102
RTVSPost2010Prop47
 90
       50
102
RTVSPost2010PropOp47
 70
     1
102
RTVSPost2010Prop48
 90
       50
102
RTVSPost2010PropOp48
 70
     1
102
RTVSPost2010Prop49
280
     0
102
RTVSPost2010PropOp49
 70
     1
102
RTVSPost2010Prop50
 90
       50
102
RTVSPost2010PropOp50
 70
     1
102
RTVSPost2010Prop51ColorIndex
 90
      256
102
RTVSPost2010Prop51ColorRGB
 90
-16777216
102
RTVSPost2010PropOp51
 70
     0
102
RTVSPost2010Prop52
140
1.0
102
RTVSPost2010PropOp52
 70
     0
102
RTVSPost2010Prop53
 90
        2
102
RTVSPost2010PropOp53
 70
     1
102
RTVSPost2010Prop54
  1
strokes_ogs.tif
102
RTVSPost2010PropOp54
 70
     1
102
RTVSPost2010Prop55
280
     0
102
RTVSPost2010PropOp55
 70
     1
102
RTVSPost2010Prop56
140
1.0
102
RTVSPost2010PropOp56
 70
     1
102
RTVSPost2010Prop57
140
1.0
102
RTVSPost2010PropOp57
 70
     1
  0
XRECORD
  5
748
102
{ACAD_REACTORS
330
747
102
}
330
747
100
AcDbXrecord
280
     1
102
RTVSPropertyOp0
 70
     1
102
RTVSPropertyOp1
 70
     1
102
RTVSPropertyOp2
 70
     1
102
RTVSPropertyOp3
 70
     1
102
RTVSPropertyOp4
 70
     1
102
RTVSPropertyOp5
 70
     1
102
RTVSPropertyOp6
 70
     1
102
RTVSPropertyOp7
 70
     1
102
RTVSPropertyOp8
 70
     1
102
RTVSPropertyOp9
 70
     1
102
RTVSPropertyOp10
 70
     1
102
RTVSPropertyOp11
 70
     1
102
RTVSPropertyOp12
 70
     1
102
RTVSPropertyOp13
 70
     1
102
RTVSPropertyOp14
 70
     1
102
RTVSPropertyOp15
 70
     1
102
RTVSPropertyOp16
 70
     1
102
RTVSPropertyOp17
 70
     1
102
RTVSPropertyOp18
 70
     1
102
RTVSPropertyOp19
 70
     1
102
RTVSPropertyOp20
 70
     1
102
RTVSPropertyOp21
 70
     1
102
RTVSPropertyOp22
 70
     1
102
RTVSPropertyOp23
 70
     1
102
RTVSPropertyOp24
 70
     1
102
RTVSPropertyOp25
 70
     1
102
RTVSPropertyOp26
 70
     1
102
RTVSPropertyOp27
 70
     1
102
RTVSPropertyOp28
 70
     1
102
RTVSPropertyOp29
 70
     1
102
RTVSPropertyOp30
 70
     1
102
RTVSPropertyOp31
 70
     1
102
RTVSPropertyOp32
 70
     1
102
RTVSPropertyOp33
 70
     1
102
RTVSPropertyOp34
 70
     1
102
RTVSPropertyOp35
 70
     1
102
RTVSPropertyOp36
 70
     1
102
RTVSPropertyOp37
 70
     1
102
RTVSPropertyOp38
 70
     1
102
RTVSPropertyOp39
 70
     1
102
RTVSPropertyOp40
 70
     1
102
RTVSPropertyOp41
 70
     1
102
RTVSPropertyOp42
 70
     1
102
RTVSPropertyOp43
 70
     1
102
RTVSPropertyOp44
 70
     1
102
RTVSPropertyOp45
 70
     1
102
RTVSPropertyOp46
 70
     1
102
RTVSPropertyOp47
 70
     1
102
RTVSPropertyOp48
 70
     1
102
RTVSPropertyOp49
 70
     1
102
RTVSPropertyOp50
 70
     1
102
RTVSPropertyOp51
 70
     0
102
RTVSPropertyOp52
 70
     0
102
RTVSPropertyOp53
 70
     1
102
RTVSPropertyOp54
 70
     1
102
RTVSPropertyOp55
 70
     1
102
RTVSPropertyOp56
 70
     1
102
RTVSPropertyOp57
 70
     1
102
RTVSPost2010Prop28
280
     0
102
RTVSPost2010PropOp28
 70
     1
102
RTVSPost2010Prop29
280
     1
102
RTVSPost2010PropOp29
 70
     1
102
RTVSPost2010Prop30
280
     1
102
RTVSPost2010PropOp30
 70
     1
102
RTVSPost2010Prop31
280
     0
102
RTVSPost2010PropOp31
 70
     1
102
RTVSPost2010Prop32
280
     0
102
RTVSPost2010PropOp32
 70
     1
102
RTVSPost2010Prop33
280
     0
102
RTVSPost2010PropOp33
 70
     1
102
RTVSPost2010Prop34
280
     0
102
RTVSPost2010PropOp34
 70
     1
102
RTVSPost2010Prop35
280
     0
102
RTVSPost2010PropOp35
 70
     1
102
RTVSPost2010Prop36
280
     0
102
RTVSPost2010PropOp36
 70
     1
102
RTVSPost2010Prop37
 90
       50
102
RTVSPost2010PropOp37
 70
     1
102
RTVSPost2010Prop38
140
0.0
102
RTVSPost2010PropOp38
 70
     1
102
RTVSPost2010Prop39
140
1.0
102
RTVSPost2010PropOp39
 70
     1
102
RTVSPost2010Prop40
 90
        0
102
RTVSPost2010PropOp40
 70
     1
102
RTVSPost2010Prop41ColorIndex
 90
       18
102
RTVSPost2010Prop41ColorRGB
 90
        0
102
RTVSPost2010PropOp41
 70
     1
102
RTVSPost2010Prop42
 90
       50
102
RTVSPost2010PropOp42
 70
     1
102
RTVSPost2010Prop43
 90
        3
102
RTVSPost2010PropOp43
 70
     1
102
RTVSPost2010Prop44ColorIndex
 90
        5
102
RTVSPost2010Prop44ColorRGB
 90
      255
102
RTVSPost2010PropOp44
 70
     1
102
RTVSPost2010Prop45
280
     0
102
RTVSPost2010PropOp45
 70
     1
102
RTVSPost2010Prop46
 90
       50
102
RTVSPost2010PropOp46
 70
     1
102
RTVSPost2010Prop47
 90
       50
102
RTVSPost2010PropOp47
 70
     1
102
RTVSPost2010Prop48
 90
       50
102
RTVSPost2010PropOp48
 70
     1
102
RTVSPost2010Prop49
280
     0
102
RTVSPost2010PropOp49
 70
     1
102
RTVSPost2010Prop50
 90
       50
102
RTVSPost2010PropOp50
 70
     1
102
RTVSPost2010Prop51ColorIndex
 90
      256
102
RTVSPost2010Prop51ColorRGB
 90
-16777216
102
RTVSPost2010PropOp51
 70
     0
102
RTVSPost2010Prop52
140
1.0
102
RTVSPost2010PropOp52
 70
     0
102
RTVSPost2010Prop53
 90
        2
102
RTVSPost2010PropOp53
 70
     1
102
RTVSPost2010Prop54
  1
strokes_ogs.tif
102
RTVSPost2010PropOp54
 70
     1
102
RTVSPost2010Prop55
280
     0
102
RTVSPost2010PropOp55
 70
     1
102
RTVSPost2010Prop56
140
1.0
102
RTVSPost2010PropOp56
 70
     1
102
RTVSPost2010Prop57
140
1.0
102
RTVSPost2010PropOp57
 70
     1
  0
XRECORD
  5
74A
102
{ACAD_REACTORS
330
749
102
}
330
749
100
AcDbXrecord
280
     1
102
RTVSPropertyOp0
 70
     1
102
RTVSPropertyOp1
 70
     1
102
RTVSPropertyOp2
 70
     1
102
RTVSPropertyOp3
 70
     1
102
RTVSPropertyOp4
 70
     1
102
RTVSPropertyOp5
 70
     1
102
RTVSPropertyOp6
 70
     1
102
RTVSPropertyOp7
 70
     1
102
RTVSPropertyOp8
 70
     1
102
RTVSPropertyOp9
 70
     1
102
RTVSPropertyOp10
 70
     1
102
RTVSPropertyOp11
 70
     1
102
RTVSPropertyOp12
 70
     1
102
RTVSPropertyOp13
 70
     1
102
RTVSPropertyOp14
 70
     1
102
RTVSPropertyOp15
 70
     1
102
RTVSPropertyOp16
 70
     1
102
RTVSPropertyOp17
 70
     1
102
RTVSPropertyOp18
 70
     1
102
RTVSPropertyOp19
 70
     1
102
RTVSPropertyOp20
 70
     1
102
RTVSPropertyOp21
 70
     1
102
RTVSPropertyOp22
 70
     1
102
RTVSPropertyOp23
 70
     1
102
RTVSPropertyOp24
 70
     1
102
RTVSPropertyOp25
 70
     1
102
RTVSPropertyOp26
 70
     1
102
RTVSPropertyOp27
 70
     1
102
RTVSPropertyOp28
 70
     1
102
RTVSPropertyOp29
 70
     1
102
RTVSPropertyOp30
 70
     1
102
RTVSPropertyOp31
 70
     1
102
RTVSPropertyOp32
 70
     1
102
RTVSPropertyOp33
 70
     1
102
RTVSPropertyOp34
 70
     1
102
RTVSPropertyOp35
 70
     1
102
RTVSPropertyOp36
 70
     1
102
RTVSPropertyOp37
 70
     1
102
RTVSPropertyOp38
 70
     1
102
RTVSPropertyOp39
 70
     1
102
RTVSPropertyOp40
 70
     1
102
RTVSPropertyOp41
 70
     1
102
RTVSPropertyOp42
 70
     1
102
RTVSPropertyOp43
 70
     1
102
RTVSPropertyOp44
 70
     1
102
RTVSPropertyOp45
 70
     1
102
RTVSPropertyOp46
 70
     1
102
RTVSPropertyOp47
 70
     1
102
RTVSPropertyOp48
 70
     1
102
RTVSPropertyOp49
 70
     1
102
RTVSPropertyOp50
 70
     1
102
RTVSPropertyOp51
 70
     0
102
RTVSPropertyOp52
 70
     0
102
RTVSPropertyOp53
 70
     1
102
RTVSPropertyOp54
 70
     1
102
RTVSPropertyOp55
 70
     1
102
RTVSPropertyOp56
 70
     1
102
RTVSPropertyOp57
 70
     1
102
RTVSPost2010Prop28
280
     0
102
RTVSPost2010PropOp28
 70
     1
102
RTVSPost2010Prop29
280
     1
102
RTVSPost2010PropOp29
 70
     1
102
RTVSPost2010Prop30
280
     1
102
RTVSPost2010PropOp30
 70
     1
102
RTVSPost2010Prop31
280
     0
102
RTVSPost2010PropOp31
 70
     1
102
RTVSPost2010Prop32
280
     0
102
RTVSPost2010PropOp32
 70
     1
102
RTVSPost2010Prop33
280
     0
102
RTVSPost2010PropOp33
 70
     1
102
RTVSPost2010Prop34
280
     0
102
RTVSPost2010PropOp34
 70
     1
102
RTVSPost2010Prop35
280
     0
102
RTVSPost2010PropOp35
 70
     1
102
RTVSPost2010Prop36
280
     0
102
RTVSPost2010PropOp36
 70
     1
102
RTVSPost2010Prop37
 90
       50
102
RTVSPost2010PropOp37
 70
     1
102
RTVSPost2010Prop38
140
0.0
102
RTVSPost2010PropOp38
 70
     1
102
RTVSPost2010Prop39
140
1.0
102
RTVSPost2010PropOp39
 70
     1
102
RTVSPost2010Prop40
 90
        0
102
RTVSPost2010PropOp40
 70
     1
102
RTVSPost2010Prop41ColorIndex
 90
       18
102
RTVSPost2010Prop41ColorRGB
 90
        0
102
RTVSPost2010PropOp41
 70
     1
102
RTVSPost2010Prop42
 90
       50
102
RTVSPost2010PropOp42
 70
     1
102
RTVSPost2010Prop43
 90
        3
102
RTVSPost2010PropOp43
 70
     1
102
RTVSPost2010Prop44ColorIndex
 90
        5
102
RTVSPost2010Prop44ColorRGB
 90
      255
102
RTVSPost2010PropOp44
 70
     1
102
RTVSPost2010Prop45
280
     0
102
RTVSPost2010PropOp45
 70
     1
102
RTVSPost2010Prop46
 90
       50
102
RTVSPost2010PropOp46
 70
     1
102
RTVSPost2010Prop47
 90
       50
102
RTVSPost2010PropOp47
 70
     1
102
RTVSPost2010Prop48
 90
       50
102
RTVSPost2010PropOp48
 70
     1
102
RTVSPost2010Prop49
280
     0
102
RTVSPost2010PropOp49
 70
     1
102
RTVSPost2010Prop50
 90
       50
102
RTVSPost2010PropOp50
 70
     1
102
RTVSPost2010Prop51ColorIndex
 90
      256
102
RTVSPost2010Prop51ColorRGB
 90
-16777216
102
RTVSPost2010PropOp51
 70
     0
102
RTVSPost2010Prop52
140
1.0
102
RTVSPost2010PropOp52
 70
     0
102
RTVSPost2010Prop53
 90
        2
102
RTVSPost2010PropOp53
 70
     1
102
RTVSPost2010Prop54
  1
strokes_ogs.tif
102
RTVSPost2010PropOp54
 70
     1
102
RTVSPost2010Prop55
280
     0
102
RTVSPost2010PropOp55
 70
     1
102
RTVSPost2010Prop56
140
1.0
102
RTVSPost2010PropOp56
 70
     1
102
RTVSPost2010Prop57
140
1.0
102
RTVSPost2010PropOp57
 70
     1
  0
XRECORD
  5
74C
102
{ACAD_REACTORS
330
74B
102
}
330
74B
100
AcDbXrecord
280
     1
102
RTVSPropertyOp0
 70
     1
102
RTVSPropertyOp1
 70
     1
102
RTVSPropertyOp2
 70
     1
102
RTVSPropertyOp3
 70
     1
102
RTVSPropertyOp4
 70
     1
102
RTVSPropertyOp5
 70
     1
102
RTVSPropertyOp6
 70
     1
102
RTVSPropertyOp7
 70
     1
102
RTVSPropertyOp8
 70
     1
102
RTVSPropertyOp9
 70
     1
102
RTVSPropertyOp10
 70
     1
102
RTVSPropertyOp11
 70
     1
102
RTVSPropertyOp12
 70
     1
102
RTVSPropertyOp13
 70
     1
102
RTVSPropertyOp14
 70
     1
102
RTVSPropertyOp15
 70
     1
102
RTVSPropertyOp16
 70
     1
102
RTVSPropertyOp17
 70
     1
102
RTVSPropertyOp18
 70
     1
102
RTVSPropertyOp19
 70
     1
102
RTVSPropertyOp20
 70
     1
102
RTVSPropertyOp21
 70
     1
102
RTVSPropertyOp22
 70
     1
102
RTVSPropertyOp23
 70
     1
102
RTVSPropertyOp24
 70
     1
102
RTVSPropertyOp25
 70
     1
102
RTVSPropertyOp26
 70
     1
102
RTVSPropertyOp27
 70
     1
102
RTVSPropertyOp28
 70
     1
102
RTVSPropertyOp29
 70
     1
102
RTVSPropertyOp30
 70
     1
102
RTVSPropertyOp31
 70
     1
102
RTVSPropertyOp32
 70
     1
102
RTVSPropertyOp33
 70
     1
102
RTVSPropertyOp34
 70
     1
102
RTVSPropertyOp35
 70
     1
102
RTVSPropertyOp36
 70
     1
102
RTVSPropertyOp37
 70
     1
102
RTVSPropertyOp38
 70
     1
102
RTVSPropertyOp39
 70
     1
102
RTVSPropertyOp40
 70
     1
102
RTVSPropertyOp41
 70
     1
102
RTVSPropertyOp42
 70
     1
102
RTVSPropertyOp43
 70
     1
102
RTVSPropertyOp44
 70
     1
102
RTVSPropertyOp45
 70
     1
102
RTVSPropertyOp46
 70
     1
102
RTVSPropertyOp47
 70
     1
102
RTVSPropertyOp48
 70
     1
102
RTVSPropertyOp49
 70
     1
102
RTVSPropertyOp50
 70
     1
102
RTVSPropertyOp51
 70
     0
102
RTVSPropertyOp52
 70
     0
102
RTVSPropertyOp53
 70
     1
102
RTVSPropertyOp54
 70
     1
102
RTVSPropertyOp55
 70
     1
102
RTVSPropertyOp56
 70
     1
102
RTVSPropertyOp57
 70
     1
102
RTVSPost2010Prop28
280
     0
102
RTVSPost2010PropOp28
 70
     1
102
RTVSPost2010Prop29
280
     1
102
RTVSPost2010PropOp29
 70
     1
102
RTVSPost2010Prop30
280
     1
102
RTVSPost2010PropOp30
 70
     1
102
RTVSPost2010Prop31
280
     0
102
RTVSPost2010PropOp31
 70
     1
102
RTVSPost2010Prop32
280
     0
102
RTVSPost2010PropOp32
 70
     1
102
RTVSPost2010Prop33
280
     0
102
RTVSPost2010PropOp33
 70
     1
102
RTVSPost2010Prop34
280
     0
102
RTVSPost2010PropOp34
 70
     1
102
RTVSPost2010Prop35
280
     0
102
RTVSPost2010PropOp35
 70
     1
102
RTVSPost2010Prop36
280
     0
102
RTVSPost2010PropOp36
 70
     1
102
RTVSPost2010Prop37
 90
       50
102
RTVSPost2010PropOp37
 70
     1
102
RTVSPost2010Prop38
140
0.0
102
RTVSPost2010PropOp38
 70
     1
102
RTVSPost2010Prop39
140
1.0
102
RTVSPost2010PropOp39
 70
     1
102
RTVSPost2010Prop40
 90
        0
102
RTVSPost2010PropOp40
 70
     1
102
RTVSPost2010Prop41ColorIndex
 90
       18
102
RTVSPost2010Prop41ColorRGB
 90
        0
102
RTVSPost2010PropOp41
 70
     1
102
RTVSPost2010Prop42
 90
       50
102
RTVSPost2010PropOp42
 70
     1
102
RTVSPost2010Prop43
 90
        3
102
RTVSPost2010PropOp43
 70
     1
102
RTVSPost2010Prop44ColorIndex
 90
        5
102
RTVSPost2010Prop44ColorRGB
 90
      255
102
RTVSPost2010PropOp44
 70
     1
102
RTVSPost2010Prop45
280
     0
102
RTVSPost2010PropOp45
 70
     1
102
RTVSPost2010Prop46
 90
       50
102
RTVSPost2010PropOp46
 70
     1
102
RTVSPost2010Prop47
 90
       50
102
RTVSPost2010PropOp47
 70
     1
102
RTVSPost2010Prop48
 90
       50
102
RTVSPost2010PropOp48
 70
     1
102
RTVSPost2010Prop49
280
     0
102
RTVSPost2010PropOp49
 70
     1
102
RTVSPost2010Prop50
 90
       50
102
RTVSPost2010PropOp50
 70
     1
102
RTVSPost2010Prop51ColorIndex
 90
      256
102
RTVSPost2010Prop51ColorRGB
 90
-16777216
102
RTVSPost2010PropOp51
 70
     0
102
RTVSPost2010Prop52
140
1.0
102
RTVSPost2010PropOp52
 70
     0
102
RTVSPost2010Prop53
 90
        2
102
RTVSPost2010PropOp53
 70
     1
102
RTVSPost2010Prop54
  1
strokes_ogs.tif
102
RTVSPost2010PropOp54
 70
     1
102
RTVSPost2010Prop55
280
     0
102
RTVSPost2010PropOp55
 70
     1
102
RTVSPost2010Prop56
140
1.0
102
RTVSPost2010PropOp56
 70
     1
102
RTVSPost2010Prop57
140
1.0
102
RTVSPost2010PropOp57
 70
     1
  0
XRECORD
  5
752
102
{ACAD_REACTORS
330
751
102
}
330
751
100
AcDbXrecord
280
     1
102
RTVSPropertyOp0
 70
     1
102
RTVSPropertyOp1
 70
     1
102
RTVSPropertyOp2
 70
     1
102
RTVSPropertyOp3
 70
     1
102
RTVSPropertyOp4
 70
     1
102
RTVSPropertyOp5
 70
     1
102
RTVSPropertyOp6
 70
     1
102
RTVSPropertyOp7
 70
     1
102
RTVSPropertyOp8
 70
     1
102
RTVSPropertyOp9
 70
     1
102
RTVSPropertyOp10
 70
     1
102
RTVSPropertyOp11
 70
     1
102
RTVSPropertyOp12
 70
     1
102
RTVSPropertyOp13
 70
     1
102
RTVSPropertyOp14
 70
     1
102
RTVSPropertyOp15
 70
     1
102
RTVSPropertyOp16
 70
     1
102
RTVSPropertyOp17
 70
     1
102
RTVSPropertyOp18
 70
     1
102
RTVSPropertyOp19
 70
     1
102
RTVSPropertyOp20
 70
     1
102
RTVSPropertyOp21
 70
     1
102
RTVSPropertyOp22
 70
     1
102
RTVSPropertyOp23
 70
     1
102
RTVSPropertyOp24
 70
     1
102
RTVSPropertyOp25
 70
     1
102
RTVSPropertyOp26
 70
     1
102
RTVSPropertyOp27
 70
     1
102
RTVSPropertyOp28
 70
     1
102
RTVSPropertyOp29
 70
     1
102
RTVSPropertyOp30
 70
     1
102
RTVSPropertyOp31
 70
     1
102
RTVSPropertyOp32
 70
     1
102
RTVSPropertyOp33
 70
     1
102
RTVSPropertyOp34
 70
     1
102
RTVSPropertyOp35
 70
     1
102
RTVSPropertyOp36
 70
     1
102
RTVSPropertyOp37
 70
     1
102
RTVSPropertyOp38
 70
     1
102
RTVSPropertyOp39
 70
     1
102
RTVSPropertyOp40
 70
     1
102
RTVSPropertyOp41
 70
     1
102
RTVSPropertyOp42
 70
     1
102
RTVSPropertyOp43
 70
     1
102
RTVSPropertyOp44
 70
     1
102
RTVSPropertyOp45
 70
     1
102
RTVSPropertyOp46
 70
     1
102
RTVSPropertyOp47
 70
     1
102
RTVSPropertyOp48
 70
     1
102
RTVSPropertyOp49
 70
     1
102
RTVSPropertyOp50
 70
     1
102
RTVSPropertyOp51
 70
     0
102
RTVSPropertyOp52
 70
     0
102
RTVSPropertyOp53
 70
     1
102
RTVSPropertyOp54
 70
     1
102
RTVSPropertyOp55
 70
     1
102
RTVSPropertyOp56
 70
     1
102
RTVSPropertyOp57
 70
     1
102
RTVSPost2010Prop28
280
     0
102
RTVSPost2010PropOp28
 70
     1
102
RTVSPost2010Prop29
280
     1
102
RTVSPost2010PropOp29
 70
     1
102
RTVSPost2010Prop30
280
     1
102
RTVSPost2010PropOp30
 70
     1
102
RTVSPost2010Prop31
280
     0
102
RTVSPost2010PropOp31
 70
     1
102
RTVSPost2010Prop32
280
     0
102
RTVSPost2010PropOp32
 70
     1
102
RTVSPost2010Prop33
280
     0
102
RTVSPost2010PropOp33
 70
     1
102
RTVSPost2010Prop34
280
     0
102
RTVSPost2010PropOp34
 70
     1
102
RTVSPost2010Prop35
280
     0
102
RTVSPost2010PropOp35
 70
     1
102
RTVSPost2010Prop36
280
     0
102
RTVSPost2010PropOp36
 70
     1
102
RTVSPost2010Prop37
 90
       50
102
RTVSPost2010PropOp37
 70
     1
102
RTVSPost2010Prop38
140
0.0
102
RTVSPost2010PropOp38
 70
     1
102
RTVSPost2010Prop39
140
1.0
102
RTVSPost2010PropOp39
 70
     1
102
RTVSPost2010Prop40
 90
        0
102
RTVSPost2010PropOp40
 70
     1
102
RTVSPost2010Prop41ColorIndex
 90
       18
102
RTVSPost2010Prop41ColorRGB
 90
        0
102
RTVSPost2010PropOp41
 70
     1
102
RTVSPost2010Prop42
 90
       50
102
RTVSPost2010PropOp42
 70
     1
102
RTVSPost2010Prop43
 90
        3
102
RTVSPost2010PropOp43
 70
     1
102
RTVSPost2010Prop44ColorIndex
 90
        5
102
RTVSPost2010Prop44ColorRGB
 90
      255
102
RTVSPost2010PropOp44
 70
     1
102
RTVSPost2010Prop45
280
     0
102
RTVSPost2010PropOp45
 70
     1
102
RTVSPost2010Prop46
 90
       50
102
RTVSPost2010PropOp46
 70
     1
102
RTVSPost2010Prop47
 90
       50
102
RTVSPost2010PropOp47
 70
     1
102
RTVSPost2010Prop48
 90
       50
102
RTVSPost2010PropOp48
 70
     1
102
RTVSPost2010Prop49
280
     0
102
RTVSPost2010PropOp49
 70
     1
102
RTVSPost2010Prop50
 90
       50
102
RTVSPost2010PropOp50
 70
     1
102
RTVSPost2010Prop51ColorIndex
 90
      256
102
RTVSPost2010Prop51ColorRGB
 90
-16777216
102
RTVSPost2010PropOp51
 70
     0
102
RTVSPost2010Prop52
140
1.0
102
RTVSPost2010PropOp52
 70
     0
102
RTVSPost2010Prop53
 90
        2
102
RTVSPost2010PropOp53
 70
     1
102
RTVSPost2010Prop54
  1
strokes_ogs.tif
102
RTVSPost2010PropOp54
 70
     1
102
RTVSPost2010Prop55
280
     0
102
RTVSPost2010PropOp55
 70
     1
102
RTVSPost2010Prop56
140
1.0
102
RTVSPost2010PropOp56
 70
     1
102
RTVSPost2010Prop57
140
1.0
102
RTVSPost2010PropOp57
 70
     1
  0
XRECORD
  5
766
102
{ACAD_REACTORS
330
765
102
}
330
765
100
AcDbXrecord
280
     1
102
RTVSPropertyOp0
 70
     0
102
RTVSPropertyOp1
 70
     0
102
RTVSPropertyOp2
 70
     0
102
RTVSPropertyOp3
 70
     0
102
RTVSPropertyOp4
 70
     0
102
RTVSPropertyOp5
 70
     0
102
RTVSPropertyOp6
 70
     0
102
RTVSPropertyOp7
 70
     0
102
RTVSPropertyOp8
 70
     0
102
RTVSPropertyOp9
 70
     0
102
RTVSPropertyOp10
 70
     0
102
RTVSPropertyOp11
 70
     0
102
RTVSPropertyOp12
 70
     0
102
RTVSPropertyOp13
 70
     0
102
RTVSPropertyOp14
 70
     2
102
RTVSPropertyOp15
 70
     0
102
RTVSPropertyOp16
 70
     0
102
RTVSPropertyOp17
 70
     0
102
RTVSPropertyOp18
 70
     0
102
RTVSPropertyOp19
 70
     0
102
RTVSPropertyOp20
 70
     0
102
RTVSPropertyOp21
 70
     0
102
RTVSPropertyOp22
 70
     0
102
RTVSPropertyOp23
 70
     0
102
RTVSPropertyOp24
 70
     0
102
RTVSPropertyOp25
 70
     0
102
RTVSPropertyOp26
 70
     0
102
RTVSPropertyOp27
 70
     0
102
RTVSPropertyOp28
 70
     0
102
RTVSPropertyOp29
 70
     0
102
RTVSPropertyOp30
 70
     0
102
RTVSPropertyOp31
 70
     0
102
RTVSPropertyOp32
 70
     0
102
RTVSPropertyOp33
 70
     0
102
RTVSPropertyOp34
 70
     0
102
RTVSPropertyOp35
 70
     0
102
RTVSPropertyOp36
 70
     0
102
RTVSPropertyOp37
 70
     0
102
RTVSPropertyOp38
 70
     0
102
RTVSPropertyOp39
 70
     0
102
RTVSPropertyOp40
 70
     0
102
RTVSPropertyOp41
 70
     0
102
RTVSPropertyOp42
 70
     0
102
RTVSPropertyOp43
 70
     0
102
RTVSPropertyOp44
 70
     0
102
RTVSPropertyOp45
 70
     0
102
RTVSPropertyOp46
 70
     0
102
RTVSPropertyOp47
 70
     0
102
RTVSPropertyOp48
 70
     0
102
RTVSPropertyOp49
 70
     0
102
RTVSPropertyOp50
 70
     0
102
RTVSPropertyOp51
 70
     0
102
RTVSPropertyOp52
 70
     0
102
RTVSPropertyOp53
 70
     0
102
RTVSPropertyOp54
 70
     0
102
RTVSPropertyOp55
 70
     0
102
RTVSPropertyOp56
 70
     0
102
RTVSPropertyOp57
 70
     0
102
RTVSPost2010Prop28
280
     0
102
RTVSPost2010PropOp28
 70
     0
102
RTVSPost2010Prop29
280
     1
102
RTVSPost2010PropOp29
 70
     0
102
RTVSPost2010Prop30
280
     1
102
RTVSPost2010PropOp30
 70
     0
102
RTVSPost2010Prop31
280
     0
102
RTVSPost2010PropOp31
 70
     0
102
RTVSPost2010Prop32
280
     0
102
RTVSPost2010PropOp32
 70
     0
102
RTVSPost2010Prop33
280
     0
102
RTVSPost2010PropOp33
 70
     0
102
RTVSPost2010Prop34
280
     0
102
RTVSPost2010PropOp34
 70
     0
102
RTVSPost2010Prop35
280
     0
102
RTVSPost2010PropOp35
 70
     0
102
RTVSPost2010Prop36
280
     0
102
RTVSPost2010PropOp36
 70
     0
102
RTVSPost2010Prop37
 90
       50
102
RTVSPost2010PropOp37
 70
     0
102
RTVSPost2010Prop38
140
0.0
102
RTVSPost2010PropOp38
 70
     0
102
RTVSPost2010Prop39
140
1.0
102
RTVSPost2010PropOp39
 70
     0
102
RTVSPost2010Prop40
 90
        0
102
RTVSPost2010PropOp40
 70
     0
102
RTVSPost2010Prop41ColorIndex
 90
       18
102
RTVSPost2010Prop41ColorRGB
 90
        0
102
RTVSPost2010PropOp41
 70
     0
102
RTVSPost2010Prop42
 90
       50
102
RTVSPost2010PropOp42
 70
     0
102
RTVSPost2010Prop43
 90
        3
102
RTVSPost2010PropOp43
 70
     0
102
RTVSPost2010Prop44ColorIndex
 90
        5
102
RTVSPost2010Prop44ColorRGB
 90
      255
102
RTVSPost2010PropOp44
 70
     0
102
RTVSPost2010Prop45
280
     0
102
RTVSPost2010PropOp45
 70
     0
102
RTVSPost2010Prop46
 90
       50
102
RTVSPost2010PropOp46
 70
     0
102
RTVSPost2010Prop47
 90
       50
102
RTVSPost2010PropOp47
 70
     0
102
RTVSPost2010Prop48
 90
       50
102
RTVSPost2010PropOp48
 70
     0
102
RTVSPost2010Prop49
280
     0
102
RTVSPost2010PropOp49
 70
     0
102
RTVSPost2010Prop50
 90
       50
102
RTVSPost2010PropOp50
 70
     0
102
RTVSPost2010Prop51ColorIndex
 90
      256
102
RTVSPost2010Prop51ColorRGB
 90
-16777216
102
RTVSPost2010PropOp51
 70
     0
102
RTVSPost2010Prop52
140
1.0
102
RTVSPost2010PropOp52
 70
     0
102
RTVSPost2010Prop53
 90
        2
102
RTVSPost2010PropOp53
 70
     0
102
RTVSPost2010Prop54
  1
strokes_ogs.tif
102
RTVSPost2010PropOp54
 70
     0
102
RTVSPost2010Prop55
280
     0
102
RTVSPost2010PropOp55
 70
     0
102
RTVSPost2010Prop56
140
1.0
102
RTVSPost2010PropOp56
 70
     0
102
RTVSPost2010Prop57
140
1.0
102
RTVSPost2010PropOp57
 70
     0
  0
XRECORD
  5
760
102
{ACAD_REACTORS
330
75F
102
}
330
75F
100
AcDbXrecord
280
     1
102
RTVSPropertyOp0
 70
     1
102
RTVSPropertyOp1
 70
     1
102
RTVSPropertyOp2
 70
     1
102
RTVSPropertyOp3
 70
     1
102
RTVSPropertyOp4
 70
     1
102
RTVSPropertyOp5
 70
     1
102
RTVSPropertyOp6
 70
     1
102
RTVSPropertyOp7
 70
     1
102
RTVSPropertyOp8
 70
     1
102
RTVSPropertyOp9
 70
     1
102
RTVSPropertyOp10
 70
     1
102
RTVSPropertyOp11
 70
     1
102
RTVSPropertyOp12
 70
     1
102
RTVSPropertyOp13
 70
     1
102
RTVSPropertyOp14
 70
     1
102
RTVSPropertyOp15
 70
     1
102
RTVSPropertyOp16
 70
     1
102
RTVSPropertyOp17
 70
     1
102
RTVSPropertyOp18
 70
     1
102
RTVSPropertyOp19
 70
     1
102
RTVSPropertyOp20
 70
     1
102
RTVSPropertyOp21
 70
     1
102
RTVSPropertyOp22
 70
     1
102
RTVSPropertyOp23
 70
     1
102
RTVSPropertyOp24
 70
     1
102
RTVSPropertyOp25
 70
     1
102
RTVSPropertyOp26
 70
     1
102
RTVSPropertyOp27
 70
     1
102
RTVSPropertyOp28
 70
     1
102
RTVSPropertyOp29
 70
     1
102
RTVSPropertyOp30
 70
     1
102
RTVSPropertyOp31
 70
     1
102
RTVSPropertyOp32
 70
     1
102
RTVSPropertyOp33
 70
     1
102
RTVSPropertyOp34
 70
     1
102
RTVSPropertyOp35
 70
     1
102
RTVSPropertyOp36
 70
     1
102
RTVSPropertyOp37
 70
     1
102
RTVSPropertyOp38
 70
     1
102
RTVSPropertyOp39
 70
     1
102
RTVSPropertyOp40
 70
     1
102
RTVSPropertyOp41
 70
     1
102
RTVSPropertyOp42
 70
     1
102
RTVSPropertyOp43
 70
     1
102
RTVSPropertyOp44
 70
     1
102
RTVSPropertyOp45
 70
     1
102
RTVSPropertyOp46
 70
     1
102
RTVSPropertyOp47
 70
     1
102
RTVSPropertyOp48
 70
     1
102
RTVSPropertyOp49
 70
     1
102
RTVSPropertyOp50
 70
     1
102
RTVSPropertyOp51
 70
     0
102
RTVSPropertyOp52
 70
     0
102
RTVSPropertyOp53
 70
     1
102
RTVSPropertyOp54
 70
     1
102
RTVSPropertyOp55
 70
     1
102
RTVSPropertyOp56
 70
     1
102
RTVSPropertyOp57
 70
     1
102
RTVSPost2010Prop28
280
     0
102
RTVSPost2010PropOp28
 70
     1
102
RTVSPost2010Prop29
280
     1
102
RTVSPost2010PropOp29
 70
     1
102
RTVSPost2010Prop30
280
     1
102
RTVSPost2010PropOp30
 70
     1
102
RTVSPost2010Prop31
280
     0
102
RTVSPost2010PropOp31
 70
     1
102
RTVSPost2010Prop32
280
     0
102
RTVSPost2010PropOp32
 70
     1
102
RTVSPost2010Prop33
280
     0
102
RTVSPost2010PropOp33
 70
     1
102
RTVSPost2010Prop34
280
     0
102
RTVSPost2010PropOp34
 70
     1
102
RTVSPost2010Prop35
280
     0
102
RTVSPost2010PropOp35
 70
     1
102
RTVSPost2010Prop36
280
     0
102
RTVSPost2010PropOp36
 70
     1
102
RTVSPost2010Prop37
 90
       50
102
RTVSPost2010PropOp37
 70
     1
102
RTVSPost2010Prop38
140
0.0
102
RTVSPost2010PropOp38
 70
     1
102
RTVSPost2010Prop39
140
1.0
102
RTVSPost2010PropOp39
 70
     1
102
RTVSPost2010Prop40
 90
        0
102
RTVSPost2010PropOp40
 70
     1
102
RTVSPost2010Prop41ColorIndex
 90
       18
102
RTVSPost2010Prop41ColorRGB
 90
        0
102
RTVSPost2010PropOp41
 70
     1
102
RTVSPost2010Prop42
 90
       50
102
RTVSPost2010PropOp42
 70
     1
102
RTVSPost2010Prop43
 90
        3
102
RTVSPost2010PropOp43
 70
     1
102
RTVSPost2010Prop44ColorIndex
 90
        5
102
RTVSPost2010Prop44ColorRGB
 90
      255
102
RTVSPost2010PropOp44
 70
     1
102
RTVSPost2010Prop45
280
     0
102
RTVSPost2010PropOp45
 70
     1
102
RTVSPost2010Prop46
 90
       50
102
RTVSPost2010PropOp46
 70
     1
102
RTVSPost2010Prop47
 90
       50
102
RTVSPost2010PropOp47
 70
     1
102
RTVSPost2010Prop48
 90
       50
102
RTVSPost2010PropOp48
 70
     1
102
RTVSPost2010Prop49
280
     0
102
RTVSPost2010PropOp49
 70
     1
102
RTVSPost2010Prop50
 90
       50
102
RTVSPost2010PropOp50
 70
     1
102
RTVSPost2010Prop51ColorIndex
 90
      256
102
RTVSPost2010Prop51ColorRGB
 90
-16777216
102
RTVSPost2010PropOp51
 70
     0
102
RTVSPost2010Prop52
140
1.0
102
RTVSPost2010PropOp52
 70
     0
102
RTVSPost2010Prop53
 90
        2
102
RTVSPost2010PropOp53
 70
     1
102
RTVSPost2010Prop54
  1
strokes_ogs.tif
102
RTVSPost2010PropOp54
 70
     1
102
RTVSPost2010Prop55
280
     0
102
RTVSPost2010PropOp55
 70
     1
102
RTVSPost2010Prop56
140
1.0
102
RTVSPost2010PropOp56
 70
     1
102
RTVSPost2010Prop57
140
1.0
102
RTVSPost2010PropOp57
 70
     1
  0
XRECORD
  5
768
102
{ACAD_REACTORS
330
767
102
}
330
767
100
AcDbXrecord
280
     1
102
RTVSPropertyOp0
 70
     0
102
RTVSPropertyOp1
 70
     0
102
RTVSPropertyOp2
 70
     0
102
RTVSPropertyOp3
 70
     0
102
RTVSPropertyOp4
 70
     0
102
RTVSPropertyOp5
 70
     0
102
RTVSPropertyOp6
 70
     0
102
RTVSPropertyOp7
 70
     0
102
RTVSPropertyOp8
 70
     0
102
RTVSPropertyOp9
 70
     0
102
RTVSPropertyOp10
 70
     0
102
RTVSPropertyOp11
 70
     0
102
RTVSPropertyOp12
 70
     0
102
RTVSPropertyOp13
 70
     0
102
RTVSPropertyOp14
 70
     2
102
RTVSPropertyOp15
 70
     0
102
RTVSPropertyOp16
 70
     0
102
RTVSPropertyOp17
 70
     0
102
RTVSPropertyOp18
 70
     0
102
RTVSPropertyOp19
 70
     0
102
RTVSPropertyOp20
 70
     0
102
RTVSPropertyOp21
 70
     0
102
RTVSPropertyOp22
 70
     0
102
RTVSPropertyOp23
 70
     0
102
RTVSPropertyOp24
 70
     0
102
RTVSPropertyOp25
 70
     0
102
RTVSPropertyOp26
 70
     0
102
RTVSPropertyOp27
 70
     0
102
RTVSPropertyOp28
 70
     0
102
RTVSPropertyOp29
 70
     0
102
RTVSPropertyOp30
 70
     0
102
RTVSPropertyOp31
 70
     0
102
RTVSPropertyOp32
 70
     0
102
RTVSPropertyOp33
 70
     0
102
RTVSPropertyOp34
 70
     0
102
RTVSPropertyOp35
 70
     0
102
RTVSPropertyOp36
 70
     0
102
RTVSPropertyOp37
 70
     0
102
RTVSPropertyOp38
 70
     0
102
RTVSPropertyOp39
 70
     0
102
RTVSPropertyOp40
 70
     0
102
RTVSPropertyOp41
 70
     0
102
RTVSPropertyOp42
 70
     0
102
RTVSPropertyOp43
 70
     0
102
RTVSPropertyOp44
 70
     0
102
RTVSPropertyOp45
 70
     0
102
RTVSPropertyOp46
 70
     0
102
RTVSPropertyOp47
 70
     0
102
RTVSPropertyOp48
 70
     0
102
RTVSPropertyOp49
 70
     0
102
RTVSPropertyOp50
 70
     0
102
RTVSPropertyOp51
 70
     0
102
RTVSPropertyOp52
 70
     0
102
RTVSPropertyOp53
 70
     0
102
RTVSPropertyOp54
 70
     0
102
RTVSPropertyOp55
 70
     0
102
RTVSPropertyOp56
 70
     0
102
RTVSPropertyOp57
 70
     0
102
RTVSPost2010Prop28
280
     0
102
RTVSPost2010PropOp28
 70
     0
102
RTVSPost2010Prop29
280
     1
102
RTVSPost2010PropOp29
 70
     0
102
RTVSPost2010Prop30
280
     1
102
RTVSPost2010PropOp30
 70
     0
102
RTVSPost2010Prop31
280
     0
102
RTVSPost2010PropOp31
 70
     0
102
RTVSPost2010Prop32
280
     0
102
RTVSPost2010PropOp32
 70
     0
102
RTVSPost2010Prop33
280
     0
102
RTVSPost2010PropOp33
 70
     0
102
RTVSPost2010Prop34
280
     0
102
RTVSPost2010PropOp34
 70
     0
102
RTVSPost2010Prop35
280
     0
102
RTVSPost2010PropOp35
 70
     0
102
RTVSPost2010Prop36
280
     0
102
RTVSPost2010PropOp36
 70
     0
102
RTVSPost2010Prop37
 90
       50
102
RTVSPost2010PropOp37
 70
     0
102
RTVSPost2010Prop38
140
0.0
102
RTVSPost2010PropOp38
 70
     0
102
RTVSPost2010Prop39
140
1.0
102
RTVSPost2010PropOp39
 70
     0
102
RTVSPost2010Prop40
 90
        0
102
RTVSPost2010PropOp40
 70
     0
102
RTVSPost2010Prop41ColorIndex
 90
       18
102
RTVSPost2010Prop41ColorRGB
 90
        0
102
RTVSPost2010PropOp41
 70
     0
102
RTVSPost2010Prop42
 90
       50
102
RTVSPost2010PropOp42
 70
     0
102
RTVSPost2010Prop43
 90
        3
102
RTVSPost2010PropOp43
 70
     0
102
RTVSPost2010Prop44ColorIndex
 90
        5
102
RTVSPost2010Prop44ColorRGB
 90
      255
102
RTVSPost2010PropOp44
 70
     0
102
RTVSPost2010Prop45
280
     0
102
RTVSPost2010PropOp45
 70
     0
102
RTVSPost2010Prop46
 90
       50
102
RTVSPost2010PropOp46
 70
     0
102
RTVSPost2010Prop47
 90
       50
102
RTVSPost2010PropOp47
 70
     0
102
RTVSPost2010Prop48
 90
       50
102
RTVSPost2010PropOp48
 70
     0
102
RTVSPost2010Prop49
280
     0
102
RTVSPost2010PropOp49
 70
     0
102
RTVSPost2010Prop50
 90
       50
102
RTVSPost2010PropOp50
 70
     0
102
RTVSPost2010Prop51ColorIndex
 90
      256
102
RTVSPost2010Prop51ColorRGB
 90
-16777216
102
RTVSPost2010PropOp51
 70
     0
102
RTVSPost2010Prop52
140
1.0
102
RTVSPost2010PropOp52
 70
     0
102
RTVSPost2010Prop53
 90
        2
102
RTVSPost2010PropOp53
 70
     0
102
RTVSPost2010Prop54
  1
strokes_ogs.tif
102
RTVSPost2010PropOp54
 70
     0
102
RTVSPost2010Prop55
280
     0
102
RTVSPost2010PropOp55
 70
     0
102
RTVSPost2010Prop56
140
1.0
102
RTVSPost2010PropOp56
 70
     0
102
RTVSPost2010Prop57
140
1.0
102
RTVSPost2010PropOp57
 70
     0
  0
XRECORD
  5
756
102
{ACAD_REACTORS
330
755
102
}
330
755
100
AcDbXrecord
280
     1
102
RTVSPropertyOp0
 70
     1
102
RTVSPropertyOp1
 70
     1
102
RTVSPropertyOp2
 70
     1
102
RTVSPropertyOp3
 70
     1
102
RTVSPropertyOp4
 70
     1
102
RTVSPropertyOp5
 70
     1
102
RTVSPropertyOp6
 70
     1
102
RTVSPropertyOp7
 70
     1
102
RTVSPropertyOp8
 70
     1
102
RTVSPropertyOp9
 70
     1
102
RTVSPropertyOp10
 70
     1
102
RTVSPropertyOp11
 70
     1
102
RTVSPropertyOp12
 70
     1
102
RTVSPropertyOp13
 70
     1
102
RTVSPropertyOp14
 70
     1
102
RTVSPropertyOp15
 70
     1
102
RTVSPropertyOp16
 70
     1
102
RTVSPropertyOp17
 70
     1
102
RTVSPropertyOp18
 70
     1
102
RTVSPropertyOp19
 70
     1
102
RTVSPropertyOp20
 70
     1
102
RTVSPropertyOp21
 70
     1
102
RTVSPropertyOp22
 70
     1
102
RTVSPropertyOp23
 70
     1
102
RTVSPropertyOp24
 70
     1
102
RTVSPropertyOp25
 70
     1
102
RTVSPropertyOp26
 70
     1
102
RTVSPropertyOp27
 70
     1
102
RTVSPropertyOp28
 70
     1
102
RTVSPropertyOp29
 70
     1
102
RTVSPropertyOp30
 70
     1
102
RTVSPropertyOp31
 70
     1
102
RTVSPropertyOp32
 70
     1
102
RTVSPropertyOp33
 70
     1
102
RTVSPropertyOp34
 70
     1
102
RTVSPropertyOp35
 70
     1
102
RTVSPropertyOp36
 70
     1
102
RTVSPropertyOp37
 70
     1
102
RTVSPropertyOp38
 70
     1
102
RTVSPropertyOp39
 70
     1
102
RTVSPropertyOp40
 70
     1
102
RTVSPropertyOp41
 70
     1
102
RTVSPropertyOp42
 70
     1
102
RTVSPropertyOp43
 70
     1
102
RTVSPropertyOp44
 70
     1
102
RTVSPropertyOp45
 70
     1
102
RTVSPropertyOp46
 70
     1
102
RTVSPropertyOp47
 70
     1
102
RTVSPropertyOp48
 70
     1
102
RTVSPropertyOp49
 70
     1
102
RTVSPropertyOp50
 70
     1
102
RTVSPropertyOp51
 70
     0
102
RTVSPropertyOp52
 70
     0
102
RTVSPropertyOp53
 70
     1
102
RTVSPropertyOp54
 70
     1
102
RTVSPropertyOp55
 70
     1
102
RTVSPropertyOp56
 70
     1
102
RTVSPropertyOp57
 70
     1
102
RTVSPost2010Prop28
280
     0
102
RTVSPost2010PropOp28
 70
     1
102
RTVSPost2010Prop29
280
     1
102
RTVSPost2010PropOp29
 70
     1
102
RTVSPost2010Prop30
280
     1
102
RTVSPost2010PropOp30
 70
     1
102
RTVSPost2010Prop31
280
     0
102
RTVSPost2010PropOp31
 70
     1
102
RTVSPost2010Prop32
280
     0
102
RTVSPost2010PropOp32
 70
     1
102
RTVSPost2010Prop33
280
     0
102
RTVSPost2010PropOp33
 70
     1
102
RTVSPost2010Prop34
280
     0
102
RTVSPost2010PropOp34
 70
     1
102
RTVSPost2010Prop35
280
     0
102
RTVSPost2010PropOp35
 70
     1
102
RTVSPost2010Prop36
280
     0
102
RTVSPost2010PropOp36
 70
     1
102
RTVSPost2010Prop37
 90
       50
102
RTVSPost2010PropOp37
 70
     1
102
RTVSPost2010Prop38
140
0.0
102
RTVSPost2010PropOp38
 70
     1
102
RTVSPost2010Prop39
140
1.0
102
RTVSPost2010PropOp39
 70
     1
102
RTVSPost2010Prop40
 90
        0
102
RTVSPost2010PropOp40
 70
     1
102
RTVSPost2010Prop41ColorIndex
 90
       18
102
RTVSPost2010Prop41ColorRGB
 90
        0
102
RTVSPost2010PropOp41
 70
     1
102
RTVSPost2010Prop42
 90
       50
102
RTVSPost2010PropOp42
 70
     1
102
RTVSPost2010Prop43
 90
        3
102
RTVSPost2010PropOp43
 70
     1
102
RTVSPost2010Prop44ColorIndex
 90
        5
102
RTVSPost2010Prop44ColorRGB
 90
      255
102
RTVSPost2010PropOp44
 70
     1
102
RTVSPost2010Prop45
280
     0
102
RTVSPost2010PropOp45
 70
     1
102
RTVSPost2010Prop46
 90
       50
102
RTVSPost2010PropOp46
 70
     1
102
RTVSPost2010Prop47
 90
       50
102
RTVSPost2010PropOp47
 70
     1
102
RTVSPost2010Prop48
 90
       50
102
RTVSPost2010PropOp48
 70
     1
102
RTVSPost2010Prop49
280
     0
102
RTVSPost2010PropOp49
 70
     1
102
RTVSPost2010Prop50
 90
       50
102
RTVSPost2010PropOp50
 70
     1
102
RTVSPost2010Prop51ColorIndex
 90
      256
102
RTVSPost2010Prop51ColorRGB
 90
-16777216
102
RTVSPost2010PropOp51
 70
     0
102
RTVSPost2010Prop52
140
1.0
102
RTVSPost2010PropOp52
 70
     0
102
RTVSPost2010Prop53
 90
        2
102
RTVSPost2010PropOp53
 70
     1
102
RTVSPost2010Prop54
  1
strokes_ogs.tif
102
RTVSPost2010PropOp54
 70
     1
102
RTVSPost2010Prop55
280
     0
102
RTVSPost2010PropOp55
 70
     1
102
RTVSPost2010Prop56
140
1.0
102
RTVSPost2010PropOp56
 70
     1
102
RTVSPost2010Prop57
140
1.0
102
RTVSPost2010PropOp57
 70
     1
  0
XRECORD
  5
774
102
{ACAD_REACTORS
330
773
102
}
330
773
100
AcDbXrecord
280
     1
102
RTVSPropertyOp0
 70
     1
102
RTVSPropertyOp1
 70
     1
102
RTVSPropertyOp2
 70
     1
102
RTVSPropertyOp3
 70
     1
102
RTVSPropertyOp4
 70
     1
102
RTVSPropertyOp5
 70
     1
102
RTVSPropertyOp6
 70
     1
102
RTVSPropertyOp7
 70
     1
102
RTVSPropertyOp8
 70
     1
102
RTVSPropertyOp9
 70
     1
102
RTVSPropertyOp10
 70
     1
102
RTVSPropertyOp11
 70
     1
102
RTVSPropertyOp12
 70
     1
102
RTVSPropertyOp13
 70
     1
102
RTVSPropertyOp14
 70
     1
102
RTVSPropertyOp15
 70
     1
102
RTVSPropertyOp16
 70
     1
102
RTVSPropertyOp17
 70
     1
102
RTVSPropertyOp18
 70
     1
102
RTVSPropertyOp19
 70
     1
102
RTVSPropertyOp20
 70
     1
102
RTVSPropertyOp21
 70
     1
102
RTVSPropertyOp22
 70
     1
102
RTVSPropertyOp23
 70
     1
102
RTVSPropertyOp24
 70
     1
102
RTVSPropertyOp25
 70
     1
102
RTVSPropertyOp26
 70
     1
102
RTVSPropertyOp27
 70
     1
102
RTVSPropertyOp28
 70
     1
102
RTVSPropertyOp29
 70
     1
102
RTVSPropertyOp30
 70
     1
102
RTVSPropertyOp31
 70
     1
102
RTVSPropertyOp32
 70
     1
102
RTVSPropertyOp33
 70
     1
102
RTVSPropertyOp34
 70
     1
102
RTVSPropertyOp35
 70
     1
102
RTVSPropertyOp36
 70
     1
102
RTVSPropertyOp37
 70
     1
102
RTVSPropertyOp38
 70
     1
102
RTVSPropertyOp39
 70
     1
102
RTVSPropertyOp40
 70
     1
102
RTVSPropertyOp41
 70
     1
102
RTVSPropertyOp42
 70
     1
102
RTVSPropertyOp43
 70
     1
102
RTVSPropertyOp44
 70
     1
102
RTVSPropertyOp45
 70
     1
102
RTVSPropertyOp46
 70
     1
102
RTVSPropertyOp47
 70
     1
102
RTVSPropertyOp48
 70
     1
102
RTVSPropertyOp49
 70
     1
102
RTVSPropertyOp50
 70
     1
102
RTVSPropertyOp51
 70
     0
102
RTVSPropertyOp52
 70
     0
102
RTVSPropertyOp53
 70
     1
102
RTVSPropertyOp54
 70
     1
102
RTVSPropertyOp55
 70
     1
102
RTVSPropertyOp56
 70
     1
102
RTVSPropertyOp57
 70
     1
102
RTVSPost2010Prop28
280
     0
102
RTVSPost2010PropOp28
 70
     1
102
RTVSPost2010Prop29
280
     1
102
RTVSPost2010PropOp29
 70
     1
102
RTVSPost2010Prop30
280
     1
102
RTVSPost2010PropOp30
 70
     1
102
RTVSPost2010Prop31
280
     0
102
RTVSPost2010PropOp31
 70
     1
102
RTVSPost2010Prop32
280
     0
102
RTVSPost2010PropOp32
 70
     1
102
RTVSPost2010Prop33
280
     0
102
RTVSPost2010PropOp33
 70
     1
102
RTVSPost2010Prop34
280
     0
102
RTVSPost2010PropOp34
 70
     1
102
RTVSPost2010Prop35
280
     0
102
RTVSPost2010PropOp35
 70
     1
102
RTVSPost2010Prop36
280
     0
102
RTVSPost2010PropOp36
 70
     1
102
RTVSPost2010Prop37
 90
       50
102
RTVSPost2010PropOp37
 70
     1
102
RTVSPost2010Prop38
140
0.0
102
RTVSPost2010PropOp38
 70
     1
102
RTVSPost2010Prop39
140
1.0
102
RTVSPost2010PropOp39
 70
     1
102
RTVSPost2010Prop40
 90
        0
102
RTVSPost2010PropOp40
 70
     1
102
RTVSPost2010Prop41ColorIndex
 90
       18
102
RTVSPost2010Prop41ColorRGB
 90
        0
102
RTVSPost2010PropOp41
 70
     1
102
RTVSPost2010Prop42
 90
       50
102
RTVSPost2010PropOp42
 70
     1
102
RTVSPost2010Prop43
 90
        3
102
RTVSPost2010PropOp43
 70
     1
102
RTVSPost2010Prop44ColorIndex
 90
        5
102
RTVSPost2010Prop44ColorRGB
 90
      255
102
RTVSPost2010PropOp44
 70
     1
102
RTVSPost2010Prop45
280
     0
102
RTVSPost2010PropOp45
 70
     1
102
RTVSPost2010Prop46
 90
       50
102
RTVSPost2010PropOp46
 70
     1
102
RTVSPost2010Prop47
 90
       50
102
RTVSPost2010PropOp47
 70
     1
102
RTVSPost2010Prop48
 90
       50
102
RTVSPost2010PropOp48
 70
     1
102
RTVSPost2010Prop49
280
     0
102
RTVSPost2010PropOp49
 70
     1
102
RTVSPost2010Prop50
 90
       50
102
RTVSPost2010PropOp50
 70
     1
102
RTVSPost2010Prop51ColorIndex
 90
      256
102
RTVSPost2010Prop51ColorRGB
 90
-16777216
102
RTVSPost2010PropOp51
 70
     0
102
RTVSPost2010Prop52
140
1.0
102
RTVSPost2010PropOp52
 70
     0
102
RTVSPost2010Prop53
 90
        2
102
RTVSPost2010PropOp53
 70
     1
102
RTVSPost2010Prop54
  1
strokes_ogs.tif
102
RTVSPost2010PropOp54
 70
     1
102
RTVSPost2010Prop55
280
     0
102
RTVSPost2010PropOp55
 70
     1
102
RTVSPost2010Prop56
140
1.0
102
RTVSPost2010PropOp56
 70
     1
102
RTVSPost2010Prop57
140
1.0
102
RTVSPost2010PropOp57
 70
     1
  0
XRECORD
  5
772
102
{ACAD_REACTORS
330
771
102
}
330
771
100
AcDbXrecord
280
     1
102
RTVSPropertyOp0
 70
     1
102
RTVSPropertyOp1
 70
     1
102
RTVSPropertyOp2
 70
     1
102
RTVSPropertyOp3
 70
     1
102
RTVSPropertyOp4
 70
     1
102
RTVSPropertyOp5
 70
     1
102
RTVSPropertyOp6
 70
     1
102
RTVSPropertyOp7
 70
     1
102
RTVSPropertyOp8
 70
     1
102
RTVSPropertyOp9
 70
     1
102
RTVSPropertyOp10
 70
     1
102
RTVSPropertyOp11
 70
     1
102
RTVSPropertyOp12
 70
     1
102
RTVSPropertyOp13
 70
     1
102
RTVSPropertyOp14
 70
     1
102
RTVSPropertyOp15
 70
     1
102
RTVSPropertyOp16
 70
     1
102
RTVSPropertyOp17
 70
     1
102
RTVSPropertyOp18
 70
     1
102
RTVSPropertyOp19
 70
     1
102
RTVSPropertyOp20
 70
     1
102
RTVSPropertyOp21
 70
     1
102
RTVSPropertyOp22
 70
     1
102
RTVSPropertyOp23
 70
     1
102
RTVSPropertyOp24
 70
     1
102
RTVSPropertyOp25
 70
     1
102
RTVSPropertyOp26
 70
     1
102
RTVSPropertyOp27
 70
     1
102
RTVSPropertyOp28
 70
     1
102
RTVSPropertyOp29
 70
     1
102
RTVSPropertyOp30
 70
     1
102
RTVSPropertyOp31
 70
     1
102
RTVSPropertyOp32
 70
     1
102
RTVSPropertyOp33
 70
     1
102
RTVSPropertyOp34
 70
     1
102
RTVSPropertyOp35
 70
     1
102
RTVSPropertyOp36
 70
     1
102
RTVSPropertyOp37
 70
     1
102
RTVSPropertyOp38
 70
     1
102
RTVSPropertyOp39
 70
     1
102
RTVSPropertyOp40
 70
     1
102
RTVSPropertyOp41
 70
     1
102
RTVSPropertyOp42
 70
     1
102
RTVSPropertyOp43
 70
     1
102
RTVSPropertyOp44
 70
     1
102
RTVSPropertyOp45
 70
     1
102
RTVSPropertyOp46
 70
     1
102
RTVSPropertyOp47
 70
     1
102
RTVSPropertyOp48
 70
     1
102
RTVSPropertyOp49
 70
     1
102
RTVSPropertyOp50
 70
     1
102
RTVSPropertyOp51
 70
     0
102
RTVSPropertyOp52
 70
     0
102
RTVSPropertyOp53
 70
     1
102
RTVSPropertyOp54
 70
     1
102
RTVSPropertyOp55
 70
     1
102
RTVSPropertyOp56
 70
     1
102
RTVSPropertyOp57
 70
     1
102
RTVSPost2010Prop28
280
     0
102
RTVSPost2010PropOp28
 70
     1
102
RTVSPost2010Prop29
280
     1
102
RTVSPost2010PropOp29
 70
     1
102
RTVSPost2010Prop30
280
     1
102
RTVSPost2010PropOp30
 70
     1
102
RTVSPost2010Prop31
280
     0
102
RTVSPost2010PropOp31
 70
     1
102
RTVSPost2010Prop32
280
     0
102
RTVSPost2010PropOp32
 70
     1
102
RTVSPost2010Prop33
280
     0
102
RTVSPost2010PropOp33
 70
     1
102
RTVSPost2010Prop34
280
     0
102
RTVSPost2010PropOp34
 70
     1
102
RTVSPost2010Prop35
280
     0
102
RTVSPost2010PropOp35
 70
     1
102
RTVSPost2010Prop36
280
     0
102
RTVSPost2010PropOp36
 70
     1
102
RTVSPost2010Prop37
 90
       50
102
RTVSPost2010PropOp37
 70
     1
102
RTVSPost2010Prop38
140
0.0
102
RTVSPost2010PropOp38
 70
     1
102
RTVSPost2010Prop39
140
1.0
102
RTVSPost2010PropOp39
 70
     1
102
RTVSPost2010Prop40
 90
        0
102
RTVSPost2010PropOp40
 70
     1
102
RTVSPost2010Prop41ColorIndex
 90
       18
102
RTVSPost2010Prop41ColorRGB
 90
        0
102
RTVSPost2010PropOp41
 70
     1
102
RTVSPost2010Prop42
 90
       50
102
RTVSPost2010PropOp42
 70
     1
102
RTVSPost2010Prop43
 90
        3
102
RTVSPost2010PropOp43
 70
     1
102
RTVSPost2010Prop44ColorIndex
 90
        5
102
RTVSPost2010Prop44ColorRGB
 90
      255
102
RTVSPost2010PropOp44
 70
     1
102
RTVSPost2010Prop45
280
     0
102
RTVSPost2010PropOp45
 70
     1
102
RTVSPost2010Prop46
 90
       50
102
RTVSPost2010PropOp46
 70
     1
102
RTVSPost2010Prop47
 90
       50
102
RTVSPost2010PropOp47
 70
     1
102
RTVSPost2010Prop48
 90
       50
102
RTVSPost2010PropOp48
 70
     1
102
RTVSPost2010Prop49
280
     0
102
RTVSPost2010PropOp49
 70
     1
102
RTVSPost2010Prop50
 90
       50
102
RTVSPost2010PropOp50
 70
     1
102
RTVSPost2010Prop51ColorIndex
 90
      256
102
RTVSPost2010Prop51ColorRGB
 90
-16777216
102
RTVSPost2010PropOp51
 70
     0
102
RTVSPost2010Prop52
140
1.0
102
RTVSPost2010PropOp52
 70
     0
102
RTVSPost2010Prop53
 90
        2
102
RTVSPost2010PropOp53
 70
     1
102
RTVSPost2010Prop54
  1
strokes_ogs.tif
102
RTVSPost2010PropOp54
 70
     1
102
RTVSPost2010Prop55
280
     0
102
RTVSPost2010PropOp55
 70
     1
102
RTVSPost2010Prop56
140
1.0
102
RTVSPost2010PropOp56
 70
     1
102
RTVSPost2010Prop57
140
1.0
102
RTVSPost2010PropOp57
 70
     1
  0
XRECORD
  5
76C
102
{ACAD_REACTORS
330
76B
102
}
330
76B
100
AcDbXrecord
280
     1
102
RTVSPropertyOp0
 70
     1
102
RTVSPropertyOp1
 70
     1
102
RTVSPropertyOp2
 70
     1
102
RTVSPropertyOp3
 70
     1
102
RTVSPropertyOp4
 70
     1
102
RTVSPropertyOp5
 70
     1
102
RTVSPropertyOp6
 70
     1
102
RTVSPropertyOp7
 70
     1
102
RTVSPropertyOp8
 70
     1
102
RTVSPropertyOp9
 70
     1
102
RTVSPropertyOp10
 70
     1
102
RTVSPropertyOp11
 70
     1
102
RTVSPropertyOp12
 70
     1
102
RTVSPropertyOp13
 70
     1
102
RTVSPropertyOp14
 70
     1
102
RTVSPropertyOp15
 70
     1
102
RTVSPropertyOp16
 70
     1
102
RTVSPropertyOp17
 70
     1
102
RTVSPropertyOp18
 70
     1
102
RTVSPropertyOp19
 70
     1
102
RTVSPropertyOp20
 70
     1
102
RTVSPropertyOp21
 70
     1
102
RTVSPropertyOp22
 70
     1
102
RTVSPropertyOp23
 70
     1
102
RTVSPropertyOp24
 70
     1
102
RTVSPropertyOp25
 70
     1
102
RTVSPropertyOp26
 70
     1
102
RTVSPropertyOp27
 70
     1
102
RTVSPropertyOp28
 70
     1
102
RTVSPropertyOp29
 70
     1
102
RTVSPropertyOp30
 70
     1
102
RTVSPropertyOp31
 70
     1
102
RTVSPropertyOp32
 70
     1
102
RTVSPropertyOp33
 70
     1
102
RTVSPropertyOp34
 70
     1
102
RTVSPropertyOp35
 70
     1
102
RTVSPropertyOp36
 70
     1
102
RTVSPropertyOp37
 70
     1
102
RTVSPropertyOp38
 70
     1
102
RTVSPropertyOp39
 70
     1
102
RTVSPropertyOp40
 70
     1
102
RTVSPropertyOp41
 70
     1
102
RTVSPropertyOp42
 70
     1
102
RTVSPropertyOp43
 70
     1
102
RTVSPropertyOp44
 70
     1
102
RTVSPropertyOp45
 70
     1
102
RTVSPropertyOp46
 70
     1
102
RTVSPropertyOp47
 70
     1
102
RTVSPropertyOp48
 70
     1
102
RTVSPropertyOp49
 70
     1
102
RTVSPropertyOp50
 70
     1
102
RTVSPropertyOp51
 70
     0
102
RTVSPropertyOp52
 70
     0
102
RTVSPropertyOp53
 70
     1
102
RTVSPropertyOp54
 70
     1
102
RTVSPropertyOp55
 70
     1
102
RTVSPropertyOp56
 70
     1
102
RTVSPropertyOp57
 70
     1
102
RTVSPost2010Prop28
280
     0
102
RTVSPost2010PropOp28
 70
     1
102
RTVSPost2010Prop29
280
     1
102
RTVSPost2010PropOp29
 70
     1
102
RTVSPost2010Prop30
280
     1
102
RTVSPost2010PropOp30
 70
     1
102
RTVSPost2010Prop31
280
     0
102
RTVSPost2010PropOp31
 70
     1
102
RTVSPost2010Prop32
280
     0
102
RTVSPost2010PropOp32
 70
     1
102
RTVSPost2010Prop33
280
     0
102
RTVSPost2010PropOp33
 70
     1
102
RTVSPost2010Prop34
280
     0
102
RTVSPost2010PropOp34
 70
     1
102
RTVSPost2010Prop35
280
     0
102
RTVSPost2010PropOp35
 70
     1
102
RTVSPost2010Prop36
280
     0
102
RTVSPost2010PropOp36
 70
     1
102
RTVSPost2010Prop37
 90
       50
102
RTVSPost2010PropOp37
 70
     1
102
RTVSPost2010Prop38
140
0.0
102
RTVSPost2010PropOp38
 70
     1
102
RTVSPost2010Prop39
140
1.0
102
RTVSPost2010PropOp39
 70
     1
102
RTVSPost2010Prop40
 90
        0
102
RTVSPost2010PropOp40
 70
     1
102
RTVSPost2010Prop41ColorIndex
 90
       18
102
RTVSPost2010Prop41ColorRGB
 90
        0
102
RTVSPost2010PropOp41
 70
     1
102
RTVSPost2010Prop42
 90
       50
102
RTVSPost2010PropOp42
 70
     1
102
RTVSPost2010Prop43
 90
        3
102
RTVSPost2010PropOp43
 70
     1
102
RTVSPost2010Prop44ColorIndex
 90
        5
102
RTVSPost2010Prop44ColorRGB
 90
      255
102
RTVSPost2010PropOp44
 70
     1
102
RTVSPost2010Prop45
280
     0
102
RTVSPost2010PropOp45
 70
     1
102
RTVSPost2010Prop46
 90
       50
102
RTVSPost2010PropOp46
 70
     1
102
RTVSPost2010Prop47
 90
       50
102
RTVSPost2010PropOp47
 70
     1
102
RTVSPost2010Prop48
 90
       50
102
RTVSPost2010PropOp48
 70
     1
102
RTVSPost2010Prop49
280
     0
102
RTVSPost2010PropOp49
 70
     1
102
RTVSPost2010Prop50
 90
       50
102
RTVSPost2010PropOp50
 70
     1
102
RTVSPost2010Prop51ColorIndex
 90
      256
102
RTVSPost2010Prop51ColorRGB
 90
-16777216
102
RTVSPost2010PropOp51
 70
     0
102
RTVSPost2010Prop52
140
1.0
102
RTVSPost2010PropOp52
 70
     0
102
RTVSPost2010Prop53
 90
        2
102
RTVSPost2010PropOp53
 70
     1
102
RTVSPost2010Prop54
  1
strokes_ogs.tif
102
RTVSPost2010PropOp54
 70
     1
102
RTVSPost2010Prop55
280
     0
102
RTVSPost2010PropOp55
 70
     1
102
RTVSPost2010Prop56
140
1.0
102
RTVSPost2010PropOp56
 70
     1
102
RTVSPost2010Prop57
140
1.0
102
RTVSPost2010PropOp57
 70
     1
  0
XRECORD
  5
76E
102
{ACAD_REACTORS
330
76D
102
}
330
76D
100
AcDbXrecord
280
     1
102
RTVSPropertyOp0
 70
     1
102
RTVSPropertyOp1
 70
     1
102
RTVSPropertyOp2
 70
     1
102
RTVSPropertyOp3
 70
     1
102
RTVSPropertyOp4
 70
     1
102
RTVSPropertyOp5
 70
     1
102
RTVSPropertyOp6
 70
     1
102
RTVSPropertyOp7
 70
     1
102
RTVSPropertyOp8
 70
     1
102
RTVSPropertyOp9
 70
     1
102
RTVSPropertyOp10
 70
     1
102
RTVSPropertyOp11
 70
     1
102
RTVSPropertyOp12
 70
     1
102
RTVSPropertyOp13
 70
     1
102
RTVSPropertyOp14
 70
     1
102
RTVSPropertyOp15
 70
     1
102
RTVSPropertyOp16
 70
     1
102
RTVSPropertyOp17
 70
     1
102
RTVSPropertyOp18
 70
     1
102
RTVSPropertyOp19
 70
     1
102
RTVSPropertyOp20
 70
     1
102
RTVSPropertyOp21
 70
     1
102
RTVSPropertyOp22
 70
     1
102
RTVSPropertyOp23
 70
     1
102
RTVSPropertyOp24
 70
     1
102
RTVSPropertyOp25
 70
     1
102
RTVSPropertyOp26
 70
     1
102
RTVSPropertyOp27
 70
     1
102
RTVSPropertyOp28
 70
     1
102
RTVSPropertyOp29
 70
     1
102
RTVSPropertyOp30
 70
     1
102
RTVSPropertyOp31
 70
     1
102
RTVSPropertyOp32
 70
     1
102
RTVSPropertyOp33
 70
     1
102
RTVSPropertyOp34
 70
     1
102
RTVSPropertyOp35
 70
     1
102
RTVSPropertyOp36
 70
     1
102
RTVSPropertyOp37
 70
     1
102
RTVSPropertyOp38
 70
     1
102
RTVSPropertyOp39
 70
     1
102
RTVSPropertyOp40
 70
     1
102
RTVSPropertyOp41
 70
     1
102
RTVSPropertyOp42
 70
     1
102
RTVSPropertyOp43
 70
     1
102
RTVSPropertyOp44
 70
     1
102
RTVSPropertyOp45
 70
     1
102
RTVSPropertyOp46
 70
     1
102
RTVSPropertyOp47
 70
     1
102
RTVSPropertyOp48
 70
     1
102
RTVSPropertyOp49
 70
     1
102
RTVSPropertyOp50
 70
     1
102
RTVSPropertyOp51
 70
     0
102
RTVSPropertyOp52
 70
     0
102
RTVSPropertyOp53
 70
     1
102
RTVSPropertyOp54
 70
     1
102
RTVSPropertyOp55
 70
     1
102
RTVSPropertyOp56
 70
     1
102
RTVSPropertyOp57
 70
     1
102
RTVSPost2010Prop28
280
     0
102
RTVSPost2010PropOp28
 70
     1
102
RTVSPost2010Prop29
280
     1
102
RTVSPost2010PropOp29
 70
     1
102
RTVSPost2010Prop30
280
     1
102
RTVSPost2010PropOp30
 70
     1
102
RTVSPost2010Prop31
280
     0
102
RTVSPost2010PropOp31
 70
     1
102
RTVSPost2010Prop32
280
     0
102
RTVSPost2010PropOp32
 70
     1
102
RTVSPost2010Prop33
280
     0
102
RTVSPost2010PropOp33
 70
     1
102
RTVSPost2010Prop34
280
     0
102
RTVSPost2010PropOp34
 70
     1
102
RTVSPost2010Prop35
280
     0
102
RTVSPost2010PropOp35
 70
     1
102
RTVSPost2010Prop36
280
     0
102
RTVSPost2010PropOp36
 70
     1
102
RTVSPost2010Prop37
 90
       50
102
RTVSPost2010PropOp37
 70
     1
102
RTVSPost2010Prop38
140
0.0
102
RTVSPost2010PropOp38
 70
     1
102
RTVSPost2010Prop39
140
1.0
102
RTVSPost2010PropOp39
 70
     1
102
RTVSPost2010Prop40
 90
        0
102
RTVSPost2010PropOp40
 70
     1
102
RTVSPost2010Prop41ColorIndex
 90
       18
102
RTVSPost2010Prop41ColorRGB
 90
        0
102
RTVSPost2010PropOp41
 70
     1
102
RTVSPost2010Prop42
 90
       50
102
RTVSPost2010PropOp42
 70
     1
102
RTVSPost2010Prop43
 90
        3
102
RTVSPost2010PropOp43
 70
     1
102
RTVSPost2010Prop44ColorIndex
 90
        5
102
RTVSPost2010Prop44ColorRGB
 90
      255
102
RTVSPost2010PropOp44
 70
     1
102
RTVSPost2010Prop45
280
     0
102
RTVSPost2010PropOp45
 70
     1
102
RTVSPost2010Prop46
 90
       50
102
RTVSPost2010PropOp46
 70
     1
102
RTVSPost2010Prop47
 90
       50
102
RTVSPost2010PropOp47
 70
     1
102
RTVSPost2010Prop48
 90
       50
102
RTVSPost2010PropOp48
 70
     1
102
RTVSPost2010Prop49
280
     0
102
RTVSPost2010PropOp49
 70
     1
102
RTVSPost2010Prop50
 90
       50
102
RTVSPost2010PropOp50
 70
     1
102
RTVSPost2010Prop51ColorIndex
 90
      256
102
RTVSPost2010Prop51ColorRGB
 90
-16777216
102
RTVSPost2010PropOp51
 70
     0
102
RTVSPost2010Prop52
140
1.0
102
RTVSPost2010PropOp52
 70
     0
102
RTVSPost2010Prop53
 90
        2
102
RTVSPost2010PropOp53
 70
     1
102
RTVSPost2010Prop54
  1
strokes_ogs.tif
102
RTVSPost2010PropOp54
 70
     1
102
RTVSPost2010Prop55
280
     0
102
RTVSPost2010PropOp55
 70
     1
102
RTVSPost2010Prop56
140
1.0
102
RTVSPost2010PropOp56
 70
     1
102
RTVSPost2010Prop57
140
1.0
102
RTVSPost2010PropOp57
 70
     1
  0
XRECORD
  5
75E
102
{ACAD_REACTORS
330
75D
102
}
330
75D
100
AcDbXrecord
280
     1
102
RTVSPropertyOp0
 70
     1
102
RTVSPropertyOp1
 70
     1
102
RTVSPropertyOp2
 70
     1
102
RTVSPropertyOp3
 70
     1
102
RTVSPropertyOp4
 70
     1
102
RTVSPropertyOp5
 70
     1
102
RTVSPropertyOp6
 70
     1
102
RTVSPropertyOp7
 70
     1
102
RTVSPropertyOp8
 70
     1
102
RTVSPropertyOp9
 70
     1
102
RTVSPropertyOp10
 70
     1
102
RTVSPropertyOp11
 70
     1
102
RTVSPropertyOp12
 70
     1
102
RTVSPropertyOp13
 70
     1
102
RTVSPropertyOp14
 70
     1
102
RTVSPropertyOp15
 70
     1
102
RTVSPropertyOp16
 70
     1
102
RTVSPropertyOp17
 70
     1
102
RTVSPropertyOp18
 70
     1
102
RTVSPropertyOp19
 70
     1
102
RTVSPropertyOp20
 70
     1
102
RTVSPropertyOp21
 70
     1
102
RTVSPropertyOp22
 70
     1
102
RTVSPropertyOp23
 70
     1
102
RTVSPropertyOp24
 70
     1
102
RTVSPropertyOp25
 70
     1
102
RTVSPropertyOp26
 70
     1
102
RTVSPropertyOp27
 70
     1
102
RTVSPropertyOp28
 70
     1
102
RTVSPropertyOp29
 70
     1
102
RTVSPropertyOp30
 70
     1
102
RTVSPropertyOp31
 70
     1
102
RTVSPropertyOp32
 70
     1
102
RTVSPropertyOp33
 70
     1
102
RTVSPropertyOp34
 70
     1
102
RTVSPropertyOp35
 70
     1
102
RTVSPropertyOp36
 70
     1
102
RTVSPropertyOp37
 70
     1
102
RTVSPropertyOp38
 70
     1
102
RTVSPropertyOp39
 70
     1
102
RTVSPropertyOp40
 70
     1
102
RTVSPropertyOp41
 70
     1
102
RTVSPropertyOp42
 70
     1
102
RTVSPropertyOp43
 70
     1
102
RTVSPropertyOp44
 70
     1
102
RTVSPropertyOp45
 70
     1
102
RTVSPropertyOp46
 70
     1
102
RTVSPropertyOp47
 70
     1
102
RTVSPropertyOp48
 70
     1
102
RTVSPropertyOp49
 70
     1
102
RTVSPropertyOp50
 70
     1
102
RTVSPropertyOp51
 70
     0
102
RTVSPropertyOp52
 70
     0
102
RTVSPropertyOp53
 70
     1
102
RTVSPropertyOp54
 70
     1
102
RTVSPropertyOp55
 70
     1
102
RTVSPropertyOp56
 70
     1
102
RTVSPropertyOp57
 70
     1
102
RTVSPost2010Prop28
280
     0
102
RTVSPost2010PropOp28
 70
     1
102
RTVSPost2010Prop29
280
     1
102
RTVSPost2010PropOp29
 70
     1
102
RTVSPost2010Prop30
280
     1
102
RTVSPost2010PropOp30
 70
     1
102
RTVSPost2010Prop31
280
     0
102
RTVSPost2010PropOp31
 70
     1
102
RTVSPost2010Prop32
280
     0
102
RTVSPost2010PropOp32
 70
     1
102
RTVSPost2010Prop33
280
     0
102
RTVSPost2010PropOp33
 70
     1
102
RTVSPost2010Prop34
280
     0
102
RTVSPost2010PropOp34
 70
     1
102
RTVSPost2010Prop35
280
     0
102
RTVSPost2010PropOp35
 70
     1
102
RTVSPost2010Prop36
280
     0
102
RTVSPost2010PropOp36
 70
     1
102
RTVSPost2010Prop37
 90
       50
102
RTVSPost2010PropOp37
 70
     1
102
RTVSPost2010Prop38
140
0.0
102
RTVSPost2010PropOp38
 70
     1
102
RTVSPost2010Prop39
140
1.0
102
RTVSPost2010PropOp39
 70
     1
102
RTVSPost2010Prop40
 90
        0
102
RTVSPost2010PropOp40
 70
     1
102
RTVSPost2010Prop41ColorIndex
 90
       18
102
RTVSPost2010Prop41ColorRGB
 90
        0
102
RTVSPost2010PropOp41
 70
     1
102
RTVSPost2010Prop42
 90
       50
102
RTVSPost2010PropOp42
 70
     1
102
RTVSPost2010Prop43
 90
        3
102
RTVSPost2010PropOp43
 70
     1
102
RTVSPost2010Prop44ColorIndex
 90
        5
102
RTVSPost2010Prop44ColorRGB
 90
      255
102
RTVSPost2010PropOp44
 70
     1
102
RTVSPost2010Prop45
280
     0
102
RTVSPost2010PropOp45
 70
     1
102
RTVSPost2010Prop46
 90
       50
102
RTVSPost2010PropOp46
 70
     1
102
RTVSPost2010Prop47
 90
       50
102
RTVSPost2010PropOp47
 70
     1
102
RTVSPost2010Prop48
 90
       50
102
RTVSPost2010PropOp48
 70
     1
102
RTVSPost2010Prop49
280
     0
102
RTVSPost2010PropOp49
 70
     1
102
RTVSPost2010Prop50
 90
       50
102
RTVSPost2010PropOp50
 70
     1
102
RTVSPost2010Prop51ColorIndex
 90
      256
102
RTVSPost2010Prop51ColorRGB
 90
-16777216
102
RTVSPost2010PropOp51
 70
     0
102
RTVSPost2010Prop52
140
1.0
102
RTVSPost2010PropOp52
 70
     0
102
RTVSPost2010Prop53
 90
        2
102
RTVSPost2010PropOp53
 70
     1
102
RTVSPost2010Prop54
  1
strokes_ogs.tif
102
RTVSPost2010PropOp54
 70
     1
102
RTVSPost2010Prop55
280
     0
102
RTVSPost2010PropOp55
 70
     1
102
RTVSPost2010Prop56
140
1.0
102
RTVSPost2010PropOp56
 70
     1
102
RTVSPost2010Prop57
140
1.0
102
RTVSPost2010PropOp57
 70
     1
  0
XRECORD
  5
750
102
{ACAD_REACTORS
330
74F
102
}
330
74F
100
AcDbXrecord
280
     1
102
RTVSPropertyOp0
 70
     1
102
RTVSPropertyOp1
 70
     1
102
RTVSPropertyOp2
 70
     1
102
RTVSPropertyOp3
 70
     1
102
RTVSPropertyOp4
 70
     1
102
RTVSPropertyOp5
 70
     1
102
RTVSPropertyOp6
 70
     1
102
RTVSPropertyOp7
 70
     1
102
RTVSPropertyOp8
 70
     1
102
RTVSPropertyOp9
 70
     1
102
RTVSPropertyOp10
 70
     1
102
RTVSPropertyOp11
 70
     1
102
RTVSPropertyOp12
 70
     1
102
RTVSPropertyOp13
 70
     1
102
RTVSPropertyOp14
 70
     1
102
RTVSPropertyOp15
 70
     1
102
RTVSPropertyOp16
 70
     1
102
RTVSPropertyOp17
 70
     1
102
RTVSPropertyOp18
 70
     1
102
RTVSPropertyOp19
 70
     1
102
RTVSPropertyOp20
 70
     1
102
RTVSPropertyOp21
 70
     1
102
RTVSPropertyOp22
 70
     1
102
RTVSPropertyOp23
 70
     1
102
RTVSPropertyOp24
 70
     1
102
RTVSPropertyOp25
 70
     1
102
RTVSPropertyOp26
 70
     1
102
RTVSPropertyOp27
 70
     1
102
RTVSPropertyOp28
 70
     1
102
RTVSPropertyOp29
 70
     1
102
RTVSPropertyOp30
 70
     1
102
RTVSPropertyOp31
 70
     1
102
RTVSPropertyOp32
 70
     1
102
RTVSPropertyOp33
 70
     1
102
RTVSPropertyOp34
 70
     1
102
RTVSPropertyOp35
 70
     1
102
RTVSPropertyOp36
 70
     1
102
RTVSPropertyOp37
 70
     1
102
RTVSPropertyOp38
 70
     1
102
RTVSPropertyOp39
 70
     1
102
RTVSPropertyOp40
 70
     1
102
RTVSPropertyOp41
 70
     1
102
RTVSPropertyOp42
 70
     1
102
RTVSPropertyOp43
 70
     1
102
RTVSPropertyOp44
 70
     1
102
RTVSPropertyOp45
 70
     1
102
RTVSPropertyOp46
 70
     1
102
RTVSPropertyOp47
 70
     1
102
RTVSPropertyOp48
 70
     1
102
RTVSPropertyOp49
 70
     1
102
RTVSPropertyOp50
 70
     1
102
RTVSPropertyOp51
 70
     0
102
RTVSPropertyOp52
 70
     0
102
RTVSPropertyOp53
 70
     1
102
RTVSPropertyOp54
 70
     1
102
RTVSPropertyOp55
 70
     1
102
RTVSPropertyOp56
 70
     1
102
RTVSPropertyOp57
 70
     1
102
RTVSPost2010Prop28
280
     0
102
RTVSPost2010PropOp28
 70
     1
102
RTVSPost2010Prop29
280
     1
102
RTVSPost2010PropOp29
 70
     1
102
RTVSPost2010Prop30
280
     1
102
RTVSPost2010PropOp30
 70
     1
102
RTVSPost2010Prop31
280
     0
102
RTVSPost2010PropOp31
 70
     1
102
RTVSPost2010Prop32
280
     0
102
RTVSPost2010PropOp32
 70
     1
102
RTVSPost2010Prop33
280
     0
102
RTVSPost2010PropOp33
 70
     1
102
RTVSPost2010Prop34
280
     0
102
RTVSPost2010PropOp34
 70
     1
102
RTVSPost2010Prop35
280
     0
102
RTVSPost2010PropOp35
 70
     1
102
RTVSPost2010Prop36
280
     0
102
RTVSPost2010PropOp36
 70
     1
102
RTVSPost2010Prop37
 90
       50
102
RTVSPost2010PropOp37
 70
     1
102
RTVSPost2010Prop38
140
0.0
102
RTVSPost2010PropOp38
 70
     1
102
RTVSPost2010Prop39
140
1.0
102
RTVSPost2010PropOp39
 70
     1
102
RTVSPost2010Prop40
 90
        0
102
RTVSPost2010PropOp40
 70
     1
102
RTVSPost2010Prop41ColorIndex
 90
       18
102
RTVSPost2010Prop41ColorRGB
 90
        0
102
RTVSPost2010PropOp41
 70
     1
102
RTVSPost2010Prop42
 90
       50
102
RTVSPost2010PropOp42
 70
     1
102
RTVSPost2010Prop43
 90
        3
102
RTVSPost2010PropOp43
 70
     1
102
RTVSPost2010Prop44ColorIndex
 90
        5
102
RTVSPost2010Prop44ColorRGB
 90
      255
102
RTVSPost2010PropOp44
 70
     1
102
RTVSPost2010Prop45
280
     0
102
RTVSPost2010PropOp45
 70
     1
102
RTVSPost2010Prop46
 90
       50
102
RTVSPost2010PropOp46
 70
     1
102
RTVSPost2010Prop47
 90
       50
102
RTVSPost2010PropOp47
 70
     1
102
RTVSPost2010Prop48
 90
       50
102
RTVSPost2010PropOp48
 70
     1
102
RTVSPost2010Prop49
280
     0
102
RTVSPost2010PropOp49
 70
     1
102
RTVSPost2010Prop50
 90
       50
102
RTVSPost2010PropOp50
 70
     1
102
RTVSPost2010Prop51ColorIndex
 90
      256
102
RTVSPost2010Prop51ColorRGB
 90
-16777216
102
RTVSPost2010PropOp51
 70
     0
102
RTVSPost2010Prop52
140
1.0
102
RTVSPost2010PropOp52
 70
     0
102
RTVSPost2010Prop53
 90
        2
102
RTVSPost2010PropOp53
 70
     1
102
RTVSPost2010Prop54
  1
strokes_ogs.tif
102
RTVSPost2010PropOp54
 70
     1
102
RTVSPost2010Prop55
280
     0
102
RTVSPost2010PropOp55
 70
     1
102
RTVSPost2010Prop56
140
1.0
102
RTVSPost2010PropOp56
 70
     1
102
RTVSPost2010Prop57
140
1.0
102
RTVSPost2010PropOp57
 70
     1
  0
XRECORD
  5
770
102
{ACAD_REACTORS
330
76F
102
}
330
76F
100
AcDbXrecord
280
     1
102
RTVSPropertyOp0
 70
     1
102
RTVSPropertyOp1
 70
     1
102
RTVSPropertyOp2
 70
     1
102
RTVSPropertyOp3
 70
     1
102
RTVSPropertyOp4
 70
     1
102
RTVSPropertyOp5
 70
     1
102
RTVSPropertyOp6
 70
     1
102
RTVSPropertyOp7
 70
     1
102
RTVSPropertyOp8
 70
     1
102
RTVSPropertyOp9
 70
     1
102
RTVSPropertyOp10
 70
     1
102
RTVSPropertyOp11
 70
     1
102
RTVSPropertyOp12
 70
     1
102
RTVSPropertyOp13
 70
     1
102
RTVSPropertyOp14
 70
     1
102
RTVSPropertyOp15
 70
     1
102
RTVSPropertyOp16
 70
     1
102
RTVSPropertyOp17
 70
     1
102
RTVSPropertyOp18
 70
     1
102
RTVSPropertyOp19
 70
     1
102
RTVSPropertyOp20
 70
     1
102
RTVSPropertyOp21
 70
     1
102
RTVSPropertyOp22
 70
     1
102
RTVSPropertyOp23
 70
     1
102
RTVSPropertyOp24
 70
     1
102
RTVSPropertyOp25
 70
     1
102
RTVSPropertyOp26
 70
     1
102
RTVSPropertyOp27
 70
     1
102
RTVSPropertyOp28
 70
     1
102
RTVSPropertyOp29
 70
     1
102
RTVSPropertyOp30
 70
     1
102
RTVSPropertyOp31
 70
     1
102
RTVSPropertyOp32
 70
     1
102
RTVSPropertyOp33
 70
     1
102
RTVSPropertyOp34
 70
     1
102
RTVSPropertyOp35
 70
     1
102
RTVSPropertyOp36
 70
     1
102
RTVSPropertyOp37
 70
     1
102
RTVSPropertyOp38
 70
     1
102
RTVSPropertyOp39
 70
     1
102
RTVSPropertyOp40
 70
     1
102
RTVSPropertyOp41
 70
     1
102
RTVSPropertyOp42
 70
     1
102
RTVSPropertyOp43
 70
     1
102
RTVSPropertyOp44
 70
     1
102
RTVSPropertyOp45
 70
     1
102
RTVSPropertyOp46
 70
     1
102
RTVSPropertyOp47
 70
     1
102
RTVSPropertyOp48
 70
     1
102
RTVSPropertyOp49
 70
     1
102
RTVSPropertyOp50
 70
     1
102
RTVSPropertyOp51
 70
     0
102
RTVSPropertyOp52
 70
     0
102
RTVSPropertyOp53
 70
     1
102
RTVSPropertyOp54
 70
     1
102
RTVSPropertyOp55
 70
     1
102
RTVSPropertyOp56
 70
     1
102
RTVSPropertyOp57
 70
     1
102
RTVSPost2010Prop28
280
     0
102
RTVSPost2010PropOp28
 70
     1
102
RTVSPost2010Prop29
280
     1
102
RTVSPost2010PropOp29
 70
     1
102
RTVSPost2010Prop30
280
     1
102
RTVSPost2010PropOp30
 70
     1
102
RTVSPost2010Prop31
280
     0
102
RTVSPost2010PropOp31
 70
     1
102
RTVSPost2010Prop32
280
     0
102
RTVSPost2010PropOp32
 70
     1
102
RTVSPost2010Prop33
280
     0
102
RTVSPost2010PropOp33
 70
     1
102
RTVSPost2010Prop34
280
     0
102
RTVSPost2010PropOp34
 70
     1
102
RTVSPost2010Prop35
280
     0
102
RTVSPost2010PropOp35
 70
     1
102
RTVSPost2010Prop36
280
     0
102
RTVSPost2010PropOp36
 70
     1
102
RTVSPost2010Prop37
 90
       50
102
RTVSPost2010PropOp37
 70
     1
102
RTVSPost2010Prop38
140
0.0
102
RTVSPost2010PropOp38
 70
     1
102
RTVSPost2010Prop39
140
1.0
102
RTVSPost2010PropOp39
 70
     1
102
RTVSPost2010Prop40
 90
        0
102
RTVSPost2010PropOp40
 70
     1
102
RTVSPost2010Prop41ColorIndex
 90
       18
102
RTVSPost2010Prop41ColorRGB
 90
        0
102
RTVSPost2010PropOp41
 70
     1
102
RTVSPost2010Prop42
 90
       50
102
RTVSPost2010PropOp42
 70
     1
102
RTVSPost2010Prop43
 90
        3
102
RTVSPost2010PropOp43
 70
     1
102
RTVSPost2010Prop44ColorIndex
 90
        5
102
RTVSPost2010Prop44ColorRGB
 90
      255
102
RTVSPost2010PropOp44
 70
     1
102
RTVSPost2010Prop45
280
     0
102
RTVSPost2010PropOp45
 70
     1
102
RTVSPost2010Prop46
 90
       50
102
RTVSPost2010PropOp46
 70
     1
102
RTVSPost2010Prop47
 90
       50
102
RTVSPost2010PropOp47
 70
     1
102
RTVSPost2010Prop48
 90
       50
102
RTVSPost2010PropOp48
 70
     1
102
RTVSPost2010Prop49
280
     0
102
RTVSPost2010PropOp49
 70
     1
102
RTVSPost2010Prop50
 90
       50
102
RTVSPost2010PropOp50
 70
     1
102
RTVSPost2010Prop51ColorIndex
 90
      256
102
RTVSPost2010Prop51ColorRGB
 90
-16777216
102
RTVSPost2010PropOp51
 70
     0
102
RTVSPost2010Prop52
140
1.0
102
RTVSPost2010PropOp52
 70
     0
102
RTVSPost2010Prop53
 90
        2
102
RTVSPost2010PropOp53
 70
     1
102
RTVSPost2010Prop54
  1
strokes_ogs.tif
102
RTVSPost2010PropOp54
 70
     1
102
RTVSPost2010Prop55
280
     0
102
RTVSPost2010PropOp55
 70
     1
102
RTVSPost2010Prop56
140
1.0
102
RTVSPost2010PropOp56
 70
     1
102
RTVSPost2010Prop57
140
1.0
102
RTVSPost2010PropOp57
 70
     1
  0
ENDSEC
  0
EOF
